Número de registro na DPI ,Título do Projeto,Data de Registro,Início da vigência,Témino da vigência,Status,Órgão Financiador, Recursos Internos , Recursos Externos ,Bolsa Pesquisa,Mestrado/Doutorado,IC,Participação     Inicio e fim,Coordenador,Instituto Vinculado,Observações,Nota de mérito (projetos sem financiamento externo)
Atualização em 12-2020,,,,,,,,,,,,,,,,
,,,,,,,,,,,,,,,,
1,Convênio de Cooperação Técnico-Financeira para o desenvolvimento de ações integrantes do Programa Nacional de Conservação de Energia Elétrica - PROCEL,1/9/2008,set/08,set/12,Expirado,Eletrobrás,"R$ 199.296,00","R$ 1.662.082,00",21,1,0,09/2008 a 09/2012,Jamil Haddad,EXCEN/PROEX,Arquivado Caixa A,
2,Equipe Uai!rrior de robótica,1/2/2010,fev/10,jan/11,Expirado,,,,0,0,0,02/2010 a 01/2011,Tales Cleber Pimenta,IESTI,Arquivado Caixa A,
3,Ambiente Temático Interativo com Realidade Aumentada para Museu de Ciência e Tecnologia - ATIRA - MCT,1/6/2010,jun/10,mai/12,Expirado,CNPq e FAPEMIG,"R$ 0,00","R$ 124.020,00",5,0,0,06/2010 a 05/2012,Claudio Kirner,IMC,Arquivado Caixa A,
4,Reflexões sobre a Ideia de Desenvolvimento: Construção do Estado da Arte,1/8/2010,ago/10,ago/11,Expirado,,"R$ 0,00","R$ 0,00",0,0,0,08/2010 a 08/2011,Carlos Alberto Máximo Pimenta,IEPG,Arquivado Caixa A                  ,
5,Tecnologias para suporte ao processo de negociação,1/8/2010,ago/10,jul/12,Expirado,,"R$ 0,00","R$ 0,00",0,0,0,08/2010 a 07/2012,Melise Maria Veiga de Paula,IMC,Arquivado Caixa A  ,
6,"Implementação de um sistema de acionamento tiristorizado para viabilização de um grupo conversor rotativo 35[KVA], para os laboratórios didáticos da UNIFEI",1/11/2010,nov/10,nov/11,Expirado,,"R$ 0,00","R$ 0,00",0,0,0,11/2010 a 11/2011,Angelo José Junqueira Rezek,ISEE,Arquivado Caixa A  ,
7,Determinação da dureza de aços auxiliada pelo processamento digital de imagens,1/11/2010,nov/10,out/11,Expirado,,"R$ 0,00","R$ 0,00",0,0,0,11/2010 a 10/2011,Daniel Thomazini ,IEM,Arquivado Caixa A,
8,Estudo das Propriedades Elétricas e Magnéticas de Semicondutore III-V e IV-VI para aplicação em Spintronica,1/11/2010,nov/10,nov/12,Expirado,FAPEMIG,"R$ 0,00","R$ 49.907,21",0,0,0,11/2010 a 11/2012,Rero Marques Rubinger,IFQ,Arquivado Caixa A,
9,"Avaliação e desenvolvimento de tecnologias nas áreas de energia, petróleo, gás e meio ambiente ",1/12/2010,dez/10,nov/13,Expirado,CAPES,"R$ 0,00","R$ 12.960,00",0,0,0,12/2010 a 11/2013,Rogério José da Silva,IEM,Arquivado Caixa A,
10,Ambiente na Internet para Professores Desenvolverem Aplicações Educacionais com Realidade Aumentada,1/1/2011,jan/11,jan/14,Expirado,CNPq,"R$ 0,00","R$ 50.383,00",8,0,8,01/2011 a 01/2014,Claudio Kirner,IMC,Arquivado Caixa B,
11,Capacidade Inovadora de Empresas Industriais e Desempenho Econômico: Análise Econométrica para a Mesorregião Sul/Sudeste de Minas - Estudo para o Período de 2000 até 2010,1/1/2011,jan/11,mar/14,Expirado,,"R$ 0,00","R$ 0,00",0,0,0,04/2012 a 12/2014,Fred Leite Siqueira Campos,IEPG,Arquivado Caixa B,
12,"Inovação, Pesquisa e Prospecção Tecnológica: Estudo de Caso à UNIFEI para o Período 2008-2010",1/1/2011,jan/11,set/14,Expirado,,"R$ 0,00","R$ 0,00",0,0,0,09/2011 a 09/2014,Fred Leite Siqueira Campos,IEPG,Arquivado Caixa B,
13,"Caracterização Hidrológica da sal-Bacia do Ribeirão Piranguçu em Itajubá, Estado de Minas Gerais",3/1/2011,jan/11,dez/11,Expirado,,"R$ 0,00","R$ 0,00",0,0,0,01/2011 a 12/2011,Marcelo Ribeiro Barison,IRN,Arquivado Caixa A,
14,Propriedades Elétricas e Magnéticas de Semicondutore III-V e IV-VI para aplicação em Spintronica,1/3/2011,mar/11,fev/14,Expirado,FAPEMIG,"R$ 0,00","R$ 0,00",0,0,0,03/2011 a 02/2014,Rero Marques Rubinger,IFQ,Arquivado Caixa B,
15,Estudo e análise das propriedades do alimínio 7075 sobre a solubilização e envelhecimento,1/4/2011,jan/11,mar/12,Expirado,PET/SESU - MEC,"R$ 0,00","R$ 0,00",0,0,0,04/2011 a 03/2012,Mirian de Lourdes Noronha Motta Melo,IEM,Arquivado Caixa A,
16,Desenvolvimento e caracterização de materiais poliméricos para absorção de radiação eletromagnética ou para sensores de umidade,11/4/2011,nov/10,nov/12,Expirado,FAPEMIG,"R$ 0,00","R$ 47.040,00",1,0,0,11/2010 a 11/2012,Carla Patrícia Lacerda Rubinger,IFQ,Arquivado Caixa A,
17,A prática do Kendo,13/4/2011,fev/11,ago/11,Expirado,,,"R$ 0,00",,0,0,02/2011 a 08/2011,Rogério Rodrigues,IFQ,Arquivado Caixa A,Arquivado Caixa A
18,A prática do Kendo e a expressão do sentimento de luta,13/4/2011,fev/11,ago/11,Expirado,,"R$ 0,00","R$ 0,00",0,0,0,02/2011 a 08/2011,Rogério Rodrigues,IFQ,Arquivado Caixa A,
19,A Educação Física escolar entre a formação profissional e o mercado de trabalho,13/4/2011,fev/11,ago/11,Expirado,,"R$ 0,00","R$ 0,00",0,0,0,02/2011 a 08/2011,Rogério Rodrigues,IFQ,Arquivado Caixa A,
20,"Desenvolvimento, processamento e caracterização microestrutural e mecânica de aços bifásicos",14/4/2011,ago/10,jul/12,Expirado,,"R$ 0,00","R$ 0,00",0,0,0,04/2011 a 07/2012,Geovani Rodrigues,IEM,Arquivado Caixa A,
21,Estudo das Propriedades Mecânicas e de Resistência à Corrosão do Aço Superdúplex UNS S32520,28/4/2011,abr/11,mar/12,Expirado,PET Mecânica,"R$ 0,00","R$ 0,00",0,0,0,05/2011 a 03/2012,Silmara Cristina Baldissera Kabayama,IEM,Arquivado Caixa A,
22,Produção de cimento portland com o coprocessamento de resíduos industriais e o uso de mineralizadores,1/5/2011,mai/11,nov/12,Expirado,FAPEMIG,"R$ 0,00","R$ 184.191,00",0,0,0,05/2011 a 11/2012,Rogério José da Silva,IEM,Arquivado Caixa A,
23,Educação e Psicanálise - As dinâmicas das Práticas educativas e os mitos sobre as causas das dificuldades escolares: os problemas de aprendizagem,13/4/2011,nov/08,nov/10,Expirado,,"R$ 0,00","R$ 0,00",0,0,0,11/2008 a 11/2010,Rogério Rodrigues,IFQ,Arquivado Caixa A,
24,VISPUBLICA: Visualização de Dados Públicos,1/5/2011,mai/11,jul/19,Expirado,Ministério do Planejamento/COPPETEC,"R$ 0,00","R$ 10.800,00",0,0,0,05/2011 a 06/2019,Melise Maria Veiga de Paula,IMC,"Foi solicitado alteração do prazo de vigência  do projeto de Julho para junho de 2016, onde este projeto não poderá ser prorrogado novamente/ Prorrogado em 08/2018 para 12/2018/Prorrogado em 04/2019 para até 06/2019",
25,Ciência e Tecnologia da Informação Geográfica: Ampliando as Aplicações em Transportes e Logística,1/3/2011,mar/11,fev/14,Expirado,CNPq,,"R$ 39.600,00",0,0,0,03/2011 a 02/2014,Renato da Silva Lima,IEPG,Arquivado Caixa B,
26,"Levantamento das formulações necessárias para o cálculo do aumento de perdas elétricas em transformadores suprindo cargas não-lineares, utilizando os softwares Excel, Matlab e Lab VIEW",12/5/2011,out/10,nov/11,Expirado,SESu - PET Elétrica - Fundo FNDE,"R$ 0,00","R$ 9.360,00",0,0,2,10/2010 a 11/2011,Fernando Nunes Belchior,ISEE,Arquivado Caixa A,
27,Eco-Veículo 2011,16/5/2011,jan/11,dez/12,Expirado,,"R$ 0,00","R$ 0,00",0,0,0,11/2011 a 2012,José Hamilton Chaves Gorgulho Júnior,IEPG,Arquivado Caixa A,
28,Teoria Quântica de Campos em Espaços Curcos e a Natureza da Energia e da Matéria Escura,17/5/2011,nov/10,out/12,Expirado,CNPq,"R$ 0,00","R$ 6.105,51",0,0,0,11/2010 a 10/2012,Saulo Henrique Pereira,,Arquivado Caixa A,
29,Projeto de uma máquina de ensaio de flexão em escala reduzida,19/5/2011,mai/11,nov/12,Expirado,PET/SESU - MEC,"R$ 0,00","R$ 0,00",0,0,1,15/2011 a 11/2012,Glauco José Rodrigues de Azevedo,IEM,Arquivado Caixa A,
30,Modelo Analítico para Chamas Difusivas Laminares Cilíndricas,26/5/2011,mai/11,mar/12,Expirado,PET/SESU - MEC,"R$ 0,00","R$ 0,00",0,0,1,05/2011 a 03/2012,Helcio Francisco Villa Nova,IEM,Arquivado Caixa A,
31,Robô Humanóide com Interface Baseado em Visão,30/5/2011,abr/11,nov/11,Expirado,SESu - PET Elétrica - Fundo FNDE,"R$ 0,00","R$ 2.880,00",0,0,1,04/2011 a 11/2011,Carlos Henrique Valério de Moraes,IESTI,Arquivado Caixa A,
32,Filtro híbrido para aplicações de baixo custo,30/5/2011,abr/11,mar/14,Expirado,CPFL - RGF,"R$ 0,00","R$ 113.000,00",4,2,4,04/2011 a 03/2014,Luiz Eduardo Borges da Silva,IESTI,Arquivado Caixa B,
33,Métodos Numéricos Aplicados no Escoamento de Fluidos,3/6/2011,abr/11,mar/12,Expirado,Programa PET (SESU-MEC),"R$ 0,00","R$ 0,00",0,0,1,04/2011 a 03/2012,Genésio José Menon,IEM,,
34,Análise da adequação do GESPÚBLICA em prefeituras do Estado de Minas Gerais,6/6/2011,jan/09,nov/11,Expirado,FAPEMIG,"R$ 0,00","R$ 0,00",0,0,2,01/2009 a 11/2011,João Batista Turrioni,IEPG,,
35,Desenvolvimento de um Novo Conceito para Bloquetes e Telhas Cerâmicas: Produtos Inovadores e Ambientalmente Responsáveis,7/6/2011,jun/10,jun/12,Expirado,MCT / CNPq (Edital 65/2009) Processo: 554415/2010-0,"R$ 0,00","R$ 360.369,40","99186,23",0,0,06/2010 a 06/2012,Eduardo Quinteiro,,Arquivado Caixa A,
36,"Apoio para Inovação, Desenvolvimento Tecnológico e Responsabilidade Sócio-Ambiental ba Indústria Cerâmica de Revestimento",7/6/2011,out/09,set/14,Expirado,MCT / FINEP (Edital CAPES PNPD / 2009) Processo CAPES: 02845/09-1,"R$ 0,00","R$ 60.000,00",198000,0,0,10/2009 a 09/2014,Eduardo Quinteiro,,Arquivado Caixa B,
37,A Matemática presente em centros de Ciências,7/6/2011,jan/11,dez/11,Expirado,Ministério da Educação,"R$ 0,00","R$ 360,00",0,0,1,01/2011 a 12/2011,Mariana Feiteiro Cavalari,IMC,Arquivado Caixa A,
38,Teste e Validação Experimental de Laboratório Virtual de Eletricidade e Eletrônica,15/6/2011,ago/11,jul/12,Expirado,,"R$ 0,00","R$ 0,00",0,0,0,08/2011 a 07/2012,Benedito Donizeti Bonatto,ISEE,Arquivado Caixa A,
39,Desenvolvimento de Protótipo de Software Orientado a Obejtos para Simulação Digital de Transitórios Eletromagnéticos - Fase III,15/6/2011,mar/11,fev/12,Expirado,,"R$ 0,00","R$ 0,00",0,0,0,03/2011 a 02/2012,Benedito Donizeti Bonatto,ISEE,Arquivado Caixa A,
40,Modelagem e Simulação de Cargas Não-Lineares em Sistemas Elétricos de Distribuição,15/6/2011,ago/11,jul/12,Expirado,,"R$ 0,00","R$ 0,00",0,0,0,08/2011 a 07/2012,Benedito Donizeti Bonatto,ISEE,Arquivado Caixa A,
41,O Arco Elétrico e o Cálculo da Energia Incidente no Trabalhador,15/6/2011,ago/11,jul/12,Expirado,,"R$ 0,00","R$ 0,00",0,0,0,08/2011 a 07/2012,Benedito Donizeti Bonatto,ISEE,Arquivado Caixa A,
42,Projeto e desenvolvimento de uma aeronave em escala reduzida para a XIII competição SAE Brasil de Aero Design,16/6/2011,jan/11,dez/11,Expirado,FAPEMIG,"R$ 0,00","R$ 17.232,00",0,0,0,01/2011 a 12/2011,Maria Virgínia Gelfuso,IEM,Arquivado Caixa A,
43,Efeitos do Choque Elétrico no Corpo Humano,17/6/2011,ago/11,jul/12,Expirado,,"R$ 0,00","R$ 0,00",0,0,0,08/2011 a 07/2012, Benedito Donizeti Bonatto,ISEE,Arquivado Caixa A,
44,Plataforma de Estudos de Métodos e Sistemas de Posicionamento Aplicados a Robôs Móveis,17/6/2011,jun/11,jun/13,Expirado,,"R$ 0,00","R$ 0,00",0,0,0,06/2011 a 06/2013,Eduardo Moreira Vicente,,Arquivado Caixa A,
45,Plataforma de Aquisição e Registro de energia Elétrica,17/6/2011,jun/11,jun/13,Expirado,,"R$ 0,00","R$ 0,00",0,0,0,06/2011 a 06/2013,Ivan Lucas Arantes,DAC (Itabira),Arquivado Caixa A,
46,Caracterização microestrutural e mecânica de ligas para aplicações aeronáuticas,17/6/2011,jun/11,jun/14,Expirado,,"R$ 0,00","R$ 0,00",0,0,0,06/2011 a 06/2014,Mirian de Lourdes Noronha Motta Mello,IEM,Arquivado Caixa B  // Arquivado CAIXA 001/2020,
47,Evolução da microestrutura de ligas solidificadas direcionalmente e posteriormente conformadas plasticamente. Sub-projeto: Estudo da microestrutura e propiedades mecânicas dos aços inoxidáveis solidificados direcionalmente e deformados plasticamente,17/6/2011,nov/10,nov/15,Expirado,,"R$ 0,00","R$ 0,00",0,0,0,11/2010 a 11/2015,Mirian de Lourdes Noronha Motta Melo,IEM,Arquivado Caixa C,
48,Análise da Eficiência de um Sistema de Recompensa no Processo de Aprendizagem de Instituições de Ensino Superior,17/6/2011,ago/10,dez/11,Expirado,,"R$ 0,00","R$ 0,00",0,0,0,12/2010 a 12/2011,Ronara Cristina Bozi dos Reis,DAC (Itabira),Arquivado Caixa A,
49,Desenvolvimento de Ferramenta para Diagnóstico Térmico e Monitoramento de Desempenho de Turbinas a Vapor,26/7/2011,mar/10,mar/12,Expirado,PETROBRAS,"R$ 0,00","R$ 439.103,00",0,0,0,03/2010 a 03/2012,Marco Antonio Rosa do Nascimento,IEM,Arquivado Caixa A,
50,"Estudo do Ensaio Triaxial para Determinação de Parâmetros de Resistência dos Solos da Bacia Experimental do Ribeirão José Pereira, Itajubá/MG",1/8/2011,ago/11,jul/12,Expirado,,"R$ 0,00","R$ 0,00",0,0,0,08/2011 a 07/2012,Adinele Gomes Guimarães,IRN,Arquivado Caixa A,
51,Estudos de espécies inorgânicas com potencial em química medicinal,1/8/2011,ago/11,jul/14,Expirado,,"R$ 0,00","R$ 0,00",0,0,0,08/2011 a 07/2014,Geise Ribeiro,IFQ,Arquivado Caixa B,
52,O espaço urbano, as práticas corporais e a saúde.,1/8/2011,ago/11,fev/12,Expirado,,"R$ 0,00","R$ 0,00",0,0,08/2011 a 03/2012,Rogério Rodrigues,IFQ,Arquivado Caixa B,Arquivado Caixa A
53,Desenvolvimento de um sistema de controle para um veículo a célula de combustível,1/8/2011,ago/11,jul/12,Expirado,,"R$ 0,00","R$ 0,00",0,0,0,08/2011 a 07/2012,Vladimir Rafael Melián Cobas,IEM,Arquivado Caixa A,
54,"Aplicação de mapeamento de processos, projeto de experimentos, simulação e otimização no processo de tomada de decisões",3/8/2011,set/09,set/11,Expirado,FAPEMIG,"R$ 0,00","R$ 94.085,00",1,0,2,09/2009 a 09/2011,José Arnaldo Barra Montevechi,IEPG,Arquivado Caixa A,
55,Processos de formação de professores de física e de matemática em conexão com atividades padagógicas em ambientes de educação formal e não-formal,11/8/2011,dez/10,dez/12,Expirado,MEC,"R$ 0,00","R$ 100.800,00",0,0,12,12/2010 a 12/2012,Luciano Fernandes Silva,IFQ,Arquivado Caixa A,
56,Análise das ações organizativas no desenvolvimento da olivicultura: um estudo na região do município de Maria da Fé - MG,19/8/2011,set/11,ago/12,Expirado,,"R$ 0,00","R$ 0,00",0,0,0,09/2011 a 08/2012,Luiz Eugênio Veneziani Pasin,IEPG,Arquivado Caixa A,
57,Desenvolvimento de uma ferramenta computacional para a otimização de modelos de simulação a eventos discretos,24/8/2011,mai/10,abr/11,Expirado,FAPEMIG,"R$ 0,00","R$ 3.600,00",0,0,1,05/2010 a 04/2011,Alexandre Ferreira de Pinho,IEPG,Arquivado Caixa A,
58,"Trabalho, Inovação e subjetividade no desenvolvimento da olivicultura: um estudo na região do município de Maria da Fé - MG",25/8/2011,set/11,ago/12,Expirado,,"R$ 0,00","R$ 0,00",0,0,0,09/2011 a 08/2012,Adilson da Silva Mello,IEPG,Arquivado Caixa A,
59,Integração de software e hardware em um sistema mini VANT para inspeção,1/9/2011,mai/11,set/13,Expirado,,"R$ 0,00","R$ 0,00",0,0,0,06/2011 a 09/2013,Alexandre Carlos Brandão Ramos,IMC,Arquivado Caixa A,
60,Projeto e Desenvolvimento de Software para os Controles de Bordo do STH,1/9/2011,mai/11,set/13,Expirado,,"R$ 0,00","R$ 0,00",0,0,0,06/2011 a 09/2013,Alexandre Carlos Brandão Ramos,IMC,Arquivado Caixa A,
61,A estrutra e o funcionamento da unidade escolar: a legislação educacional e a prática educativa,1/9/2011,set/11,mar/12,Expirado,,"R$ 0,00","R$ 0,00",0,0,0,09/2011 a 03/2012,Rogério Rodrigues,IFQ,Arquivado Caixa A,
62,"Mudanças climáticas Globais e impactos na Zona Costeira: Modelos, Indicadores, Obras Civis e Fatores de Mitigação/Adaptação - REDE LITORAL NORTE SP",8/9/2011,jun/10,mai/14,Expirado,CAPES - Edital Ciências do Mar 2010,"R$ 0,00","R$ 1.122.757,00",0,12,0,06/2010 a 05/2014,Marcos Eduardo Cordeiro Bernardes,IRN,Arquivado Caixa B,
63,TransAqua: Gestão e Segurança da Navegação e do Transporte Aquaviário: Desenvolvimento Ambientalmente Sustentável de Sistemas Marítimos e Fluviais,8/9/2011,jun/11,mai/13,Expirado,FINEP/ Edital CT-Aquaviário 2010,"R$ 0,00","R$ 999.259,00",0,0,0,06/2011 a 05/2013,Marcos Eduardo Cordeiro Bernardes,IRN,Arquivado Caixa A,
64,Processo hierárquico análitico para seleção de locais críticos em pólos geradores de viagens,13/9/2011,mar/10,mar/11,Expirado,FAPEMIG,"R$ 0,00","R$ 3.600,00",0,0,1,03/2010 a 03/2011,Josiane Palma Lima,IEPG,Arquivado Caixa A,
65,Contribuições do Centro de Ciências da UNIFEI no aprendizado da Física de jovens estudantes,30/9/2011,dez/10,dez/11,Expirado,PET,"R$ 0,00","R$ 360,00",0,0,0,12/2010 a 12/2011,Antônio Luiz Fernandes Marques,IFQ,Arquivado Caixa A,
66,Inovação Tecnológica para Produção de Website e Sistema de Gestão de Projetos,1/10/2011,set/11,jan/12,Expirado,Make Consult. Avaliações Empresariais Ltda,"R$ 0,00","R$ 3.000,00",2,0,0,09/2011 a 01/2012,Gustavo Rodrigues de Morais,Itabira,Arquivado Caixa A,
67,Relações Humanas no Trabalho,1/10/2011,out/11,jul/13,Expirado,,,,0,0,0,10/2011 a 07/2013,Sylvia da Silveira Nunes,IEPG,Arquivado Caixa A,
68,Caracterização de materiais poliméricos e cerâmicos ,12/11/2013,ago/13,nov/15,Expirado,FAPEMIG,"R$ 0,00","R$ 48.000,00",0,0,0,08/2013 a 11/2015,Carla Patrícia Lacerda Rubinger,IFQ,Arquivado Caixa C,
69,Características climatológicas e projeções climáticas para o estado de Minas Gerais e seus impactos na agicultura,1/10/2011,mai/11,out/12,Expirado,FAPEMIG,"R$ 0,00","R$ 93.544,00",0,0,2,05/2011 a 10/2012,Sâmia Regina Garcia Calheiros,IRN,Arquivado Caixa A,
70,Variabilidade dos Balanços de Umidade e calor do Sistema de Monção da América do Sul e Relação com Fenômenos Atmosféricos de Baixa Frequência,8/10/2011,nov/10,out/12,Expirado,CNPq,"R$ 0,00","R$ 13.500,00",0,0,0,11/2010 a 10/2012,Sâmia Regina Garcia Calheiros,IRN,Arquivado Caixa A,
71,Desenvolvimento de materiais compósitos poliméricos para fabricação de peças utilizadas em veículos de competição mini Baja,25/10/2011,mai/11,jun/12,Expirado,,"R$ 0,00","R$ 0,00",0,0,0,08/2011 a 07/2012,Gerson Avelino Fernandes,IEM,Arquivado Caixa A,
72,Estrutura e Evolução do Universo usando dados da Radiação Cósmica de Fundo,27/10/2011,jul/10,jun/12,Expirado,FAPEMIG,"R$ 0,00","R$ 16.042,27",0,2,0,07/2010 a 06/2012,Armando B. Bernui Leo,IFQ,Arquivado Caixa A,
73,Formação e Estrutura das Galáxias Espirais,27/10/2011,ago/11,jun/12,Expirado,,"R$ 0,00","R$ 0,00",0,0,0,08/2011 a 06/2012,Armando B. Bernui Leo,IFQ,Arquivado Caixa A,
74,Utilização de resíduos de rochas naturais para fabricação de compósitos poliméricos,1/11/2011,nov/11,dez/13,Expirado,,"R$ 0,00","R$ 0,00",0,0,0,11/2011 a 12/2013,Gerson Avelino Fernandes,IEM,Arquivado Caixa A,
75,Análise Numérica-Experimental do Comportamento da Liga de Bronze de alumínio Diante de Fadiga Estrutural,1/11/2011,nov/11,nov/12,Expirado,PET/MECANICA,"R$ 0,00","R$ 120.000,00",0,0,1,11/2011 a 11/2012,Mirian de Lourdes Noronha Motta Melo,IEM,Arquivado Caixa A,
76,Educação Física no ensino superior: uma prática ressifnificada como conteúdo ,4/11/2011,fev/12,ago/12,Expirado,,"R$ 0,00","R$ 0,00",0,0,0,02/2012 a 0812,Rogério Rodrigues,IFQ,Arquivado Caixa A,
77,As teorias educaticas hegêminicas e suas rekalçies com as interfaces entre Educação e Psicanálise: as práticas educativas produzido subjetividades,4/11/2011,fev/12,ago/12,Expirado,,"R$ 0,00","R$ 0,00",0,0,0,02/2012 a 08/2012,Rogério Rodrigues,IFQ,Arquivado Caixa A,
78,Estudo de problemas de evolução temporal envolvendo o operador p(x)-Laplaciano,7/11/2011,ago/11,ago/13,Expirado,FAPEMIG,"R$ 0,00","R$ 10.937,30",0,0,0,08/2011 a 08/2013,Jacson Simsen,IMC,Arquivado Caixa A,
79,Síntese e avaliação da atividade antibacteriana de novos derivados fluoroquinolônicos,9/11/2011,ago/11,ago/14,Expirado,FAPEMIG,"R$ 0,00","R$ 31.267,00",0,0,0,08/2011 a 08/2014,Maurício Frota Saraiva,IFQ,Arquivado Caixa B,
80,Correspondência ADS/CFT: Aplicações em teorias e modelos de matéria condensada,10/11/2011,jul/11,jul/14,Expirado,FAPEMIG,"R$ 0,00","R$ 11.700,00",0,0,0,07/2011 a 07/2014,Alan Bendasoli Pavan,IFQ,Arquivado Caixa B,
81,Desenvolvimento de revestimenos poliméricos para stents coronários,11/11/2011,nov/11,nov/13,Expirado,,"R$ 0,00","R$ 0,00",0,0,0,11/2011 a 11/2013,Filiberto González Garcia,IFQ,Arquivado Caixa A,
82,Levantamento de Incidência de Presenteísmo em uma População do Trabalhadores de Abatedouro de Aves,11/11/2011,nov/11,nov/12,Expirado,,"R$ 0,00","R$ 0,00",0,0,0,11/2011 a 11/2012,Geraldo Fabiano de Souza Moraes,Itabira,Arquivado Caixa A,
83,Ocorrência de Dor Lombar em Docentes Universitários,11/11/2011,nov/11,nov/12,Expirado,,"R$ 0,00","R$ 0,00",0,0,0,11/2011 a 11/2012,Geraldo Fabiano de Souza Moraes,Itabira,Arquivado Caixa A,
84,Estudo da detecção de objetos em vias terrestres e leituras de placas de sinalização de trânsito,11/11/2011,dez/11,nov/12,Expirado,,"R$ 0,00","R$ 0,00",0,0,0,12/2011 a 11/2012,Rodrigo Aparecido da Silva Braga,Itabira,Arquivado Caixa A,
85,Sustentabilidade na Construção Civil,11/11/2011,jan/12,dez/12,Expirado,,,,0,0,0,01/2012 a 12/2012,Valquíria Claret dos Santos,IRN,Arquivado Caixa A,
86,"Monitoramento, em tempo real, utilizando rede sem fio, da eficiência energética em sistemas industriais",21/11/2011,out/11,dez/11,Expirado,,"R$ 0,00","R$ 0,00",0,0,0,10/2011 a 12/2011,José Carlos Grilo Rodrigues,ISEE,Arquivado Caixa A,
87,Desenvolvimento de Modelo de Relacionamento com Clientes Corporativos baseado na Eficiência Energética,1/12/2011,set/11,dez/13,Expirado,Cemig Geração e Transmissão S/A - P&D ANEEL,"R$ 0,00","R$ 971.000,00",0,2,2,12/2011 a 12/2013,Dagoberto Alves de Almeida,IEPG,Arquivado Caixa A,
88,Desenvolvimento de Modelo de Informações em Clientes Corporativos baseado na Eficiência Energética,1/12/2011,dez/11,nov/13,Expirado,Cemig Geração e Transmissão S/A,"R$ 0,00","R$ 0,00",0,1,1,12/2011 a 11/2013,Jamil Haddad,ISEE,Arquivado Caixa A,
89,Projeto de otimização de um forno para ensaios de ciclagem térmica,21/12/2011,dez/11,mai/12,Expirado,Grupo PET - Engenharia Mecânica,"R$ 0,00","R$ 0,00",0,0,0,12/2011 a 05/2012,Gilbert Silva,IEM,,
90,Microondas: Utilização na Síntese de Pós e na Sinterização de Cerâmicas Ferroelétricas,1/1/2012,jan/12,dez/13,Expirado,FAPEMIG,"R$ 0,00","R$ 31.330,95",0,0,0,01/2012 a 12/2013,Daniel Thomazini,IEM,Arquivado caixa A,
91,Equipamento Autônomo para Limpeza de Cabos da Rede de Distribuição da Rede Elétrica,1/1/2012,jan/12,dez/13,Expirado,Aneel,"R$ 0,00","R$ 472.571,68",2,1,2,01/2012 a 12/2013,Daniel Thomazini,IEM,Arquivado Caixa A,
92,Sinterização de Materiais Cristalinos em Microondas,30/1/2012,dez/10,mai/12,Expirado,,"R$ 0,00","R$ 0,00",0,0,0,12/2010 a 05/2012,Maria Virgínia Gelfuso,IEM,Arquivado Caixa A,
93,Estudo numérico de Problemas de Transferência de Calor em Dissipadores e de Escoamentos Bifásicos utilizando um Código Aberto/Livre,1/2/2012,mar/12,fev/14,Expirado,FAPEMIG,"R$ 39.000,00","R$ 17.031,00",0,2,2,03/2012 a 02/2014,Ana Lúcia Fernandes de Lima e Silva,IEM,Relatório final entregue em 08/11/2017 - e-mail // Arquivado CAIXA 01/2020,
94,Modelagem e Análise de geradores Eólicos Conectados em Sistemas de Energia Elétrica,1/2/2012,fev/11,fev/12,Expirado,SESU - Pet Elétrica - Fundo FNDE,"R$ 0,00","R$ 4.320,00",0,0,0,02/2011 a 02/2012,Pedro Paulo de Carvalho Mendes,ISEE,Arquivado Caixa A,
95,Análise de falhas relacionadas ao uso da energia elétrica e seus efeitos na gestão da produção,6/2/2012,dez/11,dez/12,Expirado,Cemig Geração e Transmissão S/A,"R$ 0,00","R$ 0,00",0,0,1,12/2011 a 12/2012,Fabiano Leal,IEPG,Arquivado Caixa A,
96,Desenvolvimento de Metodologias para o Estudo de Problemas de Transferência de Calor,6/2/2012,dez/11,dez/13,Expirado,CNPq,"R$ 10.000,00","R$ 17.000,00",0,3,4,12/2011 a 12/2013,Sandro Metrevelle Marcondes de Lima e Silva,IEM,Arquivado Caixa A,
97,Gestão Integrada dos Resíduos Sólidos Urbanos com Apio de Associações de Catadores de Materiais Recicláveis,20/2/2012,fev/12,fev/15,Expirado,FAPEMIG,"R$ 0,00","R$ 43.395,00",0,0,1,02/2012 a 02/2015,Renato da Silva Lima,IEPG,Arquivado Caixa C ,
98,Aproveitamento eólico em reservatórios hidrelétricos no estado de Minas Gerais: Impactos das mudaças climáticas para o cenário atual - APQ-00288-11,23/2/2012,jul/11,dez/12,Expirado,FAPEMIG,"R$ 0,00","R$ 216.660,00",0,0,0,07/2011 a 12/2012,Arcilan Trevenzoli Assireu,IRN,Arquivado Caixa A,
99,Estudo das características cinemáticas e dinâmicas das águas do Lago de Furnas a partir de derivadores rastreados por satélite: uma abordagem considerando o cenário da hidrovia - APQ-02582-10,23/2/2012,jul/10,dez/12,Expirado,FAPEMIG,"R$ 0,00","R$ 46.000,00",0,0,0,07/2010 a 12/2012,Arcilan Trevenzoli Assireu,IRN,Arquivado Caixa A,
100,Análise Numérica e Experimental de Problemas de Transferência de Calor,23/2/2012,mar/12,fev/15,Expirado,CNPq,"R$ 10.000,00","R$ 39.600,00",1,3,4,03/2012 a 02/2015,Sandro Metrevelle Marcondes de Lima e Silva,IEM,Arquivado Caixa B,
101,Produção de simulações de computadores para o ensino de ciências,27/2/2012,set/11,ago/12,Expirado,,"R$ 360,00",,0,0,1,09/2011 a 08/2012,Thiago Costa Caetano,IFQ,Arquivado Caixa A,
102,Estudos de Sistemas de Potência Inteligentes com Inserção de Energias Renováveis,1/3/2012,mar/12,fev/13,Expirado,PET Elétrica,"R$ 0,00","R$ 0,00",0,0,0,03/2012 a 02/2013,Antônio Carlos Zambroni de Souza,ISEE,Arquivado Caixa A,
103,Estudos de estabilidade de tensão considerando novos cenários operativos,1/3/2012,mar/12,fev/16,Expirado,CNPq,,"R$ 110.400,00",1,0,0,03/2012 a 02/2016,Antônio Carlos Zambroni de Souza,ISEE,Relatório Final entregue // Arquivado CAIXA 01/2020,
104,"Informação Geográfica, sustentabilidade e simulação computacional aplicados ao planejamento de transportes e logística ",1/3/2014,mar/14,fev/17,Expirado,CNPq,,"R$ 39.600,00",0,0,0,03/2014 a 02/2017,Renato da Silva Lima,IEPG,Relatório final entregue por e-mail em 01/06/2017.,
105,Aplicação de Técnicas de Inteligência Artificial em Estudos de Sistemas Dinâmicos Não-Lineares,20/3/2012,mar/12,fev/13,Expirado,,"R$ 0,00","R$ 0,00",1,0,0,03/2012 a 02/2013,Benedito Isaias Lima Lopes,ISEE,Arquivado Caixa A,
106,TEC APQ-02456-10: Influência das Condições de Tratamento Térmico sobre o Comportamento à Corrosão de Ligas Ti-Nb-Zr,27/3/2012,dez/10,dez/12,Expirado,FAPEMIG,"R$ 0,00","R$ 29.925,00",0,0,0,12/2010 a 12/2012,Edmilson Otoni Correa,IEM,Arquivado Caixa A,
107,Controle de Potência Reativa em Sistemas de Potência com Energias Renováveis,1/4/2012,abr/12,mar/13,Expirado,,"R$ 0,00","R$ 0,00",0,0,0,04/2012 a 03/2013,Antônio Carlos Zambroni de Souza,ISEE,Arquivado Caixa A,
108,Análise do uso e do impacto da tecnologia da informação no desempenho da cadeia de suprimentos das empresas do setor metal-mecânico da Itajubá,4/4/2012,jul/11,nov/13,Expirado,FAPEMIG,"R$ 0,00","R$ 13.324,00",0,0,1,07/2011 a 06/2013,Elizabete Ribeiro Sanches da Silva,IMC,Arquivado Caixa A,
109,Produção e Caracterização de materiais cerâmicos do tipo ferritas diluídas,4/4/2012,abr/12,abr/14,Expirado,FAPEMIG,"R$ 0,00","R$ 24.150,00",0,0,0,04/2012 a 04/2014,Manoel Ribeiro da Silva,IFQ,Arquivado Caixa B,
111,Desenvolvimento da microestrutura bifásica ferrítica-martensítica a partir dos aços ferríticos-perlíticos grau LNE 380 e LNE 500 e avaliação de suas propriedades mecânicas,19/4/2012,abr/11,abr/13,Expirado,,"R$ 0,00","R$ 0,00",0,0,0,04/2011 a 04/2013,Geovani Rodrigues,IEM,Arquivado Caixa A,
112,Desenvolvimento de Sistema de Gestão Estratégica de Custos para Suporte de Tomada de Decisão para a cadeia produtiva de energia elétrica segundo a abordagem ABC/ABM,1/5/2012,mai/12,mai/14,Expirado,Eletronorte - ELN,"R$ 0,00","R$ 724.100,00",0,0,3,05/2012 a 05/2014,Edson de Oliveira Pamplona,IEPG,Arquivado Caixa B,
113,Modelagem de Problema Inverso de Detecção de Danos via otimização por Colônia de Formigas,1/5/2012,mai/12,mai/13,Expirado,MEC/SESu/PET Engenharia Mecânica,"R$ 0,00","R$ 0,00",0,0,0,05/2012 a 05/2013 ,Patrícia S. L. Alexandrino,IEM,Arquivado Caixa A,
114,A Noção de Verdade Segundo Tarski,8/5/2012,mai/12,mai/13,Expirado,,"R$ 0,00","R$ 0,00",0,0,0,05/2012 a 05/2013 ,José Augusto Baêta Segundo,,Arquivado Caixa A,
115,O Programa de Hilbert e o Teorema de Incompletude de Gödel,8/5/2012,mai/12,mai/13,Expirado,,"R$ 0,00","R$ 0,00",0,0,0,05/2012 a 05/2013 ,José Augusto Baêta Segundo,,Arquivado Caixa A,
116,Modernização do Painel do Simulador para treinamento de Pilotos de Helicóptero,10/5/2012,fev/12,jan/14,Expirado,Helibras,"R$ 30.000,00","R$ 12.500,00",1,1,2,02/2012 a 01/2014,Alexandre Carlos Brandão Ramos,IMC,Arquivado Caixa B,
117,Inspeção de Linhas de Transmissão com o Apoio de Helicóptero Rádio Controlado por Computador,10/5/2012,fev/12,jan/14,Expirado,FAPEMIG,"R$ 95.800,00","R$ 22.050,00",1,1,2,02/2012 a 01/2014,Alexandre Carlos Brandão Ramos,IMC,Arquivado Caixa B,
118,Análise estratégica para incorporação de mecanismo de auto-reparo em estruturas aeronáuticas fabricadas em materiais compósitos: tecnologia vascular,24/5/2012,mai/12,mai/13,Expirado,,"R$ 0,00","R$ 0,00",0,0,0,05/2012 a 05/2013 ,Antônio Carlos Ancelloti Júnior,IEM,Arquivado Caixa A,
119,Processamento de Porcelanas Elétricas em Microondas,24/5/2012,mar/12,mar/15,Expirado,FAPEMIG,"R$ 0,00","R$ 241.189,00",0,0,0,03/2012 a 03/2015,Carla Patrícia Lacerda Rubinger,IFQ,Arquivado Caixa C ,
120,Construção de uma camara de ultracongelamento para o estudo dos limites de inflamabilidade dos biocombustíveis na indústria aeronáutica,25/5/2012,fev/12,fev/14,Expirado,FAPEMIG,"R$ 0,00","R$ 45.363,90",0,1,0,02/2012 a 02/2014,Christian Jeremi Coronado Rodriguez,IEM,Arquivado Caixa B,
121,Previsão Climática para a região sudeste do Brasil,1/6/2012,ago/12,ago/14,Expirado,,"R$ 0,00","R$ 0,00",0,0,0,08/2012 a 08/2014,Michelle Simões Reboita,IRN,Arquivado Caixa B,
122,A questão do método: algumas reflexões sobre o curso ce metodologia da pesquisa em área de multidisciplinariedade,4/6/2012,ago/12,mar/13,Expirado,,"R$ 0,00","R$ 0,00",0,0,0,08/2012 a 03/2013,Rogério Rodrigues,IFQ,Arquivado Caixa A,
123,Para além de qualquer princípio educativo: a educação escolar como um processo de construção do saber ,4/6/2012,ago/12,mar/13,Expirado,,"R$ 0,00","R$ 0,00",0,0,0,08/2012 a 03/2013,Rogério Rodrigues,IFQ,Arquivado Caixa A,
124,Estudo de geradores síncronos utilizando simulação digital em tempo real,14/6/2012,set/11,mar/13,Expirado,Alstom,"R$ 0,00","R$ 43.560,00",2,1,0,09/2011 a 03/2013,Paulo Márcio da Silveira,ISEE,Arquivado Caixa A,
125,Estudo teórico de estruturas de carbono: análise das possíveis aplicações tecnológicas,15/6/2012,jun/12,jun/14,Expirado,,"R$ 0,00","R$ 0,00",0,0,0,06/2012 a 06/2014,Ana Cláudia Monteiro Carvalho,IFQ,Arquivado Caixa B,
126,Projeto Fórmula SAE - Equipe Iron Racers,15/6/2012,mai/12,abr/13,Expirado,,"R$ 30.000,00","R$ 0,00",0,0,0,05/2012 a 04/2013,Eduardo Miguel da Silva,DAC (Itabira),Arquivado Caixa A,
127,Técnicas Inovativas na construção de websites e desenvolvimento de logomarcas,15/6/2012,abr/12,set/12,Expirado,Nortech Engenharia do Brasil Ltda,"R$ 0,00","R$ 1.500,00",1,0,0,04/2012 a 09/2012,Gustavo Rodrigues de Morais,Itabira,Arquivado Caixa A,
128,SAE BRASIL AERODESIGN,15/6/2012,jul/12,jul/13,Expirado,FAPEPE,,"R$ 25.000,00",0,0,0,07/2012 a 07/2013,Jean Carlo Cescon Pereira,DAC (Itabira),Arquivado Caixa A,
129,Estudo Acerca dos Absorvedore Dinâmicos de Vibrações Multimodais,29/6/2012,jul/12,jul/13,Expirado,,,,0,0,0,07/2012 a 07/2013,Sebastião Simões da Cunha Júnior,IEM,Arquivado Caixa A,
130,"Análise numérico/experimental dos mecanismos de endurecimento por precipitação em ligas de alumínio: efeitos na microestrutura, nas propriedades mecânicas e na corrosão",5/7/2012,jan/12,jan/14,Expirado,FAPEMIG/DEMANDA UNIVERSAL 2011,"R$ 0,00","R$ 24.036,00",1,1,1,01/2012 a 01/2014,Mirian de Lourdes Noronha Motta Melo,IEM,Arquivado Caixa B,
131,Estudo das condições de usinagem utilizando projetos de experimentos e redes neurais,27/8/2012,mar/13,fev/15,Expirado,CNPq,"R$ 10.000,00","R$ 39.600,00",1,2,0,03/2012 a 02/2015,João Roberto Ferreira,IEPG,Arquivado Caixa C ,
132,Desenvolvimento de aplicativo computacional para otimização de redes neurais para previsão de parâmetros de usinagem,27/8/2012,fev/12,fev/14,Expirado,FAPEMIG,"R$ 10.000,00","R$ 42.536,00",1,0,0,03/2012 a 02/2014,João Roberto Ferreira,IEPG,Arquivado Caixa B,
133,Experimentação avançada com materiais de baixo custo,1/9/2012,set/12,set/13,Expirado,MEC - PET,"R$ 0,00","R$ 400,00",0,0,1,09/2012 a 09/2013,Adhimar Flávio Oliveira,IFQ,Arquivado Caixa A,
134,"Inovação, Pesquisa e Prospecção Tecnológica: Estudo de Caso à UNIFEI para o Período 2008-2012",1/9/2012,set/12,set/14,Expirado,,"R$ 0,00","R$ 0,00",0,0,0,09/2012 a 09/2014,Fred Leite Siqueira Campos,IEPG,Arquivado Caixa B,
135,Inovação e Prospecção Tecnológica: Estudo de Caso à PETROBRAS para o Período 2008-2012,1/9/2012,set/12,set/14,Expirado,PETROBRAS,"R$ 0,00","R$ 0,00",0,0,1,09/2012 a 09/2014,Fred Leite Siqueira Campos,IEPG,Arquivado Caixa B,
136,Investibilidade e Determinantes do Crescimento Econômico Local: Análise Econométrica para as Três Maiores Regiões Metropolitanas do Brasil,1/9/2012,set/12,set/14,Expirado,,"R$ 0,00","R$ 0,00",0,0,0,09/2012 a 09/2014,Fred Leite Siqueira Campos,IEPG,Arquivado Caixa B,
137,Um estudo histórico do ensino de Matemática no Instituto Eletrotécnico e Mecânico de Itajubá,1/9/2012,set/12,set/13,Expirado,MEC - PET,"R$ 0,00","R$ 400,00",0,0,1,09/2012 a 09/2013,Mariana Feiteiro Cavalari,IMC,Arquivado Caixa A,
138,Um estudo histórico das Geometrias Não-Euclidianas,1/9/2012,set/11,set/13,Expirado,MEC - PET,"R$ 0,00","R$ 360,00",0,0,1,09/2011 a 09/2013,Mariana Feiteiro Cavalari,IMC,Arquivado Caixa A,
139,Modelagem computacional de processos industriais visando melhorias de propriedades e aproveitamento de resíduos industriais,17/9/2012,nov/10,nov/15,Expirado,MEC/CAPES/PNPD 3092/2010,"R$ 0,00","R$ 24.036,00",0,0,1,11/2010 a 11/2015,Mirian de Lourdes Noronha Motta Melo,IEM,Arquivado Caixa C ,
140,"Modelagem numérico/experimental e otimização de processos de fabricação de ligas para aplicações especiais: indústria aeronáutica, petróleo e biomateriais",17/9/2012,dez/11,dez/16,Expirado,MCT/CNPq/MEC/CAPES - Ação Transversal nº 06/2011,"R$ 0,00","R$ 137.000,00",4,0,0,12/2011 a 12/2016,Mirian de Lourdes Noronha Motta Melo,IEM,Relatorio final entregue em 23/11/2017  // Arquivado CAIXA 001/2020,
141,"Análise numérico/experimental dos mecanismos de endurecimento por precipitação em ligas de alumínio: efeitos na microestrutura, nas propriedades mecânicas e na corrosão ( vinculado ao 130)",17/9/2012,fev/12,fev/15,Expirado,FAPEMIG/DEMANDA UNIVERSAL 2011,"R$ 0,00","R$ 120.000,00",2,0,0,12/2011 a 02/2015,Mirian de Lourdes Noronha Motta Melo,IEM,Arquivado Caixa C ,
142,Estudos Preliminares para a Obtenção de Estruturas para Ensaios de Aeronaves não Tripuladas,17/9/2012,set/12,set/13,Expirado,MEC/SESu/ PET Engenharia Mecâniac,,,0,0,0,09/2012 a 09/2013,Sebastião Simões da Cunha Júnior,IEM,Arquivado Caixa A,
143,Investigações das concepções de ensino em Museus de Ciência,19/9/2012,dez/10,dez/11,Expirado,PET,"R$ 0,00","R$ 360,00",0,0,0,12/2010 a 12/2011,Luciano Fernandes Silva,IFQ,Arquivado Caixa A,
144,Cabeça de Série do Protótipo de Caixas para Medidores de Energia Elétrica a base de Fibra de Coco,19/9/2012,jul/12,mar/14,Expirado,ANEEL,"R$ 0,00","R$ 454.129,00",2,0,1,07/2012 a 07/2014,Maria Virgínia Gelfuso,IEM,Arquivado Caixa B,
145,Rede de Pesquisa em Monitoramento e Modelagem de Processos Hidrossedimentológicos em Bacias Representativas Rurais e Urbana do Bioma Mata Atlântica - RHIMA,1/10/2012,out/12,out/19,Expirado,FINEP,"R$ 0,00","R$ 306.000,00",0,0,3,10/2012 a 10/2016,Benedito Cláudio da Silva,IRN,prorrogado para 10/2019 no dia 28/11/2018,
146,Ensino-aprendizagem em Análise Combinatória com inserção de instrumentos e recursos de Modelagem Matemática,1/10/2012,out/12,set/13,Expirado,MEC - PET,"R$ 0,00","R$ 400,00",0,0,1,10/2012 a 09/2013,Flávia Sueli Fabiani Marcatto,IMC,Arquivado Caixa A,
147,O uso do software GeoGebra no ensino e Aprendizagem de Geometria Euclidiana,1/10/2012,out/12,out/13,Expirado,MEC - PET,"R$ 0,00","R$ 400,00",0,0,1,10/2012 a 10/2013,Hévilla Nobre Cezar,IMC,Arquivado Caixa A,
148,Orientação virtual de aprendizagem: Resgatando o humano subjaz à escrita epistemológica,23/10/2012,ago/12,dez/13,Expirado,,"R$ 0,00","R$ 0,00",0,0,0,08/2012 a 12/2013,Eliana de Fátima Souza Salomon Benfatti,IEPG,Arquivado Caixa A,
149,Um estudo histórico da geometria analítica plana,30/10/2012,out/13,set/14,Expirado,MEC - PET,"R$ 0,00","R$ 400,00",0,0,1,10/2013 a 09/2014,Mariana Feiteiro Cavalari,IMC,Arquivado Caixa B,
150,Um estudo histórico do surgimento da Geometria Elíptica,30/10/2012,nov/13,nov/14,Expirado,MEC - PET,"R$ 0,00","R$ 400,00",0,0,1,11/2013 a 11/2014,Mariana Feiteiro Cavalari,IMC,Arquivado Caixa B,
151,Estudo de séries de variabilidade da frequência cardíaca e desenvolvimento de um pacote computacional para modelagem e análise de séries temporais,1/11/2012,nov/11,fev/14,Expirado,,"R$ 0,00","R$ 0,00",0,0,0,11/2011 a 02/2014,Dair José de Oliveira,DAC (Itabira),Arquivado Caixa B,
152,Princípio de recuperação da malha aplicado ao controle H2 e H infinito: um estudo de caso em um helicóptero de dois graus de liberdade,1/11/2012,mar/12,set/13,Expirado,FAPEMIG,"R$ 0,00","R$ 41.963,00",0,1,0,03/2012 a 09/2013,Luis Henrique de Carvalho Ferreira,IESTI,Arquivado Caixa A,
153,Saneamento Rural no Sul de Minas: Fase 2 - concepção e análise da performance de biofiltro compartimentado aplicado ao pós-tratamento de esgostos,6/11/2012,mar/13,fev/16,Expirado,,"R$ 0,00","R$ 0,00",0,0,0,03/2013 a 02/2016,Herlane Costa Calheiros,IRN,Relatório final entregue por memorando nº 596/2016 - IRN // Arquivado CAIXA 01/2020,
154,O processo de investigação em área multidisciplinar: as realações reais e práticas entre a disciplinariedade e a interdisciplinariedade,19/11/2012,fev/13,ago/13,Expirado,,"R$ 0,00","R$ 0,00",0,0,0,02/2013 a 08/2013,Rogério Rodrigues,IFQ,Arquivado Caixa A,
155,"A estrutura e o funcionamento do curso de metodologia da pesquisa em área multidisciplinar: projeto de pesquisa, orientação de dissertaçao e metodologia da pesquisa",19/11/2012,fev/13,ago/13,Expirado,,"R$ 0,00","R$ 0,00",0,0,0,02/2013 a 08/2013,Rogério Rodrigues,IFQ,Arquivado Caixa A,
156,Análise não-invasiva de óleo isolante de transformadores de potência,26/11/2012,fev/12,jun/13,Expirado,PET Elétrica,"R$ 0,00","R$ 0,00",0,0,0,02/2012 a 06/2013,Giscard Francimeire Cintra Veloso,IESTI,"relatório final entregue na DPI, no dia 18/09/2015, Arquivado Caixa A",
157,Flutuações Quânticas do Vácuo na Presença de Fronteiras e Fenômenos ópticos em (Meta)-Materiais,29/11/2012,jul/11,jun/14,Expirado,FAPEMIG,"R$ 0,00","R$ 48.000,00",0,0,0,07/2011 a 06/2014,Vitorio Alberto De Lorenci,IFQ,Arquivado Caixa B,
158,Multirefringence in nonlinear eletrodynamics: application to nun-Abelian Yang-Mills gauge theory and phenomenology,29/11/2012,set/12,dez/12,Expirado,FAPEMIG,"R$ 0,00","R$ 11.520,00",0,0,0,09/2012 a 31/2012,Vitorio Alberto De Lorenci,IFQ,Arquivado Caixa A,
159,Fenômeno Magneto-eletro-ópticos & Modelos Cosmológicos Produzidos por Campos Veotorias,29/11/2012,fev/10,fev/13,Expirado,CNPq,,,1,0,0,02/2010 a 02/2013,Vitorio Alberto De Lorenci,IFQ,Arquivado Caixa A,
160,Efeitos do Vácuo Quântico,1/12/2012,dez/12,nov/15,Expirado,CNPq,"R$ 0,00","R$ 6.000,00",0,0,0,12/2012 a 11/2015,Fabricio Augusto Barone Rangel,IFQ,Arquivado Caixa C ,
161,"Participação na competição brasileira de robótica: futebol simulado 2D, resgate simulado, e Festo Robotino Logistics Competition",13/12/2012,ago/12,jul/13,Expirado,FAPEMIG,"R$ 0,00","R$ 20.706,00",0,0,1,08/2012 a 07/2013,Guilherme Sousa Bastos,IESTI,Arquivado Caixa A // relatório final entregue em 17/05/2019,
162,Desenvolvimento e caracterização de agentes porogênicos para a fabricação de biomateriais,1/2/2013,fev/13,jan/15,Expirado,,"R$ 0,00","R$ 0,00",0,0,0,02/2013 a 01/2015,Gerson Avelino Fernandes,IEM,Arquivado Caixa C ,
164,"Estudo de condicionantes específicos, como rugosidade do terreno e CLP para energia eólica",1/3/2013,mar/13,mar/16,Expirado,CNPq,"R$ 0,00","R$ 0,00",0,0,0,03/2013 a 03/2016,Arcilan Trevenzoli Assireu,IRN,Relatorio final entregue por email em 28/09/2016 // Arquivado CAIXA 01/2020,
165,Projeto de Dispositivos Eletrônicos e Desenvolvimento de Técnicas de Alimentação sem Fio para Redes de Sensores sem Fio - Projeto 176/12,1/3/2013,mar/13,fev/15,Expirado,CAPES ,"R$ 0,00","R$ 0,00",0,0,0,03/2013 a 02/2015,Robson Luiz Moreno,IESTI,Arquivado Caixa C ,
166,Desenvolvimento de Dispositivos Implantáveis de CMOS de Baixo Consumo e Baixa Potência para Aplicações Médicas,1/3/2013,mar/13,fev/17,Expirado,CNPQ - PRODUTIVIDADE D1,"R$ 0,00","R$ 0,00",0,0,0,03/2013 a 02/2017,Robson Luiz Moreno,IESTI,Relatório final entregue e aprovado em 12/07/17 // Arquivado CAIXA 01/2020,
167,"Concepção, Projeto e Desenvolvimento de Aeronaves não tripuladas em escala rádio controladas",17/4/2013,ago/12,jan/14,Expirado,FAPEMIG,"R$ 0,00","R$ 18.886,00",0,0,0,08/2012 a 01/2014,Rogerio Frauendorf de Faria Coimbra,IEM,Arquivado Caixa B,
168,Estudo teórico dos Mecanismos de ativicação por redução de compostos anticancerígenos de outro e platina,1/5/2013,mai/13,mai/15,Expirado,FAPEMIG,"R$ 0,00","R$ 30.000,00",0,0,2,11/2012 a 05/2015,Juliana Fedoce Lopes,IFQ,Arquivado Caixa C ,
170,Validação de Modelo de referência para o processo de desenvolvimento de produtos eletrônicos de empresas de base tecnológica,22/5/2013,mar/13,mar/16,Expirado,CNPq,"R$ 0,00","R$ 0,00",1,0,1,03/2013 a 03/2016,Carlos Henrique Pereira Mello,IEPG,relatório entregue por CIPAC001/peppg 02/03//2017 // Arquivado CAIXA 01/2020,
171,"Educação, Trabalho e Saúde: a questão do sujeito e a sociedade de mercado.",27/5/2013,jul/13,mar/14,Expirado,,"R$ 0,00","R$ 0,00",0,0,0,08/2013 a 03/2014,Rogério Rodrigues,IFQ,Arquivado Caixa B,
172,"Educação, autoridade e psicanálise: a transmissão do saber e a produção do sujeito no campo escolar",27/5/2013,fev/14,ago/14,Expirado,,"R$ 0,00","R$ 0,00",0,0,0,02/2014 a 08/2014,Rogério Rodrigues,IFQ,Arquivado Caixa B,
173,A educação entre as práticas e os discursos: a aprendizagem escolar e o processo de formação cultural do sujeito,27/5/2013,mai/13,mai/16,Expirado,"FAPEMIG (obs.: projeto teve vigência prorrogada, conf. Alteração em 30/04/2015","R$ 0,00","R$ 8.925,00",0,1,1,07/2013 a 05/2016 ,Rogério Rodrigues,IFQ,Relatório entregue por e-mail dia 14/09/2016 // Arquivado CAIXA 01/2020,
174,"Design, Engenharia de Materiais e Tecnologias Sociais: Produção Artesã e Inclusão no Mercado",28/5/2013,out/13,set/16,Expirado,CNPq,"R$ 0,00","R$ 29.583,46",0,0,0,10/2013 a 09/2016,Adilson da Silva Mello,IEPG,,
175,Laboratório de Estudos e Pesquisas sobre Desenvolvimento e Cultura,28/5/2013,out/13,set/16,Expirado,,"R$ 0,00","R$ 0,00",0,0,0,10/2013 a 09/2016,Carlos Alberto Máximo Pimenta,IEPG,Relatório Final entregue,
176,Escola e Violências: Processos de Auto Mediação e Resolução dos Conflitos no Interior da Escola,28/5/2013,jul/13,dez/15,Expirado,FAPEMIG,"R$ 0,00","R$ 71.000,00",3,1,0,07/2013 a 12/2015,Carlos Alberto Máximo Pimenta,IEPG,Arquivado Caixa B,
177,Utilização de Sistemas Poliméricos Nanométricos Obtidos por Eletrofiação para A Liberação de Moléculas Bioativas,28/5/2013,nov/12,out/15,Expirado,CNPq,"R$ 0,00","R$ 27.225,00",0,0,1,11/2012 a 10/2015,Frederico Barros de Souza,,Arquivado Caixa C ,
178,"Explorando novos tópicos em teoria quântica de campos, gravitação e cosmologia",28/5/2013,fev/13,fev/15,Expirado,FAPEMIG,"R$ 0,00","R$ 14.133,00",0,0,0,02/2013 a 02/2015,Marcio Eduardo da Silva Alves,IFQ,Arquivado Caixa C ,
179,Síntese de novos híbridos Pirazol-Amidina Cíclica com potencial atividade Antileish mania,28/5/2013,mar/13,fev/15,Expirado,,"R$ 0,00","R$ 0,00",0,0,0,03/2013 a 02/2015,Maurício Silva dos Santos,IFQ,Arquivado Caixa C,
180,Síntese de compostos pirazólicos-pirimídicos com potencial atividade anticoagulante,28/5/2013,mar/13,fev/15,Expirado,,"R$ 0,00","R$ 0,00",0,0,0,03/2013 a 02/2015,Maurício Silva dos Santos,IFQ,Arquivado Caixa C ,
181,Métodos Numéricos em Matemática Aplicada,28/5/2013,ago/13,jul/15,Expirado,,,,0,0,0,08/2013 a 07/2015,Rodrigo Silva Lima,,Arquivado Caixa C ,
183,Decisão multicriterial e sistema de informação gráfica com aplicação em transportes,29/5/2013,mar/14,jul/17,Expirado,CNPq,"R$ 0,00","R$ 0,00",1,0,0,03/2014 a 07/2017,Josiane Palma Lima,IEPG,relatorio final entregue dia 05/06/18 // Arquivado CAIXA 01/2020,
184,Liberação controlada transdermal de anti-inflamatório no esteroidais (AINEs),29/5/2013,ago/13,ago/15,Expirado,,"R$ 0,00","R$ 0,00",0,0,0,08/2013 a 08/2015 ,Maria Elena Leyva González,IFQ,Relatório Final entregue   // Arquivado CAIXA 001/2020,
185,Biossensores Nanoestruturados para a Monitoração da Qualidade do Pescado,1/6/2013,jun/13,jun/16,Expirado,CNPq,"R$ 0,00","R$ 0,00",1,0,0,06/2013 a 06/2016,Alvaro Antonio Alencar de Queiroz,IFQ,,
186,"Aplicação des Equações Diferenciais a Sistemas Planares Descontínuos, Singularidade e Mecânica Celeste",3/6/2013,abr/13,abr/15,Expirado,FAPEMIG,"R$ 0,00","R$ 15.225,00",0,0,0,04/2013 a 04/2015,Antonio Carlos Fernandes,IMC,Arquivado Caixa C ,
187,Avaliação do efeito dos aerossóis atmosféricos sobre as bandas ultravioleta e visível do espectro de radiação solar em diferentes regiões do país: subsídios para compreensão das mudanças climáticas,3/6/2013,abr/11,mar/14,Expirado,,"R$ 0,00","R$ 0,00",0,0,0,04/2011 a 03/2014 ,Marcelo de Paula Corrêa,IRN,Arquivado Caixa B,
188,Estudo de modelos neurais e de máquinas de vetor de suporte para sistemas anti-spam e para previsão em séries financeiras,3/6/2013,mar/13,fev/16,Expirado,CNPq,"R$ 0,00","R$ 0,00",1,0,0,03/2013 a 02/2016,Otávio Augusto Salgado Carpinteiro,,Relatório Final entregue por E-mail dia 14/09/2016  // Arquivado CAIXA 001/2020,
189,Impacto das mudanças climáticas sobre as doses diárias de radiação ultravioleta na América do Sul,4/6/2013,mar/13,fev/16,Expirado,CNPq,,"R$ 39.600,00",1,0,0,03/2013 a 02/2016,Marcelo de Paula Corrêa,IRN,Relatório Final entregue em 23/01/2018  // Arquivado CAIXA 001/2020,
190,Sistema Integrado de Aquisição de Sinais EEG em CMOS de Baixa Tensão,4/6/2013,mar/12,fev/15,Expirado,CNPq,,,1,0,0,03/2012 a 02/2015,Tales Cleber Pimenta,IESTI,"Arquivado Caixa C, relatório entregue por E-mail dia 16/09/2016 ",
191,Técnicas de Circuitos integrados analógicos em tecnologia CMOS em Nano-escala para aplicações em tratamento de sinais biomédicos,5/6/2013,mar/13,fev/16,Expirado,CNPq,"R$ 0,00","R$ 0,00",0,0,0,03/2013 a 02/2016,Luis Henrique de Carvalho Ferreira,IESTI,Relatório Final entregue em 04/2020,
192,Desenvolvimento de encapsulamento de dispositivo eletrônico de implante sub cutâneo para monitoramento ativo de glicose baseado no compósito PVDF-TRFE/BATIO3,5/6/2013,mai/12,mai/14,Expirado,FAPEMIG,"R$ 0,00","R$ 49.907,60",0,0,0,05/2012 a 05/2014,Rossano Gimenes,IFQ,Arquivado Caixa B,
193,Microemulsões tipo óleo/água utilizando tensoativo/cotensoativo Triton/alcool isopropílico no tratamento de óleos minerais isolantes,5/6/2013,jan/12,dez/15,Expirado,CAPES-PNPD,"R$ 173.600,00","R$ 0,00",0,0,0,01/2012 a 12/2015,Rossano Gimenes,IFQ,Arquivado Caixa C ,
194,Otimização do Projeto Estrutural de Varetas Pultrudadas para Colhedeiras de Café,6/6/2013,jul/13,set/14,Expirado,Grupo Jacto Agrícola,"R$ 0,00","R$ 1.500,00",0,0,0,07/2013 a 09/2014,Antônio Carlos Ancelloti Júnior,IEM,Arquivado Caixa B,
195,Desenvolvimento de Laminados Fibra Metal Processados por Moldagem por Transferência de Resina Assistido a Vácuo para uso Aeronáutico,6/6/2013,jul/13,set/14,Expirado,Helibras,"R$ 0,00","R$ 2.500,00",0,0,0,07/2013 a 09/2014,Antônio Carlos Ancelloti Júnior,IEM,Arquivado Caixa B,
196,"BRAFITEC - Projeto de Cooperação para Capacitação de Recursos Humanos em Energia, Transportes e Infraestrutura - ETI",6/6/2013,jan/13,dez/14,Expirado,CAPES,"R$ 0,00","R$ 86.000,00",24,0,0,01/2013 a 12/2014,Edmilson Otoni Correa,IEM,Arquivado Caixa B,
197,Navegação autônoma em ambiente estocástico com auxílio de fusão sensorial em tempo real,6/6/2013,abr/13,mar/15,Expirado,FAPEMIG,"R$ 0,00","R$ 44.100,00",0,0,0,04/2013 a 03/2015,Guilherme Sousa Bastos,IESTI,Arquivado Caixa C // relatório final entregue em 17/05/2019 // Arquivado CAIXA 01/2020,
198,"Cerâmicas Termoelétricas: Síntese, Processamento, Caracterização e Aplicação",7/6/2013,mar/13,fev/16,Expirado,CNPq,"R$ 0,00","R$ 39.600,00",1,0,0,03/2013 a 02/2016,Daniel Thomazini,IEM,Relatorio final entregue em 23/11/2017 // Arquivado CAIXA 01/2020,
199,Ensino e Aprendizagem de Matemática no Ensino Superior através de recursos educacionais online,7/6/2013,dez/12,dez/15,Expirado,,"R$ 0,00","R$ 0,00",0,0,0,12/2012 a 12/2015,Flávia Sueli Fabiani Marcatto,IMC,Arquivado Caixa C ,
200,Preparação e caracterização de biocompósito metal-cerâmico nanoestruturado obtido por moagem de alta energia visando aplicações biomédicas,7/6/2013,mar/13,mar/16,Expirado,CNPq,"R$ 0,00","R$ 39.600,00",0,0,0,03/2013 a 03/2016,Gilbert Silva,IEM,Relatório entregue por e-mail dia 14/09/2016 // Arquivado CAIXA 01/2020,
201,"Estudo da Biodegradação in-vitro de Compósitos de poli (epsilon-caprolactona, PCL) Bioativos",7/6/2013,mai/13,mai/15,Expirado,,,,0,0,1,05/2013 a 05/2015,Daniela Sachs,IFQ,Arquivado Caixa C ,
202,Análise de Modelagens e Comportamentos de redes de Alta Tensão Operando em Regimes Permanente e Transitório,7/6/2013,mai/13,mai/14,Expirado,,,,0,0,0,06/2013 a 05/2014,Ronaldo Rossi,ISEE,Arquivado Caixa B,
203,Proposta de modelo de referência para implantação da abordagem da inovação aberta no processo de gestão da inovação de empresas de grande porte brasileiras,10/6/2013,mar/13,fev/16,Expirado,CNPq,"R$ 0,00","R$ 15.856,00",0,2,0,03/2013 a 02/2016,Carlos Henrique Pereira Mello,IEPG,relatorio final entregue no dia 02/03/2017 via CIPAC // Arquivado CAIXA 01/2020,
204,Produção e caracterização do biocompósito INOX 316L e hidroxiapatita (HA) utilizandomoagem de alta energia,10/6/2013,fev/12,fev/14,Expirado,FAPEMIG,"R$ 0,00","R$ 46.530,00",0,0,0,02/2012 a 02/2014,Gilbert Silva,IEM,Arquivado Caixa B,
205,Modelo de gestão do conhecimento em custos e em finanças para auxílio à tomada de decisões estratégicas,10/6/2013,jun/13,jun/14,Expirado,PADTEC,"R$ 0,00","R$ 498.600,00",0,1,1,06/2013 a 06/2014,Luiz Guilherme Azevedo Mauad,,Arquivado Caixa B,
206,Correções de altas ordens nas amplitudes de espalhamento em Teoria de Supercordas,10/6/2013,out/12,set/15,Expirado,,,,0,0,0,10/2012 a 09/2015,Ricardo Iván Medina Bascur,IMC,Arquivado Caixa C ,
207,Micro Turbina a Gás: Projeto e Teste de Protótipo,10/6/2013,ago/13,ago/15,Expirado,,,,0,0,0,08/2013 a 08/2015,Marco Antonio Rosa do Nascimento,IEM,Arquivado Caixa C ,
208,Utilização de emulsões e processos oxidativos avançados na descontaminação de terra Fuller,10/6/2013,abr/13,abr/15,Expirado,FAPEMIG,"R$ 0,00","R$ 31.785,00",0,0,0,04/2013 a 04/2015,Milady Renata Apolinário da Silva,IFQ,Arquivado Caixa C ,
209,Percepções do Meio Ambiente: Memória de Itajubenses,10/6/2013,fev/13,nov/13,Expirado,,,,0,0,0,02/2013 a 11/2013,Sylvia da Silveira Nunes,IEPG,Arquivado Caixa A,
210,Relações Humanas no Ambiente Laboral,10/6/2013,ago/13,ago/14,Expirado,,,,0,0,0,08/2013 a 08/2014,Sylvia da Silveira Nunes,IEPG,Arquivado Caixa B,
211,Engenharia e Responsabilidade Social,10/6/2013,ago/13,ago/14,Expirado,,,,0,0,0,018/2013 a08/2014,Sylvia da Silveira Nunes,IEPG,Arquivado Caixa B,
212,Análise do Efeito da Eliminação da Camada de Zinco na Qualidade da Soldagem a Ponto em Chapas de Aços galvanizados,10/6/2013,jan/13,dez/14,Expirado,,,,0,0,0,01/2012 a 12/2014,Sebastião Carlos da Costa,IEPG,Arquivado Caixa B,
213,Modelagem e Controle de sistemas Não-lineares por Base de Funções Ortonormais Generalizadas com Funções Internas,28/6/2013,mai/13,abr/15,Expirado,FAPEMIG,,"R$ 26.628,00",0,0,0,05/2013 a 04/2015,Jeremias Barbosa Machado,IESTI,Arquivado Caixa C,
214,"Informação Geográfica, Sustentabildiade e Simulação Computacional Aplicados ao Planejamento de Transporte e Logística ",1/7/2013,jul/13,dez/15,Expirado,FAPEMIG,,"R$ 48.000,00",0,0,0,07/2013 a 12/2015,Renato da Silva Lima,IEPG,Arquivado Caixa C,
215,Desenvolvimento de aplicativos para Dispositivos Móveis Inteligentes,1/8/2013,ago/13,jun/14,Expirado,,,,0,0,0,08/2013 a 07/2014,André Bernardi,IESTI,Arquivado Caixa B,
216,Desenvolvimento de software para o ensino do gerenciamento de projetos de novos produtos,14/8/2013,mar/13,mar/16,Expirado,CNPq,,"R$ 39.600,00",0,0,0,03/2013 a 03/2016,Carlos Eduardo Sanches da Silva,IEPG,Relatório final entregue em 07/2019,
217,Desenvolvimento de ferramentas para o ensino de astronomia e cosmologia em conjunto com a utilização de uma lousa virtual,1/9/2013,set/13,set/14,Expirado,MEC - PET,,"R$ 400,00",0,0,1,09/2013 a 09/2014,Adhimar Flávio Oliveira,IEPG,Arquivado Caixa B,
218,Análise ambiental e termodinâmica da produção de cimento aplicando resíduos industriais,1/10/2013,out/13,out/16,Expirado,CNPq,,"R$ 7.637,50",0,0,0,10/2013 a 10/2016,Maria Luiza Grillo Renó,,Relatório Final entregue em 22/07/2020,
219,Uma biografia de Antônio Rodrigues d'Oliveira,30/10/2013,nov/13,dez/14,Expirado,MEC - PET,,"R$ 400,00",0,0,1,11/2013 a 12/2014,Mariana Feiteiro Cavalari,IMC,Arquivado Caixa B,
220,Educação Estatística,1/11/2013,nov/13,nov/14,Expirado,MEC - PET,,"R$ 400,00",0,0,1,11/2013 a 11/2014,Hévilla Nobre Cezar,IMC,Arquivado Caixa B,
221,"Uso de Microalgas para tratamento de efluente de indústria de laticínios com produção de biomassa para aplicação em nutracêuticos, bionergia e nutrição animal",1/11/2013,nov/13,nov/17,Expirado,CNPq,,"R$ 627.173,00",0,0,2,11/2013 a 11/2017,Marcelo Chuei Matsudo,IRN,Prorrogação da vigência do projeto por Memorando nº 671/2016 - IRN - Relatório final entregue em 18/04/2018 (e-mail)  // Arquivado CAIXA 001/2020,
222,"Levatamento do potencial de eficiência energética numa planta industrial considerando os aspectos técnicos, energéticos e econômicos",1/11/2013,nov/13,out/14,Expirado,,,,0,0,0,11/2013 a 10/2014,Roberto Akira Yamachita,ISEE,Arquivado Caixa B,
223,"Teoria Qualitativa das Equações Diferenciais, Mecânica Celeste e Aplicações II",11/11/2013,mar/13,fev/16,Expirado,CNPq,,"R$ 39.600,00",0,0,0,03/2013 a 02/2016,Luis Fernando de Osório Mello,IMC,relatório final entregue  // Arquivado CAIXA 001/2020,
224,Estudos em Mecânica Celeste com ênfase em configurações centrais e aplicações,11/11/2013,ago/13,nov/15,Expirado,FAPEMIG,,"R$ 4.800,00",0,0,0,08/2013 a 11/2015,Luis Fernando de Osório Mello,IMC,relatório final entregue por e-mail dia 15/01/2016,
225,Equações diferenciais ordinárias com aplicações em Geometria e Mecânica Celeste,11/11/2013,nov/13,out/16,Expirado,CNPq,,"R$ 17.000,00",0,0,0,11/2013 a 10/2016,Luis Fernando de Osório Mello,IMC,Relatório final entregue em 06/12/2016 (e-mail)  // Arquivado CAIXA 001/2020,
226,Nanoestruturas Cx(BN)y: estabilidade estrutural e propriedades eletrônicas de materiais com potencial aplicação tecnológica,12/11/2013,abr/13,mar/15,Expirado,FAPEMIG,,"R$ 19.456,50",0,0,0,04/2013 a 03/2015,Ana Cláudia Monteiro Carvalho,IFQ,Arquivado Caixa B,
227,Caracterização de compósitos poliméricos e materiais cerâmicos,12/11/2013,mar/13,fev/16,Expirado,CNPq,,"R$ 39.600,00",1,0,0,03/2013 a 02/2016,Carla Patrícia Lacerda Rubinger,IFQ,Relatório Final entregue em 09/2019,
228,Pertubarção de buracos negros aplicada à correspondência AdS/CFT,13/11/2013,out/13,out/16,Expirado,CNPq,,"R$ 10.000,00",0,0,0,10/2013 a 10/2016,Alan Bendasoli Pavan,IFQ,Relatório final entregue no dia 14/05/2019 // Arquivado em CAIXA 01/2020,
229,Caos em sistemas experimentais com aplicações em engenharia,13/11/2013,nov/13,out/16,Expirado,CNPq,,"R$ 16.000,00",2,1,0,11/2013 a 10/2016,José Carlos Sartorelli,,,
230,"Fabricação, Caracterização e Otimização de Painés Fotovoltaícos DSSC de Baixo Custo, utilizando impressora de jato de tinta",13/11/2013,out/13,set/16,Expirado,CNPq,,"R$ 31.000,00",0,0,0,10/2013 a 09/2016,Rero Marques Rubinger,IFQ,Relatório Final entregue em 22/07/2020,
231,Posta Educativa entre um Centro de Ciência e a Escola Básica: Estudo de um caso envolvendo um professor de Física,25/11/2013,nov/13,out/14,Expirado,MEC-PET,,"R$ 400,00",0,0,0,11/2013 a 10/2014,Luciano Fernandes Silva,IFQ,Arquivado Caixa B,
232,Produção de DVDs de experimentos de Física de baixo custo para a educação básica,25/11/2013,nov/13,out/14,Expirado,MEC - PET,,"R$ 400,00",0,0,1,11/2013 a 10/2014,Newton Figueiredo Filho,IFQ,Arquivado Caixa B,
233,Livreto de experimentos de Física de baixo custo para a educação básica,25/11/2013,nov/13,out/14,Expirado,MEC - PET,,"R$ 400,00",0,0,0,11/2013 a 10/2014,Newton Figueiredo Filho,IFQ,Arquivado Caixa B,
234,Estudo termodinâmico de formação de complexos de inclusão em solução,1/1/2014,jan/14,dez/16,Expirado,CNPq,,"R$ 25.335,00",0,0,0,01/2014 a 12/2016,Juliana Fedoce Lopes,IFQ,Relatorio final entregue em 13/07/17  // Arquivado CAIXA 01/2020,
235,Estudo de Casos e experimentação investigativa desperando o interesse pela Química,1/1/2014,jan/14,abr/15,Expirado,MCTI/CNPq,,"R$ 15.500,00",0,0,4,01/2014 a 04/2015,Geise Ribeiro,IFQ,Arquivado Caixa B,
236,"Singularidades, geometria de subvariedades no espaço Minkowski e Equações diferenciais ordinárias",1/2/2014,fev/14,nov/16,Expirado,FAPEMIG,,"R$ 8.820,00",0,0,0,02/2014 a 11/2016,Fabio Scalco Dias,IMC,Relatorio final entregue ( 06/2017 ) // Arquivado CAIXA 01/2020,
237,Estudo do reaproveitamento do aço AISI 52100 pela rota de metalurgia do pó utilizando moagem de alta energia,1/2/2014,fev/14,fev/16,Expirado,FAPEMIG,,"R$ 21.900,00",0,0,0,02/2014 a 02/2016,Geovani Rodrigues,IEM,RELATORIO FINAL ENTREGUE POR E-MAIL EM 24/02/17 // Arquivado CAIXA 01/2020,
238,Produção de cimento portland com o coprocessamento de resíduos industriais e o uso de mineralizadores,1/2/2014,fev/14,fev/17,Expirado,FAPEMIG,,"R$ 12.705,00",0,0,0,02/2014 a 09/2016,Rogério José da Silva,IEM,relatorio final entregue no dia 22/03/2017 - entregue no dia 19/04/2017 o mesmo relatorio entregue para fapemig // Arquivado CAIXA 01/2020,
239,Eletrossíntese de Poli(2-hidróxietilmetacrilato) contendo Sulfato de Condroitina para aplicações biomédicas,1/2/2014,fev/14,fev/16,Expirado,FAPEMIG,,"R$ 22.000,00",0,1,2,02/2014 a 02/2016,Maria Elena Leyva González,IFQ,relatório final entregue em 08/06/2017 por e-mail  // Arquivado CAIXA 001/2020,
240,Estudo de hidrogéis de pole(2-hidróxietilmetacrilato) contendo sulfato de condroitina no tratamento de lesões de cartilagem articular,1/2/2014,fev/14,fev/16,Expirado,,,,0,0,0,02/2014 a 02/2016,Maria Elena Leyva González,IFQ,Relarorio final entregue  // Arquivado CAIXA 001/2020,
241,Otimização das condições de usinagem utilizando projetos de experimentos e redes neurais,10/2/2014,jul/13,jun/15,Expirado,FAPEMIG,"R$ 1.000.000,00","R$ 48.000,00",1,0,0,07/2013 a 06/2015,João Roberto Ferreira,IEPG,Arquivado Caixa C ,
242,Modernização dos treinadores FTD do helicoptero Fennec do Ciavex,1/3/2014,mar/14,fev/17,Expirado,FAPEMIG,,"R$ 76.800,00",1,2,1,03/2014 a 02/2017,Alexandre Carlos Brandão Ramos,IEM,Relatório Final entregue // Arquivado CAIXA 01/2020,
243,GEOINFORMÁTICA: Ampliando as aplicações em logística e transportes,1/7/2011,jul/11,jun/13,Expirado,FAPEMIG,,"R$ 48.000,00",0,0,0,07/2011 a 06/2013,Renato da Silva Lima,IEPG,Arquivado caixa A,
244,"Fabricação, Caracterização e Otimização de Painés Fotovoltaícos DSSC de Baixo Custo, utilizando impressora de jato de tinta--(Vinculado ao 230)--",6/3/2014,abr/14,mar/17,Expirado,CNPq,,,1,0,0,04/2014 a 03/2017,Rero Marques Rubinger,IFQ,Relatório Final entregue em 24/07/2020,
245,Cenários Curriculares: Flagrantes de Práticas Docentes no Ensino Médio ,30/3/2014,abr/13,dez/14,Expirado,,,,0,0,0,04/2013 a 12/2014,Rita de Cássia Magalhães Trindade Stano,,Arquivado Caixa B,
246,Desenvolvimento de tecnologias para determinação de perdas e rendimento em motores elétricos,1/4/2014,abr/14,jun/15,Expirado,,,,0,0,0,04/2014 a 06/2015,Roberto Akira Yamachita,ISEE,Arquivado Caixa C,
247,Um Olhar Metafórico a Ciência-Arte-Educaçã: Relato de novas práticas docentes,2/4/2014,abr/14,nov/14,Expirado,,,,0,0,0,04/2014 a 11/2014,Rita de Cássia Magalhães Trindade Stano,,Arquivado Caixa B relatorio final entregue por email 26/05/2015,
248,Avaliação teórica experimental de equipamentos de geração de energia hermotérmica: solar Dish e ORC (CNPq - 406966-2013-3),23/4/2014,dez/13,dez/18,Expirado,CNPq,,"R$ 141.400,00",0,2,0,12/2013 a 12/2016,Osvaldo José Venturini,IEM,Projeto com prorrogação de vigência de dez/2016 p/ dez/2017 (mem. 734/2016 - IEM)- Prorrogado em 15/01/2018 até 12/2018.,
249,Diagnóstico do desempenho termodinânico e ambiental e microturbinas a gás operando com biocombustíveis de segunda e terceira geração (FAPEMIG - APQ-02579-13),23/4/2014,jul/13,mar/16,Expirado,FAPEMIG,,"R$ 38.535,00",0,0,0,07/2013 a 03/2016,Osvaldo José Venturini,IEM,RELATORIO ENTREGUE 02/03/2017 - 117/2017/IEM  // Arquivado CAIXA 001/2020,
249,Diagnóstico do desempenho termodinânico e ambiental e microturbinas a gás operando com biocombustíveis de segunda e terceira geração (FAPEMIG - APQ-02579-13),23/4/2014,jul/13,,,FAPEMIG,,"R$ 38.535,00",0,0,0,07/2013 a 03/2016,Vladimir Rafael Melián Cobas,IEM,,
252,Desenvolvimento de Sistema de Montagem de Chicotes Elétricos,27/5/2014,dez/12,dez/15,Expirado,FAPEMIG,,"R$ 76.673,00",0,1,0,12/2012 a 12/2015,Carlos Eduardo Sanches da Silva,IEPG,Arquivado Caixa C,
253,Indicativos de Desenvolvimento do Município de Itajubá - MG: Investimentos Públicos e Privados,27/5/2014,mai/14,jul/16,Expirado,FAPEMIG,,"R$ 32.163,00",0,0,0,05/2014 a 07/2016,Carlos Alberto Máximo Pimenta,IEPG,Relatório Final entregue em 2018,
254,Otimização Multivariada de Processos Dinâmicos e Correlacionados,27/5/2014,jul/13,jun/15,Expirado,FAPEMIG,,"R$ 48.000,00",0,0,0,07/2013 a 06/2015,Pedro Paulo Balestrassi,IEPG,Arquivado Caixa C,
255,Otimização Multivariada de Processos Dinâmicos e Correlacionados(vinculado ao 254),27/5/2014,nov/12,out/15,Expirado,CNPq-UNIVERSAL,,"R$ 20.200,00",0,0,0,11/2012 a 10/2015,Pedro Paulo Balestrassi,IEPG,Arquivado Caixa C,
256,Extração das Características de Consumo Domiciliar de Enegia Elétrica,27/5/2014,mar/12,fev/15,Expirado,CNPq (Pesquisador ID),,"R$ 43.200,00",0,0,0,03/2012a 02/2015,Pedro Paulo Balestrassi,IEPG,Arquivado Caixa C,
257,Desenvolvimento de um Microsistema de Eletrocardiografia para o Monitoramento e o apoio a diagnóstico remoto de pacientes cardiopatas,3/6/2014,jan/14,dez/19,Expirado,FINEP - Edital DECIIS,"R$ 237.500,00","R$ 1.200.910,00",1,1,0,01/2014 a 12/2019,Luis Henrique de Carvalho Ferreira,IESTI,Prorrogado até 12/2018   -   Prorrogado para 12/2019 em 07/12/2018// Relatório Final entregue em 04/2020,
259,Acessibilidade no Ambiente Virtual de Aprendizagem MOODLE: Análise das disciplinas Psicologia da Educação e Didática,6/6/2014,ago/14,jul/15,Expirado,,,,0,0,2,08/2014 a 07/2015,Denise Pereira de Alcântara Ferraz,IFQ,Arquivado Caixa C,
260,Simulação a eventos discretos e sua integração a outras técnicas para melhorias nas decisões das empresas - Bolsa de Produtividade em Desenvolvimento Tecnpçógico e Extensão Inovadora - DT,6/6/2014,mar/14,mar/17,Expirado,CNPq,,,1,0,0,03/2014 a 03/2017,José Arnaldo Barra Montecvechi,IEPG,Relatório Final entregue em 10/2020,
261,Simulação a eventos discretos e sua integração a outras técnicas para melhorias no processo de tomada de decisões - EDITAL 03/2013 - PROGRAMA PESQUISADOR MINEIRO - PPM VII,6/6/2014,jul/13,jul/15,Expirado,FAPEMIG,,,1,0,0,07/2013 a 07/2015,José Arnaldo Barra Montecvechi,IEPG,Arquivado Caixa C,
262,Parabolic PDEs with variable nonlinearity: Existence and Qualitative Properties of Solutions,9/6/2014,mar/14,mar/17,Expirado,CAPES,,"R$ 68.500,00",0,0,0,03/2014 a 03/2017,Jacson Simsen,IMC,Relatório Final entregue em 07/2020,
263,Simulação Digital em tempo real no contexto das redes inteligentes,13/6/2014,mar/13,fev/16,Expirado,CNPq,,"R$ 36.000,00",1,2,0,03/2013 a 02/2016,Paulo Márcio da Silveira,ISEE,Relatório Final entregue em 07/2020,
264,Criação e Utilização de materiais em vídeo para o ensino de tópicos de Física Moderna e Contemporânea no Ensino Médio,1/8/2014,ago/14,dez/15,Expirado,Programa de Educação Tutorial - Licenciatura em Exatas,,,0,0,0,08/2014 a 12/2015,João Ricardo Neves da Silva,IFQ,Arquivado Caixa C,
265,Análise envoltória de dados: avaliação da eficiência sob condições de risco e incerteza na otimização de portfólios,14/9/2014,fev/14,fev/16,Expirado,,,,1,5,1,02/2014 a 02/2016,Edson de Oliveira Pamplona,IEPG,Relatório Final Aprovado em 30/09/2020,
266,Experimento do InterCiências e o Ensino de Física para alunos com nenhuma ou pouca visão,17/9/2014,out/14,set/15,Expirado,MEC (PET),,,0,0,1,10/2014 a 09/2015,Antônio Luiz Fernandes Marques,IFQ,Arquivado Caixa C,
267,Desenvolvimento de experimentos controlados remotamente para o ensino de física,30/9/2014,nov/14,out/15,Expirado,MEC-SiSu,,,0,0,0,11/2014 a 10/2015,Thiago Costa Caetano,IFQ,Arquivado Caixa C,
268,O uso de atividades experimentais de ilusão de óptica como elemento motivador para o Ensino de Física,30/9/2014,nov/14,out/15,Expirado,MEC-SiSu,,,0,0,0,11/2014 a 10/2015,Agenor Pina da Silva,IFQ,Arquivado Caixa C,
269,Padrões em Problemas Reação e Difusão ,1/10/2014,out/14,dez/15,Expirado,,,,0,0,0,10/2014 a 12/2015,Maicon Sônego,IMC,Arquivado Caixa C,
270,Soluções Estacionárias Estáveis em Problemas sobre Superfícies de Revolução,1/10/2014,out/14,out/15,Expirado,,,,,,,10/2014 a 12/2015,Maicon Sônego,IMC,Arquivado Caixa C,
271,"Modelos e Métodos em Biomatemática: Invasões Biológicas, Transcrição Críticas em Ecossistemas e Epidemologia",1/10/2014,out/14,dez/16,Expirado,,,,0,0,0,10/2014 a 12/2016,Artur César Fassoni,IMC,Relatório final entregue em 10/05/2018 // Arquivado CAIXA 01/2020,
272,Modelagem Matemática em Câncer,1/10/2014,out/14,dez/16,Expirado,,,,0,0,0,10/2014 a 12/2016,Artur César Fassoni,IMC,Relatório final entregue em 10/05/2018 // Arquivado CAIXA 01/2020,
273,Plano Argand-Gauss e o Ensino de Matemática,1/10/2014,out/14,out/15,Expirado,MEC - PET,,,0,0,1,10/2014 a 10/2015,Mariana Feiteiro Cavalari,IMC,Arquivado Caixa B,
274,Um Estudo Sobre Possíveis Equívocos na História da Física e Matemática,1/10/2014,out/14,out/15,Expirado,MEC - PET,,,0,0,1,10/2014 a 10/2015,Mariana Feiteiro Cavalari,IMC,Arquivado Caixa B,
275,Reprodução e utilização didática dos experimentos de equilíbrio e o centro de gravidade de Arquimedes: um estudo histórico e experimental para a construção da relação física-matemática em um centro de ciências ,1/10/2014,jul/14,jul/15,Expirado,Programa de Educação Tutorial - PET,,,0,0,0,07/2014 a 07/2015,João Ricardo Neves da Silva,IFQ,Arquivado Caixa C,
276,Teoria Qualitativa das Equações Diferenciais ,6/10/2014,mar/14,abr/17,Expirado,CAPES,,"R$ 150.000,00",0,0,0,03/2014 a 04/2017,Regilene Delazari dos Santos Oliveira,IMC,Relatório final entregue em 10/05/2017 - por email // Arquivado CAIXA 01/2020,
278,Projeto e implementação de dispositivo para Transmissão de Energia Elétrica sem fios por modos ressonantes auto-sintonizante,21/10/2014,fev/14,fev/16,Expirado,FAPEMIG,,"R$ 27.825,00",0,0,0,02/2014 a 02/2016,Leonardo Breseghello Zoccal,IESTI,Relatório entregue por E-mail dia 14/09/2016  // Arquivado CAIXA 001/2020,
279,Implementação de Algoritmos em Hardware reconfigurável para o Desenvolvimento de Sistemas Embarcados,22/10/2014,jun/14,dez/17,Expirado,CAPES,,"R$ 30.863,00",0,4,0,06/2014 a 12/2017,Tales Cleber Pimenta,IESTI,Relatório entregue em 29/06/2020,
280,O impossível da educação como processo e a constituição do sujeito no campo da cultura: alguns apontamentos sobre as diferenças entre o ensinar e o educar,27/10/2014,fev/14,ago/14,Expirado,,,,0,0,0,02/2014 a 08/2014,Rogério Rodrigues,IFQ,Arquivado Caixa B,
281,"Detalhamento de mapa pedológico da bacia do Ribeirão das Pedras, no sul de Minas Gerais, através de subclasses de relevo e associações com a paisagem local",3/11/2014,jan/14,dez/15,Expirado,,,,0,0,0,01/2014 a 12/2015,Maria Inês Nogueira alvarenga,IRN,Arquivado Caixa C,
282,Tecnologias Alternativas Aplicadas na Obtenção de Materiais nanoestruturados,6/11/2014,fev/14,fev/17,Expirado,FAPEMIG,-,"R$ 34.566,00",0,0,0,02/2014 a 02/2017,Maria Virgínia Gelfuso,IEM,Relatorio final entregue via e-mail no dia 23/06/2017  // Arquivado CAIXA 001/2020,
284,Gravidade entrópica e mecânica estatística do campo escalar em espaços com paredes refletoras,13/11/2014,abr/13,abr/15,Expirado,FAPEMIG,,"R$ 5.775,00",0,0,0,04/2013 a 04/2015,Edisom de Souza Moreira Junior,IEM,Arquivado Caixa C Relatorio entregue dia 27/05/2015,
285,A influência de tratamentos superficiais nas propriedades mecânicas e resistência à corrosão de Ligas metálicas,21/11/2014,nov/14,nov/16,Expirado,,,,0,0,0,08/2014 a 11/2016,Silmara Cristina Baldissera Kabayama,IEM,,
286,Geometria de modelos cosmológicos,21/11/2014,dez/14,dez/18,Expirado,,,,0,0,0,12/2014 a 12/2018,Leandro Gustavo Gomes,IMC,Relatório Final entregue em 08.02.2019  // Arquivado CAIXA 001/2020,
287,Soluções Exatas das equações de Einstein e aplicações,21/11/2014,dez/14,dez/18,Expirado,,,,0,0,0,12/2014 a 12/2018,Leandro Gustavo Gomes,IMC,Relatório Final entregue em 08.02.2019  // Arquivado CAIXA 001/2020,
289,Determinação da capacidade de uso dos solos do município de conceição das pedras - MG,13/11/2014,mai/14,dez/15,Expirado,,,,0,0,0,05/2014 a 12/2015,Maria Inês Nogueira alvarenga,IRN,Arquivado Caixa C,
290,Combustão de biocombustíveis na indústria aeronáutica e de glicerol como aproveitamento energético.,14/11/2014,mar/13,mar/16,Expirado,CNPq,,,1,0,1,01/2013 a 01/2016,Christian Jeremi Coronado Rodriguez,IEM,Relatorio final entregue no dia 20/02/2017 por email. // Arquivado CAIXA 01/2020,
291,Estudo da atomização e caractrização de injetores utilizando óleo pirolítico de pneu usado puro e em misturas com diesel convencional e/ou biodiesel de óleo de soja,14/11/2014,mar/14,dez/17,Expirado,"CNPQ -  Processo 442050/2014-3 (atualização realizada em 17/04/2015), à pedido do Prof. Christian",,"R$ 54.000,00",0,1,0,03/2014 a 12/2017,Christian Jeremi Coronado Rodriguez,IEM,Relatorio Final entregue 12/12/2018 // Arquivado CAIXA 01/2020,
292,Viabilidade técnica e econômica da produção de biodiesel. Estudo de caso de uma empresa produtora de soja no Rio grande do sul,14/11/2014,mar/14,ago/16,Expirado,,,,0,0,1,03/2014 a 08/2016,Christian Jeremi Coronado Rodriguez,IEM,Relatorio final entregue no dia 20/02/2017 por email. // Arquivado CAIXA 01/2020,
293,Injeção de Etanol no compressor de uma Microturbina à gás,14/11/2014,mar/14,mar/16,Expirado,PROAP,"R$ 19.875,00",,0,1,0,03/2014 a 03/2016,Christian Jeremi Coronado Rodriguez,IEM,Relatorio final entregue no dia 20/02/2017 por email. // Arquivado CAIXA 01/2020,
294,"Participação na competição latino americana de robótica: Categorias fitebol simulado 2D, festo robotino logistics competition, e IEEE open",13/11/2014,set/14,mar/16,Expirado,FAPEMIG,," R$ 19.278,00 ",0,0,0,09/2014 a 03/2016,"Guilherme Sousa Bastos
",IESTI,relatório final entregue em 17/05/2019 // Arquivado CAIXA 01/2020,
295,Desenvolvimento das interfaces em LabView para controle remoto de experimentos de Física,30/11/2014,nov/14,out/15,Expirado,MEC-SISU,,,0,0,0,11/2014 a 10/2015,Thiago Costa Caetano,IFQ,Arquivado Caixa C,
296,Caracterização física de filmes dielétricos porosos de constante dielétrica ultra-baixa (ULK para uso como intercamada de interconexões de última geração,14/11/2014,jun/14,jun/17,Expirado,,,,0,0,0,06/2014 a 06/2017,Danilo Roque Huanca,IFQ,Relatorio final entregue e aprovado em 06/07/17 // Arquivado CAIXA 01/2020,
297,Caracterização óptica estrutural de cristais fotônicos unidimensionais fabricados em silício poroso,14/11/2014,jun/14,jun/17,Expirado,,,,0,0,0,06/2014 a 06/2017,Danilo Roque Huanca,IFQ,Relatório final entregue e aprovado em 06/07/17 // Arquivado CAIXA 01/2020,
299,Engenharia de fatores humanos no processo de Desenvolvimento  de Equipamentos Médicos,10/12/2014,jan/15,fev/17,Expirado,CNPq,," R$ 55.000,00 ",2,1,0,01/2015 a 02/2017,Carlos Henrique Pereira Mello,IEPG,Relatório final entregue em 10/01/2018 // Arquivado CAIXA 01/2020,
,,,,,,,,,,,,,Luciana Krauss Rezende,IFQ,,
300,Fenômenos de multirefringência & sistemas quânticos na presença de fronteiras,1/12/2014,mar/13,fev/16,Expirado,CNPq,,,1,0,0,03/2013 a 02/2016,Vitorio Alberto De Lorenci,IFQ,Relatorio final entregue em 25/07/2017  // Arquivado CAIXA 01/2020,
301,Análise Experimental e Numérica de Problemas de Engenharia envolvendo Transferência de calor,4/3/2015,mar/15,fev/18,Expirado,CNPq,10000," R$ 39.600,00 ",1,8,4,03/2015 a 02/2018,Sandro Metrevelle Marcondes de Lima e Silva,IEM,Relatorio final entregue em 20/04/2018 // Arquivado CAIXA 01/2020,
303,Caracterização  de cenário de alta fidelidade de U.T.I. Neonatal para Laboratório de Usabilidade através da aplicação da Análise Ergonômica do Trabalho.,6/3/2015,set/14,ago/17,Expirado,CAPES - PNPD EDITAL 03/2014,," R$ 53.200,00 ",1,2,3,09/2014 a 08/2017,Alexandre Carlos Brandão Ramos,IMC,Prorrogado a vigencia para 08/2017 em 24/04/15 - Relatório final entrgue em 10/01/2018. // Arquivado CAIXA 01/2020,
305,Programa Santos Dumont Participação da UNIFEI na Micro Air Vehicle Competition - IMAV,9/3/2014,set/14,ago/17,Expirado,FAPEMIG - APQ - 01579-14,," R$ 24.743,00 ",1,1,4,09/2014 a 08/2017,Alexandre Carlos Brandão Ramos,IMC,Relatorio final entregue em 13/11/2017 // Arquivado CAIXA 01/2020,
306,Quanto vale o dinheiro para os Jovens? Avaliação e Construção do conhecimento de Educação financeira nas escolas públicas de Itajubá/MG,9/3/2015,mar/15,fev/16,Expirado,MEC/SESU,," R$ 40.755,00 ",0,0,3,03/2015 a 02/2016,André Luiz Medeiros,IEPG,Relatorio final entregue // Arquivado CAIXA 01/2020,
307,Estudo Terórico de Mecaismos de Adsorção de Gases Leves e de reações catalisadas por Metal-Organic Frameworks,22/4/2015,jan/15,jan/18,Expirado,CNPq,," R$ 28.350,00 ",0,0,0,01/2015 a 01/2018,Guilherme Ferreira de Lima,IEPG,,
308,Simulação a eventos discretos e sua integração a outras técnicas para melhorias no processo de tomada de decisões,29/4/2015,dez/14,dez/17,Expirado,CNPq,," R$ 28.500,00 ",1,0,1,12/2014 a 12/2017,José Arnaldo Barra Montecvechi,IEPG,Relatório Final entregue em 10/2020,
309,Investigação computacional da Absorção de gases leves e de processos Catalíticos em metal - Organic Frameworks,30/4/2015,mai/15,abr/17,Expirado,CNPq,," R$ 19.500,00 ",0,0,0,05/2015 a 04/2017,Guilherme Ferreira de Lima,IEPG,,
310,Utilização da modelagem e Simulação em Eventos Discretos na  Logística Reversa de Materiais Recicláveis,8/5/2015,nov/14,mai/18,Expirado,CNPq,," R$ 43.758,00 ",1,0,1,11/2014 a 11/2017,Renato da Silva Lima,IEPG,Prorrogado em 20/04/18 até 05/2018,
311,Determinação dos Hormônios Sintéticos 17-ALFA-ETINILESTRADIOL E LEVONORGESTREL em águas superficiais do rio Sapucaí na cidade de  Itajubá/MG,8/5/2015,dez/13,jun/15,Expirado,CNPq,," R$ 19.980,00 ",4,0,0,12/2013 a 06/2015,Sandro José de Andrade,IFQ,Arquivado Caixa C,
312,Inspeção de Linhas de Transmissão de Energia Elétrica com Mini Vant,27/4/2015,mar/13,fev/17,Expirado,CNPq,," R$ 39.600,00 ",1,2,1,03/2014 a 02/2017,Alexandre Carlos Brandão Ramos,IMC,Relatório Final entregue // Arquivado CAIXA 01/2020,
313,Otimização das Condições de Usinagem em Torneamento e Fresamento,12/5/2015,mar/15,fev/19,Expirado,CNPq," R$ 100.000,00 "," R$ 105.600,00 ",1,0,0,03/2015 a 02/2019 ,João Roberto Ferreira,IEPG,Relatório final entregue em 30/05/2019 // Arquivado CAIXA 01/2020,
314,Automatização de Parâmetros de Controle com Auxílio de Redes Neurais Artificiais Aplicados em Sistemas Elétricos de Potência,28/5/2015,jul/14,jun/17,Expirado,FAPEMIG,," R$ 48.000,00 ",0,0,0,07/2014 a 06/2017,Benedito Isaias Lima Lopes,ISEE,Relatório final entregue e aprovado em 06/07/17 // Arquivado CAIXA 01/2020,
315,Sintonia Automatizada de Parâmetros de Controle em Sistemas Dinâmicos não Lineares com Auxílio de Redes Neurais Artificiais e Modelos Híbridos com Design Review,28/5/2015,mar/13,fev/16,Expirado,CNPq,," R$ 39.600,00 ",0,0,0,03/2013 a 02/2016,Benedito Isaias Lima Lopes,ISEE,relatorio final entregue no dia 03/03/2017 por email. // Arquivado CAIXA 01/2020,
316,Modelo de Referência para Análise de Riscos em Projetos por Meio de Técnicas de Gestão do Conhecimento,1/6/2015,jun/13,jun/15,Expirado,"CNPq e FAPEMIG CNPq - 39.600,00 Fapemig - 48.000,00"," R$ 12.000,00 "," R$ 87.900,00 ",0,0,5,06/2013 a 06/2015,Carlos Eduardo Sanches da Silva,IEPG,Arquivado Caixa C,
317,A importância dos mercados locais e institucionais para a agricultura familiar e o desenvolvimento local em municípios do Sul de Minas Gerais,24/6/2015,ago/15,ago/17,Expirado,,,,,,,08/2015 a 08/2017,Viviane Guimarães Pereira,IEPG,Relatorio final entregue e aprovado em 06/07/17  // Arquivado CAIXA 01/2020,"7,7"
318,ANÁLISE DA POROSIDADE RESIDUAL DE LIGAS DE Ti-Nb UTILIZANDO RECONSTRUÇÃO TRIDIMENSIONAL,24/6/2015,ago/15,ago/17,Expirado,,,,,,,08/2015 a 07/2017,Márcia Regina Baldissera Rodrigues,IRN,concluído em maio/2017. Relatório entregue por e-mail em 01/06/2017  // Arquivado CAIXA 001/2020,"9,35"
319,Análise financeira: estudo de múltiplos casos em empresas de base tecnológica de Itajubá,24/6/2015,jul/15,jul/16,Expirado,,,,,,,07/2015 a 07/2016,Andréa Aparecida da Costa Mineiro,IEPG,Entregou relatório final po memorando 361/2016 - IEPG // Arquivado CAIXA 01/2020,"7,75"
320,"Aplicação de modelagem dinâmica do escoamento superficial em áreas urbanas, com auxílio de geoprocessamento",24/6/2015,ago/15,jul/16,Expirado,,,,,,,08/2015 a 07/2016,Nívea Adriana Dias Pons,IRN,ENTREGOU RELATÓRIO FINAL EM 13/02/2017  // Arquivado CAIXA 001/2020,"8,15"
321,Aprimoramento da análise de sensibilidade topológica aplicada no projeto estrutural de componentes em material compósito laminado,24/6/2015,ago/15,ago/17,Expirado,,,,,,,08/2015 a 08/2017,Bruno Silva de Sousa,IEM, Relatorio Final entregue 11/05/2018 // Arquivado CAIXA 01/2020,8
322,Aproveitamento da Energia Solar em Turbinas a Gás Híbridas,24/6/2015,ago/15,ago/17,Expirado,,,,,,,08/2015 a 08/2017,Christian Jeremi Coronado Rodriguez,IEM,Relatorio Final entregue 12/12/2018 // Arquivado CAIXA 01/2020,"6,75"
323,Balanço energético e de emissões de obras de fundações por estacas,24/6/2015,ago/15,jul/16,Expirado,,,,,,,08/2015 a 07/2016,Adinele Gomes Guimarães,IRN,Relatório entregue por E-mail dia 29/09/2016 // Arquivado CAIXA 01/2020,"9,22"
324,Balanço Hídrico Climatológico para Minas Gerais baseado no cenário atual e projeções de mudanças climáticas,24/6/2015,jun/15,jun/18,Expirado,,,,,,,06/2015 a 06/2018,Fabrina Bolzan Martins,IRN,Relatório Final entregue em 19/05/2017,"9,1"
325,Caracterização funcional e estrutural da toxina Ghot de Salmonellaenterica e avaliação de sua participação no fenômeno de persistência celular bacteriano,24/6/2015,ago/15,jul/17,Expirado,,,,,,2,08/2015 a 07/2017,Luiz Carlos Bertucci Barbosa,IRN,Relatório final entregue em 01/02/2018.  // Arquivado CAIXA 001/2020,"7,96"
326,Condomínio sustentável: adequações normativas,24/6/2015,ago/15,jul/16,Expirado,,,,,,,08/2015 a 07/2016,Daniela Rocha Teixeira Riondet Costa,IRN,Relatorio de Conclusão entregue em 24.04.2018 // Arquivado CAIXA 01/2020,"6,64"
327,Construções e materiais sustentáveis Área: Engenharia,24/6/2015,ago/15,jul/16,Expirado,,,,,,,08/2015 a 07/2016,Valquíria Claret dos Santos,IRN,RELATORIO ENTREGUE 01/02/2017  // Arquivado CAIXA 01/2020,6
328,Correções de ordem superior na teoria de Super Yang-Mills em D=10,24/6/2015,jun/15,fev/16,Expirado,,,,,,,06/2015 a 02/2016,Ricardo Iván Medina Bascur,IMC,Relatório entregue por E-mail dia19/09/2016 // Arquivado CAIXA 01/2020,"9,45"
329,Desenvolvimento de métodos analíticos para determinação de substâncias provenientes da degradação de óleo vegetal isolante,24/6/2015,ago/15,ago/17,Expirado,,,,,,,08/2015 a 08/2017,Flávio Soares Silva,IFQ,Relatório final entregue em 03/05/2018 // Arquivado CAIXA 01/2020,"8,75"
330,"Desenvolvimento De Projetos De Modelagem E Simulação Através Do Uso Integrado De Técnicas De  Modelagem De Processos, Análise De  Postos De Trabalho E Experimentação",24/6/2015,jun/15,jun/17,Expirado,,,,,,,06/2015 a 06/2017,Fabiano Leal,IEPG,Relatório Final Aprovado em 30/09/2020,9
331,Desenvolvimento De ReatorConcentrador Parabólico (Cpc) Para Uso Em Processo Foto-Fenton Heterogêneo Empregando Como Catalisador Ferritas De Pilhas Descartadas ,24/6/2015,jun/15,jun/17,Expirado,,,,,,,06/2015 a 06/2017,Milady Renata Apolinário da Silva,IFQ,Relatório FINAL entregue em NOVEMBRO/2017  // Arquivado CAIXA 001/2020,"9,35"
332,Desenvolvimento de revestimentos para material multifuncional utilizado na proteção do trabalhador rural,24/6/2015,jun/15,jun/17,Expirado,,,,,,,06/2015 a 06/2017,Rossano Gimenes,IFQ,Relatorio final entregue dia 10.05.2018 // Arquivado CAIXA 01/2020,"8,45"
333,Desenvolvimento de um Repositório de Recursos Educacionais Abertos de Engenharia,24/6/2015,ago/15,jul/16,Expirado,,,,,,,08/2015 a 07/2016,Cláudia Eliane da Matta,ISEE,Relatório final entregue por e-mail dia 31/10/2016 // Arquivado CAIXA 01/2020,"6,64"
334,Desenvolvimento de um sistema automatizado para o controle do ataque de formigas às colmeias de Apis melifera,24/6/2015,ago/15,ago/16,Expirado,,,,,,1,08/2015 a 08/2016,Andreia Arantes Borges,IRN,Relatório final entregue por e-mail dia 14/09/2016 // Arquivado CAIXA 01/2020,"8,22"
335,Desenvolvimento de uma atividade prática de ensino baseado em problemas envolvendo conceitos de estoques e teoria das restrições,24/6/2015,ago/15,jul/16,Expirado,,,,,,,08/2015 a 07/2016,José Henrique de Freitas Gomes,IEPG,"Relatório final entregue em 09/11/2016, enviado por e-mail. // Arquivado CAIXA 01/2020","9,3"
336,Desenvolvimento e análise de algoritmos para tratamento de falhas no controle de processos químicos,24/6/2015,ago/15,ago/17,Expirado,,,,,,,08/2015 a 08/2017,Thiago Vaz da Costa,IRN,Relatório final entregue em 07/05/2018  // Arquivado CAIXA 01/2020,"9,37"
337,Desenvolvimento modelos e técnicas para monitoração e diagnóstico termodinâmico de usinas e sistemas térmicos,24/6/2015,jul/15,jun/17,Expirado,,,,,,,07/2015 a 06/2017,Osvaldo José Venturini,IEM,Relatório final entregue em 23/04/2019  // Arquivado CAIXA 001/2020,"8,5"
338,Determinação de Hidrocarbonetos Policíclicos Aromáticos em matrizes ambientais,24/6/2015,ago/15,ago/17,Expirado,,,,,,,08/2015 a 08/2017,Flávio Soares Silva,IFQ,Relatório final entregue em 18/04/18 // Arquivado CAIXA 01/2020,"8,15"
339,Determinação e remoção de hormônios em águas superficiais,24/6/2015,jul/15,jun/17,Expirado,,,,,,,07/2015 a 06/2017,Sandro José de Andrade,IFQ,Relatorio final entregue 01/12/2017 // Arquivado CAIXA 01/2020,"8,9"
340,Dinâmica em baixas dimensões: fluxos geométricos de lorenz e suas aplicações.,24/6/2015,ago/15,jul/17,Expirado,,,,,,,08/2015 a 07/2017,José Humberto Bravo Vidarte,IMC,Relatório Final Aprovado em 30/09/2020,"9,22"
341,Estimativa do uso de cocaína no sul do estado de Minas Gerais a partir da determinação de metabólitos da droga em esgoto doméstico.,24/6/2015,jul/15,jun/17,Expirado,,,,,,,07/2015 a 06/2017,Sandro José de Andrade,IFQ,Relatorio final entregue em 01/12/2017 // Arquivado CAIXA 01/2020,"8,3"
342,Estruturas de seção mista madeira-concreto: Uma alternativa sustentável,24/6/2015,ago/15,ago/17,Expirado,,,,,,,08/2015 a 08/2017,Paulo Cesar Gonçalves,IRN,Alteração em Registro de Pesquisa dia 13/07/2016. Memorando nº 572/2016 - IRN/Relatório final entregue em 20/11/2017 // Arquivado CAIXA 01/2020,"6,35"
343,Estudo de alternativas de reúso de água cinza em edificações,24/6/2015,ago/15,jul/17,Expirado,,,,,,,08/2015 a 07/2017,Marcia Viana Lisboa Martins,IRN,Alteração em Registro de Pesquisa dia 13/07/2016. Memorando nº 563/2016 - IRN/Relatório final entregue  // Arquivado CAIXA 001/2020,"9,05"
344,Estudo de materiais sólidos aplicáveis à termoacumulação,24/6/2015,ago/15,jul/16,Expirado,,,,,,,08/2015 a 07/2016,Valquíria Claret dos Santos,IRN,RELATORIO ENTREGUE 01/02/2017 // Arquivado CAIXA 01/2020,"8,72"
345,Estudo Sobre A Formação Inicial E Continuada De Professores De Ciências Para Uma Prática Pedagógica Inclusiva,24/6/2015,jun/15,dez/17,Expirado,,,,,,,06/2015 a 12/2017,Paloma Alinne Alves Rodrigues Ruas,IFQ,Prorrogado no dia 13/02/2017 de junho 2017 para dezembro 2017. Relatorio Final entregue em 18/04/2018. // Arquivado CAIXA 01/2020,"9,07"
346,Experimentação no ensino de Biologia: por uma aprendizagem efetiva,24/6/2015,ago/15,ago/16,Expirado,,,,,,1,08/2015 a 08/2016,Andreia Arantes Borges,IRN,CANCELADO POR EMAIL DIA 20/10/2015 // Arquivado CAIXA 01/2020,"8,18"
347,Exposição à vibração de corpo-inteiro: Avaliação em atividades de um serviço público,24/6/2015,ago/15,ago/16,Expirado,,,,,,,08/2015 a 08/2016,Luiz Felipe Silva,IRN,Relatório entregue em novembro/2018. RELATÓRIO REPROVADO PELO DIRETOR,"7,8"
348,Física Moderna na formação de engenheiros: histórico e perspectivas,24/6/2015,ago/15,jul/17,Expirado,,,,,,,08/2015 a 07/2017,Mikael Frank Rezende Junior,IFQ,Relatorio final entregue em 13/12/2017.  // Arquivado CAIXA 001/2020,"8,4"
349,Fungos micorrízicosarbusculares e bactérias rizosféricas na produção de mudas de oliveiras (OleaEuropaea L.) cultivadas no sul de minas gerais,24/6/2015,abr/15,dez/17,Expirado,FAPEMIG,," R$ 20.370,00 ",,,2,04/2015 a 10/2017,Rogério Melloni,IRN,"Prorrogado para Outubro, segundo determinação  Dr. Gilbert/Relatorio final entregue // Arquivado CAIXA 01/2020","7,21"
350,Imageamento de aglomerados abertos no observatório do pico dos dias - LNA/MACTI,24/6/2015,ago/15,ago/17,Expirado,,,,,,,08/2015 a 08/2017,Wilton da Silva Dias,IFQ,Relatório FINAL entregue em NOVEMBRO/2017  // Arquivado CAIXA 01/2020,9
351,Implementação de um código de simulação numérica da dinâmica de vôo de helicópteros,24/6/2015,ago/15,ago/16,Expirado,,,,,,,08/2015 a 07/2016,Marcelo Santiago de Sousa,IEM,Relatório final entregue por e-mail dia 19/08/2016  // Arquivado CAIXA 001/2020,"9,57"
352,Influência de mediadores fenólicos na degradação de corantes por reação de Fentoncuprosa,24/6/2015,ago/15,jul/17,Expirado,,,,,,,08/2015 a 07/2017,André Aguiar Mendes,IRN,CANCELADO POR EMAIL DIA 20/10/2015 // Arquivado CAIXA 01/2020,"8,28"
353,"Inovação aberta, modelo de negócio aberto e criação de valor nas empresas brasileiras",24/6/2015,ago/15,ago/17,Expirado,,,,,,,08/2015 a 08/2017,Elzo alves Aranha ,IEPG,"Foi pedido alteração na viencia do projeto, porm não foi aceito pois não foi enviado o relatório de atividades, assim deferido apenas a inserção da aluna Juliana, pedido enviado em 22/02/2017","6,45"
354,Interações entre fontes de campo e/ou potenciais externos e efeitos decorrentes,24/6/2015,ago/15,nov/16,Expirado,,,,,,,08/2015 a 11/2016,Fabricio Augusto Barone Rangel,IFQ,Relatorio final entregue dia 23.04.2018 // Arquivado CAIXA 01/2020,10
355,Métodos Numéricos em Otimização,24/6/2015,ago/15,ago/17,Expirado,,,,,,,08/2015 a 08/2017,Rodrigo Silva Lima,IMC,,"8,65"
356,Modelagem e Otimização do Despacho de Geração Considerando Penetração de Renováveis e Mudanças Climáticas,24/6/2015,ago/15,jul/17,Expirado,,,,,,,08/2015 a 07/2017,Anderson Rodrigo de Queiroz,ISEE,,"6,63"
358,Modelagem numérica e análise aerotermodinâmica de sistemas hipersônicos com escoamento reativo,24/6/2015,ago/15,jul/16,Expirado,,,,,,,08/2015 a 07/2016,Helcio Francisco Villa Nova,IEM,Relatório entregue por E-mail dia 22/09/2016 // Arquivado CAIXA 01/2020,"8,65"
359,Modelos de computação natural aplicados à solução de problemas de classificação e agrupamento de dados,24/6/2015,jul/15,jun/17,Expirado,,,,,,,07/2015 a 06/2017,Isabela Neves Drummond,IMC,"Alterada a vigencia em 30 de Maio, entregou relatório parcial /Relatorio final entregue(07/2017) // Arquivado CAIXA 01/2020","9,07"
361,O fogo como agente seletor de linhagens de espécies regenerantes em floresta semidecidual,24/6/2015,ago/15,jul/17,Expirado,,,,,,,08/2015 a 07/2017,Hisaias de Souza Almeida,IRN,,"8,1"
362,O teatro de temática científica: relações entre a divulgação científica e a educação escolar,24/6/2015,ago/15,jul/17,Expirado,,,,,,,08/2015 a 07/2017,Jane Raquel Silva de Oliveira,IFQ,Relatório final entregue via SIPAC em 20/11/2017 // Arquivado CAIXA 01/2020,"8,78"
363,Otimização aerodinâmica de pontas de asa enflexadas para uma asa afilada,24/6/2015,ago/15,jul/17,Expirado,,,,,,,08/2015 a 07/2017,Rogerio Frauendorf de Faria Coimbra,IEM,Relatório Final Aprovado em 30/09/2020,"9,36"
364,Otimização de portfólios de contratos de energia elétrica: modelagem matemática e gerenciamento de riscos,24/6/2015,ago/15,jul/17,Expirado,,,,,,,08/2015 a 07/2017,Luana Medeiros Marangon Lima,ISEE,,"9,5"
365,Parceria entre a Universidade Federal de Itajubá e as Escolas Públicas de Educação Básica do Sul de Minas Gerais: potencialidades de um projeto de formação ampla de professores em um contexto colaborativo com um centro de ciências,24/6/2015,ago/15,jun/17,Expirado,,,,,,,08/2015 a 06/2017,João Ricardo Neves da Silva,IFQ,Relatório final entregue em 07/11/2017  // Arquivado CAIXA 01/2020,"7,51"
366,Práticas docentes nos ensinos universitário e médio:inovação no ensino pela pedagogia da autonomia,24/6/2015,jun/15,jun/17,Expirado,,,,,,,06/2015 a 06/2017,Rita de Cássia Magalhães Trindade Stano,IEPG,Relatório final entregue em 31/01/2018,"9,81"
367,Projeto e implementação de uma ferramenta para elaboração de objetos de aprendizagem baseados em Jogos Digitais para Ambientes Virtuais de Aprendizagem com padrão SCORM,24/6/2015,ago/15,dez/16,Expirado,,,,,,,08/2015 a 12/2016,Edmilson Marmo Moreira,IESTI,Relatório Final Aprovado em 02/06/2020,"9,78"
368,Projeto implantação de SMARTGRID no LGDC - (Laboratório de Geração distribuída e Cogeração) - EXCEN,24/6/2015,ago/15,abr/17,Expirado,SECTES,,"R$47.000,00",,,,08/2015 a 08/2016,Carlos Roberto Rocha,IRN,Projeto com fomento a partir do dia 11/02/2016 - Relatório final entregue em 19/05/2017 // Arquivado CAIXA 01/2020 ,"6,64"
369,Qualidade ambiental em espaços públicos no município de Itajubá,24/6/2015,ago/15,ago/17,Expirado,,,,,,,08/2015 a 08/2017,Daniele Ornaghi Sant'Anna,IRN,Relatório final entregue em 12/01/2018 // Arquivado CAIXA 01/2020,"7,94"
370,"Qualidade na Educação: autoridade, autonomia e responsabilidade no processo educacional.",24/6/2015,ago/15,ago/17,Expirado,,,,,,,08/2015 a 08/2017,Rogério Rodrigues,IFQ,Relatório Final entregue em 05/06/2018 // Arquivado CAIXA 01/2020,"6,63"
371,Resolução de problemas inversos de detecção de danos em estruturas metálicas e compósitas via técnicas de identificação de parâmetros e otimização,24/6/2015,jun/15,mai/17,Expirado,,,,,,,06/2015 a 05/2017,Patricia da Silva Lopes Alexandrino,IEM,Relatório final entregue em 17/05/2017 . // Arquivado CAIXA 01/2020,"9,72"
372,Ruído de tráfego de veículos e incômodo: estudo de associação,24/6/2015,ago/15,ago/16,Expirado,,,,,,,08/2015 a 08/2016,Luiz Felipe Silva,IRN,Relatório entregue em novembro/2018. RELATÓRIO REPROVADO PELO DIRETOR,"9,33"
373,Saneamento Rural no Sul de Minas Fase 2 - Concepção e análise da performance de biofiltro compartimentado aplicado ao pós-tratamento de esgotos ,24/6/2015,mar/14,fev/16,Expirado,,,,,,,03/2014 a 02/2016,Herlane Costa Calheiros,IRN,Relatório final entregue por memorando nº 596/2016 - IRN,"8,4"
374,Secagem de fertilizantes em leito fixo: estudo experimental e de simulação visando novas tecnologias,24/6/2015,ago/15,ago/17,Expirado,,,,,,,08/2015 a 08/2017,Hugo Perazzini,IRN,Relatorio final entregue em 08/05/2018 // Arquivado CAIXA 01/2020,"7,86"
375,Síntese e caracterização de compostos de coordenação contendo unidades dimetálicas de cobre,24/6/2015,jul/15,jun/17,Expirado,,,,,,,07/2015 a 06/2017,Geise Ribeiro,IFQ,Relatório final entregue e aprovado em 12/07/17 // Arquivado CAIXA 01/2020,7
376,Síntese e caracterização de novas piridazin-3(2H)-onas derivadas de furanonashalogenadas e sulfonamidas,24/6/2015,jun/15,jun/17,Expirado,,,,,,,06/2015 a 06/2017,Eder do Couto Tavares,IFQ,Alteração em Registro de Pesquisa dia 11/07/2016. Memorando nº 15/2016 - DPI - Relatorio Final entregue 11/05/2018 // Arquivado CAIXA 01/2020,"7,28"
377,"Síntese, caracterização e avaliação da atividade antileishmania de novos derivados pirazólicos",24/6/2015,jun/15,mai/16,Expirado,,,,,,,06/2015 a 05/2016,Maurício Silva dos Santos,IFQ,Relatório final entregue e aprovado em 06/07/17  // Arquivado CAIXA 001/2020,"9,2"
378,Sobre as Singularidades Determinantais Essencialmente Isoladas,24/6/2015,ago/15,jul/17,Expirado,,,,,,,08/2015 a 07/2017,Nancy Carolina Chachapoyas Siesquén,IMC,Relatório Final Aprovado em 30/09/2020,"9,85"
379,"Taxonomia e bionomia de imaturos de besouros elateroidea da reserva biológica municipal da serra dos toledos, itajubá-mg",24/6/2015,jun/15,jun/17,Expirado,,,,,,,06/2015 a 06/2017,Simone Policena Rosa,IRN,Relatório final entregue em 31/07/2017  // Arquivado CAIXA 01/2020,"9,57"
380,"Tecnologias, Educação e Diversidade",24/6/2015,ago/15,jul/17,Expirado,,,,,,,08/2015 a 07/2017,Denise Pereira de Alcântara Ferraz,IFQ,Relatorio final entregue em 08/02/2018,"8,82"
381,Termoacumulação em meio sólido incorporada a sistemas de cogeração,24/6/2015,jul/15,jun/17,Expirado,,,,,,,07/2015 a 06/2017,Roberto Alves de Almeida,IRN,,"8,96"
382,Uma ferramenta visual para elaboração de Web services compostos,24/6/2015,ago/15,jul/17,Expirado,,,,,,,08/2015 a 07/2017,Bruno Tardiole Kuehne,IESTI,Relatório final entregue (28/09/2017) // Arquivado CAIXA 01/2020,"9,89"
383,Uso de trans-sériesresurgentes em Mecânica Quântica,24/6/2015,ago/15,jul/16,Expirado,,,,,,,08/2015 a 07/2016,Ricardo Iván Medina Bascur,IMC,RELATORIO ENTREGUE 01/02/2017 // Arquivado CAIXA 01/2020,6
384,Utilização de filtros em imagens digitais,24/6/2015,set/15,ago/17,Expirado,,,,,,,09/2015 a 08/2017,Edison Oliveira de Jesus,IMC,,"6,34"
385,Utilização do modelo de mesoescala WRF para previsão de geada na Região da Serra da Mantiqueira,24/6/2015,ago/15,jul/18,Expirado,,,,,,,08/2015 a 07/2018,Vanessa Silveira Barreto Carvalho,IRN,Prorrogação de vigência  em 06/07/17 - Relatório de conclusão entregue dia 29.01.2019  // Arquivado CAIXA 01/2020,"9,36"
386,Velocidade de propagação de raios de luz não polarizada.,24/6/2015,mar/15,abr/16,Expirado,,,,,,,03/2015 a 04/2016,Renato Klippert Barcellos,IMC,,9
387,M-DMAIC: UMA ABORDAGEM MULTIVARIADA PARA SIX SIGMA,30/6/2015,mar/15,fev/19,Expirado,CNPq,,"R$ 75.600,00",1,,,03/2015 a 02/2019 ,Pedro Paulo Balestrassi,IEPG,,
388,Desenvolvimento de Sistemas Poliméricos Biocompatíveis para a Liberação de Moléculas Bioativas,30/6/2015,mar/15,fev/18,Expirado,CNPq,," R$ 36.000,00 ",1,,,03/2015 a 02/2018 ,Frederico Barros de Sousa,IFQ,,
389,Desenvolvimento Teórico-Experimental de Tecnologias Para a Geração Heliotérmica de Eletricidade ,3/7/2015,1/3/2015,fev/18,Expirado,CNPq,," R$ 39.600,00 ",1,,,03/2015 a 02/2018 ,Osvaldo José Venturini,IEM,,
390,Abordagem Temática: Elementos para a Formação de Professores de Física,3/7/2015,nov/13,nov/17,Expirado,CNPq,," R$ 29.900,00 ",,,,11/2013 a 11/2017,Luciano Fernandes Silva,IFQ,Prorrogado para 30/11/2017. Nº memorando 429/2016 - PRPPG - Relatório final entregue em 12/01/2018.  // Arquivado CAIXA 001/2020,
391,Estudos de Mobilidade e Gestão Urbana por meio de Multiplos Critérios com vista ao Desenvolvimento Sustentável,6/7/2015,nov/14,out/17,Expirado,CNPq,," R$ 14.628,00 ",,,,11/2014 a 10/2017,Josiane Palma Lima,IEPG,Relatorio Final entregue dia 05/06/2018 // Arquivado CAIXA 01/2020,
392,Estudo da Velocidade de chama laminar para o gás proveniente da gaseificação de biomassa,6/7/2015,fev/14,fev/16,Expirado,FAPEMIG,," R$ 17.980,00 ",,,,02/2014 a 02/2016,Rubenildo Vieira Andrade,IEM,Relatório Final entregue em 27/07/2020,
393,Manutenção e Aperfeiçoamento do Núcleo de Inovação Tecnológica da UNIFEI,7/7/2015,set/14,mar/17,Expirado,FAPEMIG,," R$ 87.307,71 ",3,,,09/2014 a 03/2017,Carlos Eduardo Sanches da Silva,,Aprovado e relatório Final e entregue - 07/08/2017 // Arquivado CAIXA 01/2020,
394,Aplicação de Fibras Ópticas de Cristal Fotônico para Aplicações em Fotônica de Alto Desempenho,8/7/2015,ago/14,jul/16,Expirado,FAPEMIG,," R$ 47.358,00 ",,,,08/2014 a 07/2016 ,Danilo Henrique Spadoti,IESTI,Relatório entregue por E-mail dia 19/09/2016 // Arquivado CAIXA 01/2020,
395,Monitoramento e Diagnóstico de Centrais Nucleares com Reatores PWR com a utilização da Ferramenta de Análise Exergética dos Sistemas de Operação,9/7/2015,jul/14,jul/19,Expirado,CAPES,,,,5,,07/2014 a 07/2019,Rogério José da Silva,IEPG,Relatório Final entregue em 02/2020,
396,Sustentabilidade em logística e transportes: Ampliando as aplicações com simulação computacional e sistemas de informação Geográfica,13/7/2015,jul/15,jun/17,Expirado,FAPEMIG,,"R$ 50.400,00",,,,07/2015 a 06/2017,Renato da Silva Lima,IEPG,Relatorio final entregue em 20/04/2018 // Arquivado CAIXA 01/2020,
397, Decisão Multicriterial e Sistema de Informação Geográfica com Aplicação em Transportes,14/7/2015,mar/14,fev/17,Expirado,CNPq,,"R$ 1.100,00",,,,03/2014 a 02/2017,Josiane Palma Lima,IEPG,Relatorio Final entregue no dia 05/06/2018 // Arquivado CAIXA 01/2020,
398,"Estudo da Citotoxicidade, Genotoxicidade e Potencial Antimicrobiano In Vitro de Complexos de Inclusão Utilizando Beta-Ciclodextrina e Quinolonas",15/7/2015,ago/15,abr/18,Expirado,FAPEMIG,,"R$ 45.211,93",,,,08/2015 a 04/2018,Daniela Sachs,IFQ,Prorrogada a vigência para 04/2018. Relatório Final entregue em 04/02/19 // Arquivado CAIXA 01/2020,
399,Simulação Integrada da Solidificação e de Tratamentos Térmicos Visando a Previsão de Propiedades Mêcânicas de Ligas de Alumínio,15/7/2015,mar/14,fev/17,Expirado,CNPq,,"R$ 46.800,00",,,,03/2014 a 02/2017,Mirian de Lourdes Noronha Motta Melo,IEM,Relatório final entregue em 23/11/2017  // Arquivado CAIXA 001/2020,
400,Análise Numérico/Experimental dos Mecanismos de Endurecimento em Ligas de Alumínio para aplicações Aeronáuticas,15/7/2015,dez/12,dez/15,Expirado,CNPq,,"R$ 19.000,00",,,,12/2012 a 12/2015,Mirian de Lourdes Noronha Motta Melo,IEM,Arquivado Caixa B,
401,Estudo e Desenvolvimento de Metodologias e Tecnologias para Supervisão e Operação de Redes Elétricas Inteligentes ,16/7/2015,jan/14,jun/16,Expirado,CNPq,,"R$ 662.950,00",,3,3,01/2014 a 06/2016,Paulo Fernando Ribeiro,ISEE,Relatório Final entregue em 24/07/2020,
402,Análise Numérica de escoamentos sobre corpos aquecidos e análise experimental da Transferência de Calor em Corpos Aletados ,4/8/2015,ago/15,ago/17,Expirado,FAPEMIG," R$ 5.000,00 "," R$ 15.540,00 ",,,1,08/2015 a 08/2017 ,Ana Lúcia Fernandes de Lima e Silva,IEM,Relatório final entregue em 08/11/2017 - e-mail // Arquivado CAIXA 01/2020,
403,Desenvolvimento de Técnicas para Análise Experimental e Numérica em Transferência de Calor,4/8/2015,ago/15,jul/17,Expirado,FAPEMIG," R$ 5.000,00 "," R$ 34.650,00 ",,8,2,08/2015 a 07/2017,Sandro Metrevelle Marcondes de Lima e Silva,IEM,Relatorio final entregue. (comp. Email 11/08/17) // Arquivado CAIXA 01/2020,
404,Calculo da Incerteza da Medição em Ensaios Realizados para Certificação de Produtos de Tecnologia da Informação,20/8/2015,ago/15,ago/16,Expirado,UNIFEI/CLAMPER/FAPEPE ,,"R$ 2.500,00",1,,,08/2015 a 08/2016,José Carlos Grilo Rodrigues,ISEE,,
405,Desenvolvimento e aplicação de uma abordagem de integração entre mapeamento da cadeia de valor e simulação a eventos discretos,9/9/2015,jul/15,jul/17,Expirado,FAPEMIG,,"R$ 13.341,30",,,,07/2015 a 07/2017,Fabiano Leal,IEPG,Relatório Final entregue em 28/07/2020,
406,Equações diferenciais ordinárias: Sistemas Lineares por artes no plano ,10/9/2015,ago/15,jul/17,Expirado,FAPEMIG,," R$ 50.400,00 ",,,,08/2015 a 07/2017,Luis Fernando de Osório Mello,MC,Relatório Final entregue em 29/07/2020,
407,"Concepção, Projeto e Desenvolvimento de Aeronaves não Tripuladas em Escala Rádio Controladas",16/9/2015,jul/14,jan/16,Expirado,FAPEMIG,," R$ 23.561,20 ",,,,07/2014 a 01/2016,Sebastião Simões da Cunha Júnior,IEM,Relatório Final entregue em 22/07/2020,
408,Indústrias de Rede de Energia  Elétrica sob a abordagem de Pesquisa Operacional ,25/9/2015,nov/14,out/17,Expirado,CNPq,," R$ 26.000,00 ",,,,11/2014 a 10/2017,Rafael Coradi Leme,IEPG,,
409,Reamostragem e Análise de Eficiência no Auxílio a Decisão,25/9/2015,nov/14,out/17,Expirado,CNPq,," R$ 39.000,00 ",1,,,11/2014 a 10/2017,Rafael Coradi Leme,IEPG,Relatório final entregue em 26.02.2019 // Arquivado CAIXA 01/2020,
410,"Desenvolvimento de Cerâmica com Aplicações em Encapsulamento de Sensores em RF e Micro-ondas, Randome e Biossensores",7/10/2015,mar/13,fev/17,Expirado,CAPES,," R$ 588.538,80 ",1,10,10,03/2013 a 02/2017,Manoel Ribeiro da Silva,IFQ,,
411,Propiedades Magnéticas e elétricas em materiais e produção de cerâmicas de alto desempenho,7/10/2015,mar/14,fev/17,Expirado,CAPES,," R$ 64.000,00 ",,,,03/2014 a 02/2017,Manoel Ribeiro da Silva,IFQ,,
412,Estudo do Mecanismo de Convecção Mista Aplicado no Controle Térmico de Componentes Eletrônicos Integrados,7/10/2015,jul/15,jul/17,Expirado,FAPEMIG,," R$ 6.500,00 ",,,,07/2015 a 07/2017,Luiz Antonio Alcântara Pereira,IEM,Relatório final entregue em 07/11/2017  // Arquivado CAIXA 001/2020,
413,"Levantamento das Potencialidades da Agricultura Familiar e Agroecológica das Comunidades Rurais Atingidas pela Mineração nos Municípios de Conceição do Mato Dentro, Alvorada de Minas e Dom Joaquim (MG)",8/10/2015,ago/15,abr/16,Expirado,Cáritas Brasileira (Regional Minas Gerais),," R$ 80.000,00 ",,,1,08/2015 a 04/2016,Viviane Guimarães Pereira,IEPG,Relatório final entregue por E-mail dia 14/09/2016  // Arquivado CAIXA 01/2020,
414,Integração de Modelo Atmosférico e Hidrológico para Previsão de Vazão em Tempo Real,21/10/2015,jul/15,jun/17,Expirado,FAPEMIG,," R$ 15.330,00 ",,,,07/2015 a 06/2017,Benedito Cláudio da Silva,IRN,Relatório final entregue por e-mail em 24/06/2019 // Arquivado CAIXA 01/2020,
415,Integração das Técnicas de Simulação a Eventos Discretos e da Simulação Baseada em Agentes para a Análise da Influência do Fator Humano em Processos Produtivos,27/10/2015,jul/15,jul/17,Expirado,FAPEMIG,," R$ 8.505,00 ",,,,07/2015 a 07/2017,Alexandre Ferreira de Pinho,IEPG,Relatório Final entregue em 29/07/2020,
416,Proposta de Melhoria da qualidade da Informação na gestão de estoques,10/11/2015,ago/15,ago/17,Expirado,FAPEMIG,," R$ 4.725,00 ",,,,08/2015 a 08/2017,Fábio Favaretto,IEPG,,
417,Projeções e incertezas sobre mudanças de extremos climáticos na América do sul para o final do XXl,8/11/2015,jul/15,dez/20,Expirado,FAPEMIG,," R$ 24.885,00 ",,2,2,07/2015 a 09/2018,Roger Rodrigues Torres,IRN,Vigência prorrogada até 09/2018. // Vigência prorrogada de 01/09/2018 para 12/2020 em 24/10/20109,
418,Estudo e Desenvolvimento de uma Turbina Eólica de Eixo vertical operando por impulso,1/12/2015,dez/15,dez/16,Expirado,,,,,,,12/2015 a 12/2016,Geraldo Lucio Tiago Filho,IRN, Edital 004-2015,"8,32"
419,A formação de professores em serviço e a educação financeira nas escolas ,1/1/2016,jan/16,dez/16,Expirado,,,,,,,01/2016 a 12/2016,José Gilberto da Silva,IESTI, Edital 004-2015,"7,19"
420,A HISTÓRIA DA MATEMÁTICA NA FORMAÇÃO DE PROFESSORES DE MATEMÁTICA NAS UNIVERSIDADES FEDERAIS BRASILEIRAS,1/10/2015,out/15,out/17,Expirado,,,,,,,10/2015 a 10/2017,Mariana Feiteiro Cavalari Silva,IMC,Projeto passou a ter financiamente externo e com isso se tornou o projeto 630,"9,1"
421,A TEMÁTICA AMBIENTAL E O PROCESSO EDUCATIVO: COMPREENSÕES ELABORADAS PELO CAMPO DE PESQUISA EM EDUCAÇÃO EM CIÊNCIAS,7/3/2016,dez/15,nov/17,Expirado,,,,,,,12/2015 a 11/2017,Luciano Fernandes Silva,IFQ, Edital 004-2015- Relatório final entregue em 12/01/2018  // Arquivado CAIXA 001/2020,"8,99"
422,ALGUNS ASPECTOS DE EQUILÍBRIO E NÃO-EQUILÍBRIO TÉRMICO EM FÍSICA DE ALTAS ENERGIAS,1/1/2016,jan/16,dez/17,Expirado,,,,,,,01/2016 a 12/2017,Gabriel Flôres Hidalgo,IFQ, Edital 004-2015,"7,43"
423,ANÁLISE COMPARATIVA DA RESISTÊNCIA AO DESGASTE EM REVESTIMENTOS DE CROMO POR ELETRODEPOSIÇÃO CONTENDO PARTÍCULAS,1/11/2015,out/15,set/17,Expirado,,,,,,,10/2015 a 09/2017,Edmilson Otoni Correa,IESTI,"Alteração de vigência de projeto memorando nº 437/2016 (não tem comprovante de alteração de vigencia, envio de ficha errada) - IEM Edital 004-2015- RELATORIO FINAL ENTREGUE EM 20/12/2017 // Arquivado CAIXA 01/2020",9
424,ANÁLISE DE EFICIÊNCIA DO FILTRO DE AREIA NO TRATAMENTO DE ÁGUA CINZA PARA REUSO NÃO POTÁVEL,1/1/2016,mar/16,fev/17,Expirado,,,,,,,03/2016 a 02/2017,Marcia Viana Lisboa Martins,IRN, Edital 004-2015/Relatório final entregue em 24/05/2017  // Arquivado CAIXA 001/2020,"7,5"
425,AVALIAÇÃO DA RECUPERAÇÃO DA QUALIDADE DO SOLO DE PASTAGEM PÓS-QUEIMADA,1/1/2016,fev/16,fev/17,Expirado,,,,,,,02/2016 a 02/2017,Eliane Guimarães Pereira Melloni,IRN, Edital 004-2015 - relatorio final entregue via e-mail no dia 27/06/2017 // Arquivado CAIXA 01/2020,"7,66"
426,"AVALIAÇÃO DO ACÚMULO LIPÍDICO DE LEVEDURAS CULTIVADAS EM COPRODUTOS INDUSTRIAIS VISANDO A
PRODUÇÃO DE BIOCOMBUSTÍVEL",1/1/2016,mar/16,mar/18,Expirado,,,,,,,03/2016 a 03/2018,Susan Hartwig Duarte,IRN, Edital 004-2015/ Cancelado memorando nº 520/2016 - IRN  // Arquivado CAIXA 01/2020,"9,21"
427,"CHOPPER TRANSISTORIZADO PARA ACIONAMENTO DE CARRINHO TRANSPORTADOR, UTILIZANDO MOTOR DE
CORRENTE CONTÍNUA DE ÍMÃ PERMANENTE",1/11/2015,nov/15,nov/18,Expirado,,,,,,,11/2015 a 11/2018,Angelo José Junqueira Rezek,ISEE, Edital 004-2015 / Prrorrogado em 07/12/2017 para novembro/2018 - Relatório de conclusão entregue em 29.01.2019 // Arquivado CAIXA 01/2020,"8,8"
428,CONDUTIVIDADE DE COMPOSTOS ORGÂNICOS EM MEIO NÃO AQUOSO,1/11/2015,mar/16,fev/17,Expirado,,,,,,,03/2016 a 02/2017,Antonio José Faria Bombard,, Edital 004-2015,"7,4"
429,"CONTROLE DE TENSÃO E FREQUÊNCIA DE MÁQUINA SÍNCRONA TRIFÁSICA, OPERAÇÃO ISOLADA, UTILIZANDO REGULADOR DE CARGA, EMPREGANDO CONTROLADOR CA TRIFÁSICO",1/11/2015,nov/15,nov/17,Expirado,,,,,,,11/2015 a 11/2017,Angelo José Junqueira Rezek,ISEE, Edital 004-2015 - Relatorio Final entregue dia 05.06.2018 // Arquivado CAIXA 01/2020,"8,5"
430,CONTROLE PREVENTIVO DE ESTABILIDADE ATRAVÉS DE SENSIBILIDADE BASEADA EM REDES NEURAIS,1/11/2015,dez/15,dez/17,Expirado,,,,,,,12/2015 a 12/2017,Mauricio Campos Passaro,ISEE, Edital 004-2015,"7,64"
431,"DESENVOLVIMENTO DE COMPÓSITOS COLÁGENO/HIDROXIAPATITA/TITANATO DE BÁRIO ASSOCIADOS
A PEPTÍDEOS OGP PARA SUPORTES DE CRESCIMENTO CELULAR",1/12/2015,dez/15,jun/18,Expirado,FAPEMIG,,,,,,12/2015 a 06/2018,Rossano Gimenes,IFQ," Edital 004-2015, alterado para status com financiamento apartir de 06/07/2015. Memorando nº 412/2016 - IFQ // Relatório final entregue em 20/08/2019 // Arquivado CAIXA 01/2020",10
432,DESENVOLVIMENTO DE UM CONVERSOR DE POTÊNCIA CONECTADO À REDE PARA GERAÇÃO DISTRIBUÍDA COM PAINÉIS FOTOVOLTAICOS,1/1/2016,mar/16,fev/17,Expirado,,,,,,,03/2016 a 02/2017,Luiz Eduardo Borges da Silva,IESTI, Edital 004-2015 - relatorio entregue  no dia 29/03/2017 via memorando eletronico  // Arquivado CAIXA 001/2020,"8,17"
433,DESENVOLVIMENTO DE UM LABORATÓRIO DIDÁTICO DE FÍSICA COM ACESSO REMOTO AOS EXPERIMENTOS: POSSIBILIDADES PARA O ENSINO DE FÍSICA,1/12/2015,dez/15,fev/19,Expirado,,,,,,,12/2015 a 02/2019,Thiago Costa Caetano,IFQ,Edital 004-2015/Prorrogada a vigência em 14/12/2017 para 02/2019 / Relatório final entregue  // Arquivado CAIXA 01/2020,"9,4"
434,DESENVOLVIMENTO DE UM PROTÓTIPO OPERACIONAL CONTROLADOR DE VAZÃO DE FLUIDO MICROCONTROLADO,1/1/2016,mar/16,fev/17,Expirado,,,,,,,03/2016 a 02/2017,Enio Roberto Ribeiro,IESTI, Edital 004-2015 // Cancelado pelo orientador através de solicitação via email enviado em 24/04/2020,"6,07"
435,DESENVOLVIMENTO DE UMA FERRAMENTA DE IDENTIFICAÇÃO DE GENES INSETICIDAS A PARTIR DE GENOMAS DE BACILLUS THURINGIENSIS,1/1/2016,jan/16,dez/16,Expirado,,,,,,,01/2016 a 12/2016,Luiz Carlos Bertucci Barbosa,IRN,Relatório FINAL entregue  // Arquivado CAIXA 001/2020,"8,6"
436,DINÂMICA DE HOMEOMORFISMO DEHN TWIST,1/12/2015,dez/15,dez/16,Expirado,,,,,,,12/2015 a 12/2016,Bráulio Augusto Garcia,IMC,Relatório Final Aprovado em 30/09/2020,"8,57"
437,EFEITO DE MEDIADORES FENÓLICOS NA DEGRADAÇÃO DE CORANTES POR REAÇÃO DE FENTON BASEADA EM COBRE,1/1/2016,mar/16,fev/18,Expirado,,,,,,,03/2016 a 02/2018,André Aguiar Mendes,IRN," Edital 004-2015, cancelado dia 1 de Abril por e mail // Arquivado CAIXA 01/2020","9,14"
438,EFEITO DO AQUECIMENTO GLOBAL E DA EUTROFIZAÇÃO NA OCORRÊNCIA DE FLORAÇÕES DE CIANOBACTÉRIAS – UMA ABORDAGEM EXPERIMENTAL,1/1/2016,mar/16,mar/17,Expirado,,,,,,,03/2016 a 03/2017,Andreia Maria da Anunciação Gomes,IRN, Edital 004-2015,"7,78"
439,ESTUDO DA ESTABILIDADE DO TIABENDAZOL EM SOLOS CARACTERÍSTICOS DO SUL DE MINAS GERAIS,1/2/2016,mar/16,fev/18,Expirado,,,,,,,03/2016 a 02/2018,Márcia Matiko Kondo,IFQ, Edital 004-2015,"9,42"
440,"ESTUDO DA QUALIDADE AMBIENTAL DE APP DE NASCENTES, COM AUXÍLIO DE GEOPROCESSAMENTO",1/1/2016,mar/16,mar/17,Expirado,,,,,,,03/2016 a 03/2017,Nivea Adriana Dias Pons,IRN, Edital 004-2015/ Relatório final entregue e aprovado em 06/07/17  // Arquivado CAIXA 001/2020,"7,61"
441,ESTUDO DAS PROPRIEDADES ELÉTRICAS E MORFOLÓGICAS DE SEMICONDUTORES IV-VI PARA APLICAÇÃO NO DESENVOLVIMENTO DE SENSORES DE UMIDADE,1/12/2015,dez/15,nov/17,Expirado,,,,,,,12/2015 a 11/2017,Demétrio Artur Werner Soares,IFQ, Edital 004-2015,"9,85"
442,ESTUDO DO POTENCIAL DE GERAÇÃO DE ENERGIA ELÉTRICA A PARTIR DE BIOGÁS DE DIGESTÃO ANAERÓBIA DE RESÍDUOS SÓLIDOS DIVERSOS,1/1/2016,fev/16,jan/18,Expirado,,,,,,,02/2016 a 01/2018,Regina Mambeli Barros,IRN,Relatório FINAL entregue em NOVEMBRO/2017 // Arquivado CAIXA 01/2020,"9,2"
443,EVOLUÇÃO QUÍMICA DE GALÁXIAS ESPIRAIS BARRADAS,1/2/2016,mar/16,mar/18,Expirado,,,,,,,03/2016 a 03/2018,Oscar Cavichia de Moraes,IFQ, Edital 004-2015- Relatório final entregue em 15/03//2018  // Arquivado CAIXA 001/2020,"7,84"
444,EXPERIMENTAÇÃO NO ENSINO DE BIOLOGIA: POR UMA APRENDIZAGEM EFETIVA,1/1/2016,jan/16,dez/16,Expirado,,,,,,,01/2016 a 12/2016,Andreia Arantes Borges,IRN, Edital 004-2015 - cancelado por pedido da Prof via e-mail no dia 04.06.2016 // Arquivado CAIXA 01/2020,"8,7"
445,"EXPOSIÇÃO A CAMPOS ELETROMAGNÉTICOS DE BAIXA FREQUÊNCIA NAS ATIVIDADES ADMINISTRATIVAS, DE ENSINO E DE PESQUISA NA UNIVERSIDADE FEDERAL DE ITAJUBÁ",1/1/2016,mar/16,mar/17,Expirado,,,,,,,03/2016 a 03/2017,Luiz Felipe Silva,IRN, Edital 004-2015 - Relatório entregue em novembro/2018. RELATÓRIO REPROVADO PELO DIRETOR,"9,21"
446,FABRICAÇÃO E CARACTERIZAÇÃO ÓPTICA E ESTRUTURAL DE MONOCAMADAS E MULTICAMADAS DE SILÍCIO POROSO PARA APLICAÇÕES COMO SENSORES QUÍMICOS,1/12/2015,dez/15,dez/17,Expirado,,,,,,,12/2015 a 12/2017,Danilo Roque Huanca,IFQ, Edital 004-2015- Relatorio Final entregue dia 05.06.2018 // Arquivado CAIXA 01/2020,"9,2"
447,FATORES AMBIENTAIS E SUA INFLUÊNCIA NA QUALIDADE MICROBIOLÓGICA DE ÁGUA ARMAZENADA,1/1/2016,fev/16,fev/17,Expirado,,,,,,,02/2016 a 02/2017,Rogério Melloni,IRN, Edital 004-2015 -  Relatorio final entregue por e-mail no dia 27/06/2017 // Arquivado CAIXA 01/2020,"8,04"
448,FENOLOGIA DO DESENVOLVIMENTO VEGETATIVO DE QUATRO ESPÉCIES FLORESTAIS BRASILEIRAS,1/1/2016,mar/16,fev/18,Expirado,,,,,,,03/2016 a 02/2018,Fabrina Bolzan Martins,IRN, Edital 004-2015 - Relatorio final entregue em 24/04/2018 // Arquivado CAIXA 01/2020,"8,5"
449,FLUÊNCIA - “CREEP” - EM DISPERSÕES MAGNETOREOLÓGICAS,1/12/2015,dez/15,nov/16,Expirado,,,,,,,12/2015 a 11/2016,Antonio José Faria Bombard,IFQ,Relatorio Final entregue 29/07,"9,8"
450,FLUIDODINÂMICA COMPUTACIONAL COMO FERRAMENTA PARA A ESTIMATIVA DE PARÂMETROS DE DESEMPENHO DE BIORREATORES PNEUMÁTICOS,1/1/2016,mar/16,mar/18,Expirado,,,,,,,03/2016 a 03/2018,Guilherme Youssef Rodriguez,IRN, Edital 004-2015- Relatorio Final entregue dia 05.06.2018 // Arquivado CAIXA 01/2020,"8,3"
451,FORMAÇÃO DE SPIKE NUM PROBLEMA DE REAÇÃO E DIFUSÃO SOBRE SUPERFÍCIES DE REVOLUÇÃO,1/10/2015,out/15,out/16,Expirado,,,,,,,10/2015 a 10/2016,Maicon Sônego,IMC, Edital 004-2015,"7,8"
452,IMPACTOS DOS PROCESSOS DE DIVULGAÇÃO CIENTÍFICA EM FÍSICA REALIZADOS EM ESCOLAS E COMUNIDADES POPULARES DA REGIÃO DO SUL DE MINAS DESENVOLVIDOS PELA UNIFEI NA FORMAÇÃO DE PROFESSORES,1/12/2015,dez/15,dez/17,Expirado,,,,,,,12/2015 a 12/2017,Agenor Pina da Silva,IFQ, Edital 004-2015 - Relatorio de Conclusão entregue em 24.04.2018 // Arquivado em CAIXA 01/2020,"9,65"
453,INSTRUMENTAÇÃO VIRTUAL APLICADA NO CONTROLE DE CONVERSORES ELETRÔNICOS DE POTÊNCIA,1/1/2016,mar/16,fev/17,Expirado,,,,,,,03/2016 a 02/2017,Rondineli Rodrigues Pereira,IESTI, Edital 004-2015 - relatorio entregue  no dia 27/03/2017 via email. // Arquivado CAIXA 01/2020,"7,78"
454,INTEGRANDO AVALIAÇÃO DE USABILIDADE NO DESENVOLVIMENTO DE SOFTWARE BASEADO EM MODELO,1/10/2015,ago/15,jul/16,Expirado,,,,,,,08/2015 a 07/2016,Laercio Augusto Baldochi Junior,IMC, Edital 004-2015,"9,47"
455,MATERIAIS E PROCESSOS AERONÁUTICOS,1/11/2015,nov/15,out/17,Expirado,,,,,,,11/2015 a 10/2017,Felipe de Souza Eloy,IEM, Edital 004-2015 - Relatório Final entregue dia 12/12/2018 // Arquivado CAIXA 01/2020,"8,82"
456,METODOLOGIAS ATIVAS NO ENSINO DE FÍSICA E ASTRONOMIA,1/12/2015,dez/15,nov/18,Expirado,,,,,,,12/2015 a 11/2018,Newton de Figueiredo Filho,IFQ, Edital 004-2015 1ª alteração em 22/11/2016 - inserção de membros _à equipe (aluna). 2ª ALTERAÇÃO - PRORROGAÇÃO DE VIGÊNCIA - DE NOV/2017  PARA NOV/2018 // Relatório Final Aprovado em 02/06/2020,9
457,"MICORREMEDIAÇÃO DE SOLO CONTAMINADO POR CÁDMIO, EM CONDIÇÕES CONTROLADAS",1/1/2016,fev/16,fev/17,Expirado,,,,,,,02/2016 a 02/2017,Eliane Guimarães Pereira Melloni,IRN,Relatório FINAL entregue // Arquivado CAIXA 01/2020,"7,9"
458,MICROBIOTA DO SOLO E SEU PAPEL EM ESTUDOS DE MECÂNICA DE SOLOS TRATADOS COM MATERIAL LIGNOCELULÓSICO,1/1/2016,fev/16,fev/17,Expirado,,,,,,,02/2016 a 02/2017,Rogério Melloni,IRN, Edital 004-2015 - relatorio final entregue via e-mail no dia 27/06/2017 // Arquivado CAIXA 01/2020,"7,5"
459,MODELAGEM E CONTROLE DE SISTEMAS DINÂMICOS LINEARES E NÃO LINEARES,1/1/2016,mar/16,fev/17,Expirado,,,,,,,03/2016 a 02/2018,Jeremias Barbosa Machado,IESTI, Edital 004-2015,"7,07"
460,O Comportamento dos estudantes universitários (bolsistas PAE/UNIFEI) em relação às finanças pessoais,1/2/2016,mar/16,fev/17,Expirado,,,,,,,03/2016 a 02/2017,Luiz Eugênio Veneziani Pasin,IEPG, Edital 004-2015,"7,5"
461,"OBTENÇÃO DE CAMADAS À BASE DE SILICETOS COM ALTA RESISTÊNCIA À OXIDAÇÃO, EM LIGAS NB-SI-B, UTILIZANDO O PROCESSO “HALIDE ACTIVATED PACK CEMENTATION” (HAPC)",1/1/2016,fev/16,jan/18,Expirado,,,,,,,02/2016 a 01/2018,Geovani Rodrigues,IEM, Edital 004-2015 - Relatorio final entregue em 11/05/2018 // Arquivado CAIXA 01/2020,"9,54"
462,PROJETO DE INTERFACE CEREBRO-COMPUTADOR BASEADA EM MODELOS NEURAIS E CONJUNTOS APROXIMADOS,1/1/2016,jan/16,dez/17,Expirado,,,,,,,01/2016 a 12/2017,João Paulo Reus Rodrigues Leite,IESTI,cancelado por motivo de afastamento. Edital 004-2015 // Arquivado CAIXA 01/2020,"8,86"
463,Proposta de modelo de referencia para implantação da abordagem de inovação aberta no processo de gestão da inovação de empresas Brasileiras,1/2/2016,mar/16,fev/18,Expirado,,,,,,,03/2016 a 02/2018,Carlos Henrique Pereira Mello,IEPG, Edital 004-2015,"8,76"
464,Representações sociais na UNIFEI,1/2/2016,mar/16,mar/17,Expirado,,,,,,,03/2016 a 03/2017,Lauren Ferreira Colvara,IEPG, Edital 004-2015,"8,8"
465,Secagem intermitente de fertilizantes em leito fixo: Estudos experimentais visando novas tecnologias,1/1/2016,mar/16,fev/18,Expirado,,,,,,,03/2016 a 02/2018,Hugo Perazzini,IRN, Edital 004-2015 - Relatorio Final entregue 11/05/2018 // Arquivado CAIXA 01/2020,"9,08"
466,Síntese e caracterização de novos complexos metálicos de IN(III) e GA(III) com ligantes Sulfonilditiocarbimatos,1/2/2016,mar/16,mar/17,Expirado,,,,,,,03/2016 a 03/2017,Eder do Couto Tavares,IFQ, Edital 004-2015/Relatorio final entregue em 19/04/2018 // Arquivado CAIXA 01/2020,"8,64"
467,Síntese e caracterização de novos potenciais agentes antibacterianos análogos ao produto natural Aurachin D,1/12/2015,dez/15,nov/18,Expirado,,,,,,,12/2015 a 11/2018,Maurício Frota Saraiva,IFQ, Edital 004-2015/ Prorrogado até 11/18 em 10/07/18 - Relatório final entregue dia 10/07/2018  // Arquivado CAIXA 001/2020,"9,93"
468,Síntese e caracterização de novas diaminas análogas ao SQ-109: Potenciais agentes Antimicobacterianos,1/12/2015,dez/15,nov/17,Expirado,,,,,,,12/2015 a 11/2017,Maurício Frota Saraiva,IFQ, Edital 004-2015 - Relatório final entregue dia 10/07/2018  // Arquivado CAIXA 001/2020,"9,71"
469,Sistema de medição de parâmetros fisiológicos para auxílio a triagem em sistemas de saúde,1/1/2016,mar/16,ago/17,Expirado,,,,,,,03/2016 a 08/2017,Egon Luiz Muller Junior,IESTI, Edital 004-2015,"7,82"
470,"Tecnologia, Comunicação e subjetividade: Incomunicabilidade",1/11/2015,nov/15,nov/16,Expirado,,,,,,,11/2015 a 11/2016,Lauren Ferreira Colvara,IEPG, Edital 004-2015,"7,05"
471,Telhados verdes no sul de Minas Gerais – Fase 1: Estudos de base,1/1/2016,mar/16,fev/18,Expirado,,,,,,,03/2016 a 02/2018,Herlane Costa Calheiros,IRN, Edital 004-2015/Relatorio final entregue em 02/05/2018 // Arquivado CAIXA 01/2020,7
472,Tendências e evolução da qualidade do ar na região metropolitana de Belo Horizonte: Perspectivas para o atendimento dos valores recomendados pela organização mundial de saúde,1/12/2015,dez/15,dez/17,Expirado,,,,,,,12/2015 a 12/2017,Vanessa Silveira Barreto Carvalho,IRN, Edital 004-2015 - Relatório de conclusão entregue dia 29.01.2019  // Arquivado CAIXA 01/2020,"8,35"
473,Tratamento térmico de resíduos sólidos orgânicos por processo de secagem em leito de jorro,1/1/2016,mar/16,fev/18,Expirado,,,,,,,03/2016 a 02/2018,Maisa Tonon Bitti Perazzini,IRN, Edital 004-2015 - Relatorio final entregue via e-mail no dia 11/05/2017  // Arquivado CAIXA 001/2020,"8,43"
474,Um estudo sobrea implementação das políticas públicas de formação de professores na universidade,1/1/2016,mar/16,fev/19,Expirado,,,,,,,03/2016 a 02/2019,Flávia Sueli Fabiani Marcatto,IMC, Edital 004-2015 - Prorrogado em 23/02/18 para 02/2019 - Relatório Final entregue dia 20.02.19 // Arquivado CAIXA 01/2020,"7,78"
475,Estudo das Propiedades elétricas de isolantes topológicos baseados em semicondutores de Gap,1/12/2015,jul/15,ago/16,Expirado,FAPEMIG,," R$ 21.683,00 ",0,0,0,07/2015 a 08/2016,Marcelos Lima Peres,IFQ,,
477,Contribuições para melhor compreensão dos efeitos benéficos e nocivos relacionados à exposição a níveis elevados de radiação solar ultravioleta a partir de medidas expectrais ,3/12/2015,ago/15,jan/18,Expirado,FAPEMIG,," R$ 40.173,00 ",0,0,1,08/2015 a 01/2018,Marcelo de Paula Corrêa,IRN,Alteração em Registro de Pesquisa para inserção de membros dia 06/07/2016- Vigencia prorrogada pela FAPEMIG até 23/01/2018. // Relatório final entregue em 06/08/2019  // Arquivado CAIXA 001/2020,
478,"Síntese, caracterização Físico- Química e testes de atividade Antileishmania de Novos Derivados Amidínicos ",10/12/2015,jul/15,set/18,Expirado,FAPEMIG,," R$ 39.068,00 ",,,,07/2015 a 09/2018,Maurício Silva dos Santos,IFQ,Relatório Final entregue em 04/2020,
479,Sistema Portátil de Baixo Consumo para Aquisição de Grandezas Biomédicas a Partir de Sensores Integrados em Modo Corrente,10/12/2015,mai/14,mai/16,Expirado,CNPQ,," R$ 149.400,00 ",,2,,05/2014 a 05/2016,Tales Cleber Pimenta,IESTI,Relatório Final entregue em 03/11/2016 - por e-mail ao DPI  // Arquivado CAIXA 01/2020,
480,Desenvolvimento de uma Plataforma de Circuitos Integrados - Cis para aplicações Industriais e desenvolvimento de ASIC para uma linha de posicionadores e atuadores inteligentes para válvulas de controle a partir da plataforma desenvolvida,10/12/2015,ago/15,ago/18,Expirado,BNDES,," R$ 3.408.400,00 ",,,,08/2015 a 08/2018,Tales Cleber Pimenta,IESTI,Relatório Final entregue em 06/2020,
481,Uso de Veículos aéreos não tripulados (VANTS) para prospecção eólica,11/12/2015,dez/15,dez/17,Expirado,FAPEMIG,," R$ 48.000,00 ",,,,12/2015 a 12/2017,Arcilan Trevenzoli Assireu,IRN,Relatorio Final entregue em 06/2020,
482,REAÇÃO DE MORITA-BAYLIS-HILLMAN E DITIOCARBIMATOS: FERRAMENTAS PARA A SÍNTESE DE NOVOS ACELERADORES DA VULCANIZAÇÃO DA BORRACHA,15/12/2015,ago/15,jul/16,Expirado,PRPPG Unifei," R$ 10.000,00 ",,,,1,08/2015 a 07/2016,Eder do Couto Tavares,IFQ,Edital 003/2015 enxoval = prestação de contas entregue regularmente.,
483,Modelagem de um Índice Mineiro de Educação Financeira a partir de variaveis sócio demográficas,21/12/2015,ago/15,jul/16,Expirado,PRPPG Unifei," R$ 10.000,00 ",,,,1,08/2015 a 07/2016,André Luiz Medeiros,IEPG,Edital 003/2015 enxoval / Arquivado caixa D,
484,Amigos do Clima,21/12/2015,set/15,set/17,Expirado,FAPEMIG,," R$ 22.543,50 ",,,1,09/2015 a 09/2017,Michelle Simões Reboita,IRN,Relatório FINAL entregue em NOVEMBRO/2017,
485,Identificação e comparação do perfil de inovação de dois polos de inovação situados no sul do estado de Minas Gerais utilizando o Radar d e inovação (Innovation Radar),23/2/2016,jul/15,jul/16,Expirado,PRPPG Unifei," R$ 10.000,00 ",,,,1,07/2015 a 07/2016,Célia Ottoboni,IEPG,"Edital 003/2015 enxoval - Relatório final entregue em 03/11/2016, por e-mail // Arquivado CAIXA 01/2020",
486,Estudo Observacional da camada limite planetária na região de transição terra-água: Implicações para o aproveitamento eólico,23/2/2016,mar/16,mar/19,Expirado,CNPq,,,1,,,03/2016 a 03/2019,Arcilan Trevenzoli Assireu,IRN,Relatorio Final entregue em 06/2020,
487,Caracterização de materiais poliméricos e compósitos,26/4/2016,mar/16,fev/19,Expirado,Cnpq,," R$ 39.600,00 ",1,,,03/2016 a 02/2019,Carla Patrícia Lacerda Rubinger,IFQ,Relatorio Final entregue em 21/03/2019 // Arquivado CAIXA 01/2020,
488,Sistemática para Tratamento de Riscos em projetos de software via SCRUM - TEC PPM - 00834-15,16/5/2016,jul/15,ago/17,Expirado,FAPEMIG,," R$ 24.000,00 ",,,,07/2015 a 08/2017,Carlos Eduardo Sanches da Silva,IEPG,relatorio final entregue // Arquivado CAIXA 01/2020,
489,Estudos físico-quimicos e biológicos de magnetodendrissomas de poliglicerol,13/5/2016,fev/15,fev/19,Expirado,CNPq,,,1,,,02/2015 a 02/2019,Alvaro Antonio Alencar de Queiroz,IFQ,,
490,Influência da Eficiência  de Moagem de alta Energia na produção de aços inoxidáveis duplex,,mar/16,jul/19,Expirado,FAPEMIG,," R$ 19.000,00 ",,,,03/2016 a 02/2018,Gilbert Silva,IEM,Prorrogado em 16.05.2018 para 26/07/2019,
491,Produção e desenvolvimento do aço inoxidável duplex UNS S31803 nano estruturado obtido por moagem de alta energia com adição de carbetos,,mar/16,fev/19,Expirado,CNPq,," R$ 39.600,00 ",,,,03/2016 a 02/2019,Gilbert Silva,IEM,,
492,"A DINÂMICA DAS ATIVIDADES EMPREENDEDORAS, CRIATIVAS E INOVADORAS NAS CIDADES: PROPOSTA DE FRAMEWORK CONCEITUAL",,jun/16,mai/18,Expirado,,,,,,,06/2016 a 05/2018,Elzo Alves Aranha,IEPG,Edital 002/2016. Processo 23088.010423/2016-96  ,"9,3"
493,Aglomerados abertos e a estrutura do disco Galáctico,,jun/16,mai/18,Expirado,,,,,,,06/2016 a 05/2018,Wilton da silva dias,IFQ,Edital 002/2016. Processo 23088.010139/2016-10  // Relatório Final Aprovado em 02/06/2020,"9,3"
494,ANÁLISE EXERGO-AMBIENTAL EM INDÚSTRIAS DE USO INTENSIVO DE ENERGIA: FÁBRICAS DE CIMENTO E DE PAPEL E CELULOSE,,jun/16,mai/18,Expirado,,,,,,,06/2016 a 05/2018,Rogério José da Silva,IEM,Edital 002/2016. Processo 23088.010422/2016-41 - Relatório final entregue em 10/2018  // Arquivado CAIXA 01/2020,"7,6"
495,Aplicações da Mecânica Geométrica em problemas não-conservativos de Mecânica Celeste,,jun/16,mai/18,Expirado,,,,,,,06/2016 a 05/2018,Lucas Ruiz dos Santos,IMC,Aprovado no (Edital 002/2016 e 003/2016). Processo 23088.010151/2016-24,"8,7"
496,"Aquisição, Tratamento e Análise de Sinais Biomédicos",,jun/16,mai/17,Expirado,,,,,,,06/2016 a 05/2017,Carlos Minoru Tamaki,IMC,Edital 002/2016. Processo 23088.010151/2016-24 // Relatório final reprovado em 06/2020,"6,9"
497,Avaliação de desempenho de ambientes Big Data,,jun/16,mai/17,Expirado,,,,,,,06/2016 a 05/2017,Bruno Tardiole Kuehne,IESTI,Edital 002/2016. Processo 23088.010334/2016-40/Relatório final entregue. // Arquivado CAIXA 01/2020,8
498,AVALIAÇÃO DE USABILIDADE E FATORES HUMANOS E NO DESENVOLVIMENTO DE EQUIPAMENTOS MÉDICOS,,jun/16,mai/19,Expirado,,,,,,,06/2016 a 05/2019,Ana Paula Siqueira Silva de Almeida,IESTI,Edital 002/2016. Processo 23088.010334/2016-40/ Solicitada prorrogação de vigência para 05/2019 em 06/12/2017. // Relatório final entregue 27/01/2020 // Arquivado em CAIXA 01/2020,"8,7"
499,Computação Científica para solução de problemas astrofísicos,,jun/16,mai/18,Expirado,,,,,,,06/2016 a 05/2018,Hektor Sthenos Alves Monteiro,IFQ,Edital 002/2016. Processo 23088.010139/2016-10 /Relatorio final entregue em 08/05/2018 // Arquivado CAIXA 01/2020,"6,4"
500,Criação de uma planilha eletrônica para o auxílio em projetos de instalações elétricas de baixa e média tensão,,jun/16,mai/17,Expirado,,,,,,,06/2016 a 05/2017,Credson de Salles,ISEE,Edital 002/2016. Processo 23088.010144/2016-22,"6,2"
501,DESENVOLVIMENTO DE NANOCOMPÓSITOS ANTIMICROBIANOS PARA PROTEÇÃO DE BORRACHA DE SILICONE,,jun/16,mai/18,Expirado,,,,,,,06/2016 a 05/2018,Maria Elena Leyva González,IFQ,Edital 002/2016. Processo 23088.010139/2016-10 - Relatorio Final entregue no dia 19/06/2018  // Arquivado CAIXA 001/2020,"8,8"
502,Desenvolvimento de plataforma embarcada para ensino,,jun/16,nov/18,Expirado,,,,,,,06/2016 a 11/2018,Rodrigo Maximiano Antunes de Almeida,IESTI,Edital 002/2016. Processo 23088.010334/2016-40/ Solicitada prorrogação de vigência para 11/2018 em 06/12/2017.,"8,5"
503,DESENVOLVIMENTO DE UM SISTEMA DE GERENCIAMENTO DE BATERIAS COM CARREGADOR INTEGRADO PARA BATERIAS DE LÍTIO,,jun/16,mai/18,Expirado,,,,,,,06/2016 a 05/2018,Robson Bauwelz Gonzatti,ISEE,Edital 002/2016. Processo 23088.010144/2016-22 - Relatorio Final entregue no dia 05/06/2018 // Arquivado CAIXA 01/2020,"8,7"
504,DESENVOLVIMENTO E AVALIAÇÃO DE ALGORITMOS DE BALANCEAMENTO DE CARGA PARA UM AMBIENTE EM NUVEM,,jun/16,mai/17,Expirado,,,,,,,06/2016 a 05/2017,Bruno Guazzelli Batista,IMC,Aprovado no (Edital 002/2016 e 003/2016). Processo 23088.010151/2016-24 - Relatório final entregue em 30/05/2017 por e-mail // Arquivado CAIXA 01/2020,9
505,Determinação e remoção de contaminantes emergentes em mattrizes aquosas,,jun/16,mai/18,Expirado,,,,,,,06/2016 a 05/2018,Sandro José de Andrade,IFQ,Edital 002/2016. Processo 23088.010139/2016-10 - Relatorio Final entregue no dia 05/06/2018 // Arquivado CAIXA 01/2020,"7,8"
506,Estruturas de concreto armado: Estudo dos Estados Limites de Utilização relacionados à durabilidade,,jun/16,mai/18,Expirado,,,,,,,06/2016 a 05/2018,Paulo Cesar Gonçalves,IRN,Edital 002/2016. Processo 23088.010154/2016-68 - Relatório final entregue em 29/10/2018  // Arquivado CAIXA 01/2020,6
507,Estudo e desenvolvimento de aplicações com Processamento de Alto Desempenho e Processamento Paralelo,,jun/16,nov/17,Expirado,,,,,,,06/20016 a 11/2017,Roberto Claudino da Silva,IMC,Edital 002/2016. Processo 23088.010151/2016-24 // Relatório final entregue em 20/12/2019 // Arquivado CAIXA 01/2020,6
508,ESTUDO NUMÉRICO DE ESCOAMENTOS GÁS-LÍQUIDO EM JATOS E ATOMIZADORES VISANDO PRODUÇÃO DE NANOPARTÍCULAS,,jun/16,mai/18,Expirado,,,,,,,06/2016 a 05/2018,Maximilian Joachim Hodapp,IRN,Edital 002/2016. Processo 23088.010154/2016-68 - Relatorio Final entregue no dia 05/06/2018  // Arquivado CAIXA 001/2020,"7,6"
509,IMPLEMENTAÇÃO DE MODELOS DE SISTEMAS DE CCAT EM PROGRAMAS DE SIMULAÇÃO PARA UTILIZAÇÃO NO PLANEJAMENTO DE SISTEMAS ELÉTRICOS DE POTÊNCIA,,jun/16,nov/17,Expirado,,,,,,,06/2016 a 11/2017,Mauricio Campos Passaro,ISEE,Edital 002/2016. Processo 23088.010144/2016-22,"8,1"
510,IMPLEMENTAÇÃO DE UM ALGORITMO HÍBRIDO PARA O PROVISIONAMENTO DE RECURSOS EM NUVEM UTILIZANDO O REMM,,jun/16,mai/17,Expirado,,,,,,,06/2016 a 05/2017,Bruno Guazzelli Batista,IMC,Edital 002/2016. Processo 23088.010151/2016-24´- RELATÓRIO FINAL ENTREGUE EM 23/05/2017 POR E-MAIL Obs.: aluno envolvido não concluiu as atividades // Arquivado CAIXA 01/2020,9
511,LEVANTAMENTO E ANÁLISE DE DADOS DOS TÚNEIS BRASILEIROS,,jun/16,mai/17,Expirado,,,,,,,06/2016 a 05/2017,Adinele Gomes Guimarães,IRN,Edital 002/2016. Processo 23088.010154/2016-68 Relatorio final entregue em 03/05/2018 // Arquivado CAIXA 01/2020,"6,6"
512,Mapeamento e Estado da Arte de pesquisas colaborativas ou em grupos colaborativos ou em comunidades de prática sobre o professor que ensina matemática,,jun/16,mai/17,Expirado,,,,,,,06/2016 a 05/2017,Eliane Matesco Cristovão,IMC, // Arquivado CAIXA 01/2020Edital 002/2016. Processo 23088.010151/2016-24/ Relatorio final entregue em 20/12/2017,"7,2"
513,Modelagem Matemática e Simulação Numérica de Problemas Envolvendo Dinâmica de Fluidos e Dinâmica dos Corpos Rígidos,,jun/16,mai/18,Expirado,,,,,,,06/2016 a 05/2018,Bruno Silva de Sousa,IEM,Edital 002/2016. Processo 23088.010422/2016-41  - Relatório final entregue em 30/10/2018 // Arquivado CAIXA 01/2020,"6,9"
514,Os sonhos e as verdades nos cursos de Engenharia: as narrativas sobre a constituição do profissional entre palavras e ações,,jun/16,jun/20,Expirado,,,,,,,08/2017 a 07/2018,Rogério Rodrigues,IFQ,Relatório Final Aprovado em 30/09/2020 // Edital 002/2016 Suspenso em decorrência do afastamento do coordenador- Reativado em 01/08/2017 - Projeto prorrogado em 27/06/2018 para 03/2019 - - Projeto prorrogado em 29/01/2019 para 06/2020 ,"8,1"
515,Parâmetros atmosféricos de Hot-Jupiters  através da observação de trânsitos  e eclipses secundários no infravermelho,,jun/16,mai/18,Expirado,,,,,,,06/2016 a 05/2018,Gabriel Rodrigues Hickel,IFQ,Edital 002/2016. Processo 23088.010139/2016-10 ,"7,2"
516,Um estudo das potencialidades de um projeto de extensão permeado por práticas de letramento científico e tecnológico: parceria entre a Universidade Federal de Itajubá e Escolas Públicas de Ensino Médio,,jun/16,nov/17,Expirado,,,,,,,06/2016 a 11/2017,Eliane Matesco Cristovão,IMC,Edital 002/2016. Processo 23088.010151/2016-24- Relatório final entrgue em 20/12/2017 // Arquivado CAIXA 01/2020,7
517,"UMA PROPOSTA PARA MELHORIA DA PREVISIBILIDADE DE CUSTO DE PROJETOS DE SOFTWARE, UTILIZANDO A TÉCNICA DE GERENCIAMENTO DE VALOR AGREGADO (GVA) E DADOS HISTÓRICOS DO INDICADOR DE DESEMPENHO DE CUSTO (IDC)",,jun/16,mai/18,Expirado,,,,,,,06/2016 a 05/2018,Adler Diniz de Souza,IMC,Aprovado no (Edital 002/2016 e 003/2016). Processo 23088.010151/2016-24.,"9,8"
518,Estudos de Estabilidade de tensão considerando a inserção de Energias Renováveis,,mar/16,fev/20,Expirado,CNPq,," R$ 110.400,00 ",,,,03/2016 a 02/2020,Antonio Carlos Zambroni de Souza,ISEE,,
519,Expressividade socioeconômica da agricultura familiar para o desenvolvimento territorial em municípios do sul de Minas Gerais,,jul/16,jul/17,Expirado,,,,,,,07/2016 à 07/2017,Viviane Guimarães Pereira,IEPG, Edital 003/2016. Processo 23088.011884/2016-86 ALTERAÇÃO/ Relatório final entregue e aprovadao em 06/07/17  // Arquivado CAIXA 01/2020,10
520,Modelagem Computacional de Problemas de Otimização Topológica Aplicados no Projeto Mecânico,21/6/2016,jun/16,ago/17,Expirado,,,,,,,06/2016 à 08/2017,Bruno Silva de Sousa,IEM,Edital 003/2016. Processo 23088.011872/2016-51 - Relatorio Final entregue 11/05/2018 // Arquivado CAIXA 01/2020,10
521,Equilíbrio de fases a 1050 °C do sistema ternário Ni-Nb-Ta,21/6/2016,jul/16,jul/18,Expirado,,,,,,,07/2016 a 07/2018,Antonio Augusto Araújo Pinto da Silva,IEM,Edital 003/2016. Processo 23088.011872/2016-51 / relatório final entregue em 07/2019,"9,6"
522,Solitons Topologicos e Deformações,21/6/2016,jul/16,jun/17,Expirado,,,,,,,07/2016 a 06/2017,Alexis Roa Aguirre,IFQ,Edital 003/2016. Processo 23088.011881/2016-42 -Relatorio final entregue em 17/08/2017  // Arquivado CAIXA 01/2020,"9,3"
523,Impacto das mudanças climáticas para as principais culturas de clima temperado na região Sudeste do Brasil,21/6/2016,jul/16,jun/19,Expirado,,,,,,,07/2016 à 06/2019,Fabrina Bolzan Martins,IRN, Edital 003/2016.  Processo 23088.011878/2016-29 - Prorrogado em 28/11/17 para até 06/2019 // Relatório Final entregue em 30/08/2019,9
524,Sobre a Estabilidade e Instabilidade de Soluções de Problemas Semi-lineares,21/6/2016,jul/16,jun/17,Expirado,,,,,,,07/2016 a 06/2017,Maicon Sônego,IMC,Aprovado no Edital 003/2016. Processo 23088.011874/2016-41 ,"8,7"
525,Efeitos de vácuo Quantico,12/7/2016,jul/16,fev/22,Vigente,CNPq,," R$ 39.600,00 ",,,,07/2016 a 02/2022,Fabricio Augusto Barone Rangel,IFQ,Memorando nº 435/2016 - IFQ - prorrogado em 03/19 até 02/2022,
526,Avaliação da atividade antiflamatória de farmacos associados a polímeros biodegradáveis funcionalizados com ligante da selectina-e em modelo de artrite induzida por antígeno,12/7/2016,jul/16,dez/17,Expirado,CNPq,," R$ 17.480,00 ",,,,07/2016 a 12/2017,Daniela Sachs,IFQ,Processo 23088.011900/2016-31 - Relatório Final entregue dia 20.02.19 // Arquivado CAIXA 01/2020,
527,Flutuações quânticas de campos na presença de meios materiais,13/7/2016,jul/16,fev/20,Expirado,CNPq,," R$ 17.480,00 ",,,,07/2016 a 02/2020,Vitorio Alberto De Lorenci,IFQ,Relatorio Final entregue em 06/2020,
528,Modelos de maquinas síncrona com ênfase na fidelidade das grandezas do rotor,13/7/2016,jul/16,fev/17,Expirado,CNPq,," R$ 17.480,00 ",,,,07/2016 a 02/2017,Edson da Costa Bortoni,ISEE,Relatório final de projeto entregue por e-mail em 04/12/2017 // Arquivado CAIXA 01/2020,
529,"Avaliação Técnico, Econômica e de Sustentabilidade de Diferentes Tecnologias Avançadas de Conversão ",15/7/2016,jul/16,mar/19,Expirado,CNPq,," R$ 39.600,00 ",,,,07/2016 a 03/2019,José Carlos Escobar Palacio,IEM,Memorando nº 437/2016 - IEM,
530,Crosscap em Espaço Minkowski e Equações Diferenciais Ordinárias,12/9/2016,set/16,jul/19,Expirado,FAPEMIG,," R$ 19.582,50 ",,,,09/2016 a 07/2019,Fabio Scalco Dias,IMC,Memorando nº 322/2016 - IEM/Prorrogado até 07/19 // Relatório Final entregue em 21/05/2020,
531,Água: Prevenir é o melhor remédio  ,14/9/2016,set/16,dez/16,Expirado,CAPES,," R$ 40.000,00 ",,,,09/2015 a 12/2016,Ana Lúcia Fonseca,IRN,Relatorio final entregue por e-mail no dia 26/06/2017 // Arquivado CAIXA 01/2020,
532,"Análise da influência do uso e ocupação do solo sobre os recursos hidricos da bacia hidrográfica do córrego do Feijão, São Carlos, SP",26/10/2016,nov/12,nov/16,Expirado,,,,,,,11/2012 a 11/2016,Francisco Antônio Dupas,IRN,Projeto registrado após aprovação em Câmera - 5ª reunião extraordinária em 20/10/2016 41ª Resolução,
533,"Indicadores ambientais por meio de simulação e análise de dados. Estudo do caso da bacia hidrográfica do ribeirão do feijão (São Carlos, SP) utilizando banco de dados e S.I.G",26/10/2016,nov/12,nov/16,Expirado,,,,,,,11/2012 a 11/2016,Francisco Antônio Dupas,IRN,Projeto registrado após aprovação em Câmera - 5ª reunião extraordinária em 20/10/2016 41ª Resolução,
534,"Variaveis ambientais em banco de dados (BD) visando a busca das interações e utilizando simulação por meio de sistemas de informação geográfica (SIG). Estudo do caso da bacia hidrográfica do córrego do Feijão, São Carlos, SP A1:T3554",26/10/2016,nov/12,nov/16,Expirado,,,,,,,11/2012 a 11/2016,Francisco Antônio Dupas,IRN,Projeto registrado após aprovação em Câmera - 5ª reunião extraordinária em 20/10/2016 41ª Resolução,
535,Suporte para o projeto: Desenvolvimento de Tecnologias e procedimentos eficientes para gestão Hidroenergética em sistemas de Distribuição de Água,21/12/2016,set/16,jun/21,Vigente,FAPEMIG ,,"R$ 4.800,00",_,,,12/2016 a 06/2021,Fernando das Graças Braga da Silva,IRN,"Processo nº 23088.021330/2016-97, enviado Á DPI em 07/12/2016 - Programa Pesquisador Mineiro - PPM 00755-16- Prorrogado de 09/2018 para 12/2018 ( em 04/2018). Prorrogado novamento de 12/2018 para 06/2019 ( em 12/2018) Foi prorrogado para30/04/2020 realizada em 17/07/2019 e novamente prorrogrado para 06/2021 em 29/07/2020",
536,Desenvolvimento de Tecnologias e procedimentos eficientes para gestão Hidroenergética em sistemas de Distribuição de Água - Programa Pesquisador Mineiro,19/1/2013,01/jan,fev/18,Expirado,FINEP,,"R$ 420.000,00",,,,01/2013 a 02/2018,Fernando das Graças Braga da Silva,IRN,Processo nº 23088.021328/2016-18 - enviado á DPI em 07/12/2016 - pedido de alteração de vigência em 22/02/2017 para 02/2018 - Relatorio Final entregue em 11/05/2018 //  PROJETO ENCERRADO. RELATORIO ENTREGUE CERTIFICADO FEITO,
537,A FORMAÇÃO DE PROFESSORES E A TEMÁTICA AMBIENTAL: ATUAÇÃO DOCENTE NAS DISCIPLINAS DE CIÊNCIAS NATURAIS E BIOLOGIA,8/2/2017,fev/17,jan/19,Expirado,,,,,,,fev/2017 a jan/2019,Janaina Roberta dos Santos,IRN,Edital 005/2016 - Relatório de conclusão entregue dia 29.01.2019 // Arquivado CAIXA 01/2020,"7,3"
538,ANÁLISE DA PERMEABILIDADE DE SOLOS ARGILOSOS COM ADIÇÃO DE FIBRAS DE CANA-DE-AÇÚCAR ,8/2/2017,fev/17,jan/18,Expirado,,,,,,,fev/2017 a jan/2018,Adinele Gomes Guimarães,IRN,Relatorio final entregue em 03/05/2018 // Arquivado CAIXA 01/2020,"9,25"
539,Análise do impacto da geração de energia fotovoltaica conectada à rede elétrica considerando uma empresa pública municipal,8/2/2017,fev/17,jan/18,Expirado,,,,,,,fev/2017 a jan/2018,Roberto Akira Yamachita,ISEE,Relatório Final Aprovado em 056/2020,"7,57"
540,APLICAÇÃO DO NDVI PARA ANÁLISE MULTITEMPORAL DA COBERTURA VEGETAL NO MONUMENTO NATURAL ESTADUAL DA PEDRA DO BAÚ,8/2/2017,fev/17,jan/19,Expirado,,,,,,,fev/2017 a jan/2019,Nívea Adriana Dias Pons,IRN,Prorrogado em 12/12/17 até 01/2019. // Relatório final entregue em 15/05/2019  // Arquivado CAIXA 001/2020,"9,93"
541,AVALIAÇÃO DA INSERÇÃO DE CONTAMINANTES DURANTE O ENVELHECIMENTO DO ÓLEO MINERAL ISOLANTE ,8/2/2017,fev/17,jan/19,Expirado,,,,,,,fev/2017 a jan/2019,FLAVIO SOARES SILVA,IFQ,,"8,36"
542,Avaliação da vida em fadiga de um aço avançado de alta resistência submetido ao tratamento de têmpera e partição,10/2/2017,fev/17,jun/19,Expirado,,,,,,,fev/2017 a jan/2019,RENATA NEVES PENHA,IEM,Prorrogado em 12/12/18 até 06/2019.,"8,89"
543,AVALIAÇÃO DE PARÂMETROS DE DESEMPENHO EM REATOR CONVENCIONAL: APLICAÇÃO EM (BIO)PROCESSOS,10/2/2017,fev/17,jan/19,Expirado,,,,,,,fev/2017 a jan/2019,Luciano Jacob Corrêa,IRN,,"9,28"
544,Caos  e ordem em dinâmica em superfícies,10/2/2017,fev/17,jan/20,Expirado,,,,,,,fev/2017 a 01/2020,JUAN VALENTIN MENDOZA MOGOLLON,IMC,Prorrogado em 12/12/18 até 01/2020. // relatório final entregue e aprovado em 03/2020,"8,96"
545,Características estáticas e dinâmicas de instrumentos,10/2/2017,fev/17,jan/19,Expirado,,,,,,,fev/2017 a jan/2019,Edson da Costa Bortoni,ISEE,,"6,85"
546,Caracterização óptica de amostras de TiO2 Anatase dopadas com Pd: Uma nova abordagem de ajustes pelo método de otimização global,10/2/2017,fev/17,jan/18,Expirado,,,,,,,fev/2017 a jan/2018,Adhimar Flávio Oliveira,IFQ,Relatório final entregue em 15/02/2018 // Arquivado em CAIXA 01/2020,"8,29"
547,Controle de odores em sistema de esgotamento sanitário,10/2/2017,fev/17,jan/19,Expirado,,,,,,,fev/2017 a jan/2019,HERLANE COSTA CALHEIROS,IRN,Relatório final entregue em 27/06/2019 // Arquivado CAIXA 01/2020,"9,5"
548,Correções de ordem superior em teorias supersimétricas de cordas,10/2/2017,fev/17,fev/20,Expirado,,,,,,,fev/2017 a jan/2019,Ricardo Ivan Medina Bascur,IMC,Projeto prorrogado em 29/01/2019 para 02/2020 // Relatório final entregue em 03/02/2020,"9,5"
549,DESENVOLVIMENTO DE MÉTRICAS PARA AVALIAÇÃO DOS IMPACTOS RELACIONADOS ÀS AÇÕES DA ORGANIZAÇÃO NÃO GOVERNAMENTAL - AMIGOS DE ITAJUBÁ,10/2/2017,fev/17,jan/19,Expirado,,,,,,,fev/2017 a jan/2019,LUIZ EUGENIO VENEZIANI PASIN,IEPG,,"7,65"
550,DETERMINAÇÃO DE PROPRIEDADES TÉRMICAS DE SOLOS CONTAMINADOS,10/2/2017,fev/17,fev/19,Expirado,,,,,,,fev/2017 a jan/2019,Hugo Perazzini,IRN,Relatório final entregue no dia 15/05/2019 // Arquivado CAIXA 01/2020,"8,5"
551,Diagnóstico de defeitos em rolamentos por meio da análise da vibração,10/2/2017,fev/17,jan/18,Expirado,,,,,,,fev/2017 a jan/2018,JANAINA CUNHA VAZ ALBUQUERQUE,IEM,Relatório Final REPROVADO pela Comissão Institucional de Pesquisa em 06/2020,"8,68"
552,Dimensionamento de Sistemas Híbridos Eólico – Fotovoltaico. Analise Técnica e Econômica,10/2/2017,fev/17,jan/18,Expirado,,,,,,,02/2017 a 01/2018,Christian Coronado Rodriguez,IEM,Relatório Final entregue 12/12/2018 // Arquivado CAIXA 01/2020,"7,34"
553,EFEITO DE BIOMOLÉCULAS NA DEGRADAÇÃO DE CORANTES POR PROCESSOS FENTON (Fe/H2O2),10/2/2017,fev/17,jan/19,Expirado,,,,,,,fev/2017 a jan/2019,André Aguiar Mendes,IRN,Relatório final entregue em 03/2019 // Arquivado CAIXA 01/2020,"8,15"
554,Estudo de materiais sólidos aplicáveis à termoacumulação: Carbeto de silício Área: Engenharia Civil Sub-área: Materiais de Construção Civil ,10/2/2017,fev/17,jan/18,Expirado,,,,,,,fev/2017 a jan/2018,Valquíria Claret dos Santos,IRN,Relatorio Final entregue  // Arquivado CAIXA 01/2020,"7,93"
555,ESTUDO DE VIABILIDADE PARA A DIMINUIÇÃO DO FUNDO DE ESCALA DA MÁQUINA DE FADIGA ROTATIVA RBF-200,10/2/2017,fev/17,jan/18,Expirado,,,,,,,fev/2017 a jan/2018,RICARDO RISSO CHAVES,IEM,,"8,14"
556,Estudo experimental e modelagem termodinâmica dos sistemas ternários: Nb-V-Zr e Ti-V-Zr,10/2/2017,fev/17,dez/19,Expirado,,,,,,,fev/2017 a jan/2019,Antonio Augusto Araújo Pinto da Silva,IEM,Prorrogado em 29/10/2018 para 12/2019 – Relatório final entregue e aprovado em 08/2020,"9,93"
557,FRAÇÃO DOS COMPONENTES CORPORAIS: UMA VARIÁVEL INCÓGNITA NA MENSURAÇÃO DA PRESSÃO ARTERIAL.,10/2/2017,fev/17,jan/19,Expirado,,,,,,,fev/2017 a jan/2019,Alexandre Carlos Brandão Ramos,IMC,Relatório final entregue em agosto de 2019 por e-mail // Arquivado CAIXA 01/2020,"7,57"
558,Gestão do conhecimento de conteúdos digitais educacionais da Unifei,10/2/2017,fev/17,jan/19,Expirado,,,,,,,fev/2017 a jan/2019,Cláudia Eliane da Matta,IESS,,"7,72"
559,Influência do Método de Síntese nas Propriedades de Catalisadores de Cu-Pt Suportados em Céria para Reação de Preferencial de CO.,10/2/2017,fev/17,jan/19,Expirado,,,,,,,fev/2017 a jan/2019,Karina Arruda Almeida,IRN,Relatório final entregue em 09/08/2019 // Arquivado CAIXA 001/2020,8
560,INÍCIO E FIM DA ESTAÇÃO CHUVOSA NA REGIÃO TROPICAL DA AMÉRICA DO SUL: CONDIÇÕES ATUAIS E PROJEÇÕES FUTURAS.,10/2/2017,fev/17,jan/19,Expirado,,,,,,,fev/2017 a jan/2019,Sâmia Regina Garcia Calheiros,IRN,,"9,71"
561,Modelo de Controle de Admissão para Internet das Coisas.,10/2/2017,fev/17,jan/18,Expirado,,,,,,,fev/2017 a jan/2018,Bruno Guazzelli Batista,IMC,Relatório final entregue em 22/02/2018 // Arquivado CAIXA 01/2020,"8,15"
562,Modelo de Predição de Carga em Computação em Nuvem,10/2/2017,fev/17,jan/18,Expirado,,,,,,,fev/2017 a jan/2018,Bruno Guazzelli Batista,IMC,Relatorio final entregue em 30/10/2018 // Arquivado CAIXA 01/2020,"8,6"
563,NARRATIVAS DIGITAIS NA FORMAÇÃO CONTINUADA DE PROFESSORES DE CIÊNCIAS.,10/2/2017,fev/17,jan/19,Expirado,,,,,,,fev/2017 a jan/2019,Mikael Frank Rezende Junior,IFQ,Relatório final entregue em 20/12/2019  // Arquivado CAIXA 001/2020,"8,43"
564,O PAPEL DA CULTURA NO PROCESSO DE ESTÍMULO À INOVAÇÃO E CRIATIVIDADE NAS UNIVERSIDADES: UM ESTUDO DE CASO APLICADO À UNIVERSIDADE FEDERAL DE ITAJUBÁ.,10/2/2017,fev/17,jan/19,Expirado,,,,,,,fev/2017 a jan/2019,LUIZ EUGENIO VENEZIANI PASIN,IEPG,,"7,4"
565,Permanência de Handroanthus chrysotrichus (Mart. ex A.DC.) Mattos no banco de sementes em floresta estacional.,13/2/2017,fev/17,jan/19,Expirado,,,,,,,fev/2017 a jan/2019,Hisaias de Souza Almeida,IRN,Relatório final entregue em 20/12/2019 // Arquivado CAIXA 01/2020,"9,29"
566,POTENCIAL BIOTECNOLÓGICO DE MICRORGANISMOS DO SOLO NA OLIVICULTURA.,13/2/2017,fev/17,jan/19,Expirado,,,,,,,fev/2017 a jan/2019,Rogério Melloni,IRN,Relatório final entregue em 23/04/2019 // Arquivado CAIXA 01/2020,9
567,PROJETO DE MÁQUINAS ELÉTRICAS E MODELAGEM VISANDO À FIDELIDADE DAS GRANDEZAS DO ROTOR.,13/2/2017,fev/17,jan/19,Expirado,,,,,,,fev/2017 a jan/2019,Edson da Costa Bortoni,ISEE,,"6,32"
568,PROJETO DE UM HARDWARE PARA DETECÇÃO DE BORDA EM IMAGENS ESTÁTICAS UTILIZANDO LINGUAGEM DE DESCRIÇÃO DE HARDWARE E FPGA.,13/2/2017,fev/17,jan/18,Expirado,,,,,,,fev/2017 a jan/2018,Leonardo Breseghello Zoccal,IESTI,  // Arquivado CAIXA 001/2020Relatório final entregue em 14/06/2018,"7,99"
569,PROJETOS DE FORMAÇÃO CONTINUADA DOCENTE SOB A PERSPECTIVA DIALÓGICA: MOBILIZANDO SABERES PEDAGÓGICOS.,13/2/2017,fev/17,ago/18,Expirado,,,,,,,fev/2017 a jan/2019,RITA DE CÁSSIA MAGALHÃES TRINDADE STANO,IEPG,Relatório final entregue em 07/08/2018 // Arquivado CAIXA 01/2020,"9,85"
570,PROPOSIÇÃO DE UM PROGRAMA DE GESTÃO E MANEJO DO SOLO E ÁGUA PARA FINS DE MITIGAÇÃO DE EVENTOS DE ESTIAGEM NA BACIA DO RIO SAPUCAÍ.,13/2/2017,fev/17,fev/20,Expirado,,,,,,,fev/2017 a jan/2019,Eliane Guimarães Pereira Melloni,IRN,Vigência prorrogada até 02/2020. (em 30/10/2018),"8,18"
571,Proposta experimental de um buraco de minhoca dinâmico análogo em meios materiais não-lineares.,13/2/2017,fev/17,jan/19,Expirado,,,,,,,fev/2017 a jan/2019,Eduardo Henrique Silva Bittencourt,IFQ,Relatório final entregue via e-mail em 02/05/2019 // Arquivado CAIXA 01/2020,"9,16"
572,QUANTO VALE O DINHEIRO PARA OS JOVENS? CONSTRUCAO E CONSOLIDACAO DO CONHECIMENTO DE EDUCACAO FINANCEIRA ENTRE ALUNOS UNIVERSITARIOS,13/2/2017,fev/17,jan/19,Expirado,,,,,,,fev/2017 a jan/2019,ANDRE LUIZ MEDEIROS,IEPG,suspenso devido à registro de pendência. // Arquivado CAIXA 01/2020,"7,6"
573,SECAGEM DE RESÍDUOS SÓLIDOS ORGÂNICOS,13/2/2017,fev/17,jan/19,Expirado,,,,,,,fev/2017 a jan/2019,Maisa Tonon Bitti Perazzini,IRN,relatório final entregue em 28.02.2019  // Arquivado CAIXA 001/2020,"8,73"
575,SIMULAÇÃO DE PROPAGAÇÃO DE ONDAS ULTRASSÔNICAS APLICADAS EM ENSAIOS NÃO DESTRUTIVOS.,13/2/2017,fev/17,jan/20,Expirado,,,,,,,fev/2017 a jan/2020,Paulo Pereira Junior,IEM,Prorrogado em 09/04/2019 até 01/2020 // Relatório final entregue em 03/02/2020,"8,65"
576,SIMULAÇÃO DO COMPORTAMENTO ESTRUTURAL DAS FUNDAÇÕES DE UMA TORRE DE TRANSMISSÃO ELÉTRICA SOB AÇÃO DE VENTOS.,13/2/2017,fev/17,jan/18,Expirado,,,,,,,fev/2017 a jan/2018,Adinele Gomes Guimarães,IRN,Relatorio final entregue em 03/05/2018 // Arquivado CAIXA 01/2020, 6.86 
577,SIMULAÇÃO DO CONTÍNUO UTILIZANDO ESTRUTURAS TIPO TRELIÇAS VIA MÉTODO DOS ELEMENTOS FINITOS.,13/2/2017,fev/17,jan/19,Expirado,,,,,,,fev/2017 a jan/2019,Jesús Antonio García Sánchez,IEM,Relatório final entregue em 07/05/2018 // Arquivado CAIXA 01/2020,"8,73"
578,Síntese de cimentos ionômeros de vidro baseados no sistema SiO2-Al2O3- CaO-K2NbF7 pelo método sol-gel.,13/2/2017,fev/17,jan/19,Expirado,,,,,,,fev/2017 a jan/2019,Rossano Gimenes,IFQ,Relatório final entregue em 20/08/2019 // Arquivado CAIXA 01/2020,"8,71"
579,Síntese de Circuitos CMOS Usando Computação Evolutiva.,13/2/2017,fev/17,jan/18,Expirado,,,,,,,fev/2017 a jan/2018,Paulo César Crepaldi,IESTI,,"7,09"
580,Síntese e caracterização de novos complexos heterolépticos de In(III) e Ga(III) com ligantes sulfonilditiocarbimatos e tiosemicarbazonas.,13/2/2017,fev/17,jan/18,Expirado,,,,,,,fev/2017 a jan/2018,Eder do Couto Tavares,IFQ,Relatorio final entregue em 19/04/2018 // Arquivado CAIXA 01/2020,9
581,"Tecnologias, Educação e Diversidade.",13/2/2017,fev/17,jan/19,Expirado,,,,,,,fev/2017 a jan/2019,Denise Pereira de Alcantara Ferraz,IFQ,relatório final entregue em 02/12/2019 // Arquivado CAIXA 01/2020,8
582,Uso de trans-séries resurgentes em Mecânica Quântica e Teoria de Cordas.,13/2/2017,fev/17,fev/20,Expirado,,,,,,,fev/2017 a jan/2018,Ricardo Iván Medina Bascur,IMC,Prorrogado em 18/04/18 até 02/2019.- Projeto prorrogado em 29/01/2019 para 02/2020 // Relatório final entregue em 03/02/2020,"6,61"
583,"Utilização do processo“Halide Activated Pack Cementation” (HAPC), para recobrimento de ligas de Mo-Si-B visando o aumento da resistência à oxidação.",13/2/2017,fev/17,jan/19,Expirado,,,,,,,fev/2017 a jan/2019,Márcia Regina Baldissera Rodrigues,IRN,Relatório final entregue em 30/07/2019  // Arquivado CAIXA 001/2020,"9,71"
584,OBSERVATÓRIO DE DESENVOLVIMENTO E CULTURA NO SUL DE MINAS GERAIS,13/2/2017,set/16,set/20,Expirado,FAPEMIG,,"R$ 50.400,00",bolsas,bolsas,bolsas,set/16 a set/18,Carlos Alberto Maximo Pimenta,IEPG,Prorrogado em 30.01.2019 para 06/2019 // Prorrogado em 02/07/2019 para 30/04/2020 // Prorrogado de 30/04/2020 para 30/09/2020 em 15/05/2020,
585,AUTOMATIZAÇÃO DE PARAMETROS DE CONTROLE VISANDO A ESTABILIDADE DE TENSAO EM SISTEMAS ELETRICOS DE POTENCIA,13/2/2017,mar/16,fev/21,Vigente,CNPQ,,"R$ 66.000,00",bolsas,bolsas,bolsas,mar/16 a fev/2021,Benedito isaias de lima lopes,ISEE,,
586,Semicontinuidade Superior de Atratores para Problemas Parabólicos envolvendo o Operador p(x)-Laplaciano.,13/2/2017,fev/17,jan/19,Expirado,FAPEMIG (APQ 00814-16),,"R$ 15.823,50",bolsas,bolsas,bolsas,fev/2017 a jan/2019,Mariza Stefanello Simsen,IMC,Relatório final entregue em 30/08/2019 pela PROEX.  // Arquivado CAIXA 001/2020,"9,68"
587,DESENVOLVIMENTO DE UM NANOCOMPOSITO HIERARQUICO ANTIMICOBRIANO PARA ULTILIZAÇÃO NA ENGENHARIA ELETRICA DE POTENCIA,13/2/2017,fev/17,fev/19,Expirado,FAPEMIG,,"R$ 50.000,00",bolsas,bolsas,bolsas,fev/2017 a fev/2019,Maria Elena Leyva Gonzalez,IFQ,,
588,SIMULAÇÃO INTEGRADA DA SOLIDIFICAÇÃO E DE TRATAMENTOS TERMICOS VISANDO A PREVISÃO DE PROPIEDADES MECÂNICAS DE LIGAS DE ALUMINIO.,14/2/2017,mar/15,fev/18,Expirado,CNPq,," R$ 39.600,00 ",bolsa,bolsa,bolsas,mar/15 a fev/18,Mirian De Lourdes Noronha Motta Melo,IEM,Relatório final entregue em 11/05/2018,
589,ULTILIZAÇÃO DE METODOS DE METAMODELAGEM PARA SEROLUÇÃO DE PROBLEMAS COMPLEXOS EM OTIMIZAÇÃO VIA SIMULAÇÃO,16/2/2017,mar/17,mar/19,Expirado,FAPEMIG (APQ 01188-16),,"R$ 15.444,24",bolsa,bolsa,bolsas,mar/17 a mar/19,Rafael de Carvalho Miranda,IEPG,Relatório final entregue em 30/08/2019 pela PROEX. // Relatório final entregue na DPI em 24/01/2020 // Arquivado CAIXA 01/2020,
590,ANALISE DE PROBLEMAS EM TRANSFERNECIA DE CALOR USANDO PROBLEMAS INVERSOS,22/2/2017,mar/17,fev/19,Expirado,FAPEMIG,,"R$ 57.067,50",1,6,4,mar/17 a fev/19,Sandro Metrevelle Marcondes de Lima e Silva,IEM,Relatório Final Aprovado em 05/2019,
591,Contibuição do teste de usabilidade para o processo de desenvolvimento de produto de uma incubadora neonatal,16/3/2017,jan/17,dez/17,Expirado,CNPq,,"R$ 49.200,00",,,,jan/17 a dez/17,Carlos Henrique Pereira Mello,IEPG,,
592,Aeronaves remotamente pilotadas em inspeção de Linha de Transmissão,22/3/2017,mar/17,fev/20,Expirado,CNPq,," R$ 39.600,00 ",bolsas,2,2,mar/17 a fev/20,Alexandre Carlos Brandão Ramos,VIscap,Relatório Final Aprovado em 04/2020,
593,Teoria qualitadiva das equações diferenciais da geometria,22/5/2017,mai/17,jan/18,Expirado,CAPES,,"R$ 86.460,00",bolsas,bolsas,bolsas,maio/17 a jan/18,Luis Fernando de Osório Mello,IMC,,
594,Equações diferenciais parciais não-lineares com expoentes variáveis,8/6/2017,mar/17,abr/20,Expirado,FAPEMIG,,"R$ 50.400,00",bolsas,bolsas,bolsas,mar/2017 a set/2018,Jacson Simsen,IMC,enviado por sipac. Mem. 268/2017 - IMC // Projeto prorrogado de 01/09/2018 para 30/04/2020 em 07/08/2019,
595,Metodologia de Projeto do Lean Office para Instituição de Ensino Superior Federal - Edital Universal CNPq 2016,20/6/2017,jun/17,jun/20,Expirado,CNPq,,"R$ 3.084,00",0,0,0,jun/2017 a jun/20,Carlos Eduardo Sanches da Silva,IEPG,relatório final entregue // Arquivado CAIXA 01/2020,
596,Ampliando o uso de ferramentas de apoio a decisão para a sustentabilidade em logistica e transporte,22/6/2017,mar/17,fev/20,Expirado,CNPq,," R$ 39.600,00 ",bolsas,bolsas,bolsas,mar/2017 a fev/2020,Renato da Silva Lima,IEPG,Relatorio Final entregue em 06/2020,
597,Analise numérico/experimental da solidificação e da homogenização de ligas de aluminio visando a previsão de propiedades mecânicas e elétricas.,23/6/2017,mar/17,jul/19,Expirado,FaPEMIG,,"R$ 30.450,00",0,0,0,mar/2017 a jul/2019,Mirian De Lourdes Noronha Motta Melo,IEM,,
598,Processo de tomada de decisão em transportes: abordagem multicritério integrada a outros métodos de análise ,26/6/2017,mar/17,fev/20,Expirado,CNPq,," R$ 39.600,00 ",bolsas,bolsas,bolsas,mar/2017 a fev/2020,Josiane Palma Lima,IEPG,Relatorio Final entregue em 06/2020,
599,ANALISE DA INTERACAO ENTRE A INFRAESTRUTURA VIARIA E O TRAFEGO DE VEICULOS INTELIGENTES VISANDO A SEGURANCA E A MOBILIDADE URBANA SUSTENTAVEL,22/5/2017,jul/17,jun/19,Expirado,,,,,,,jul/2017 à ago/2018,Maria Rachel de Araujo Russo,IRN,Prorrogado em 11/09/2018 para 06/2019 - Relatório final entregue e aprovado em 08/2020,"6,93"
600,Análise da Vulnerabilidade e Risco de Poluição das Águas Subterrâneas na área de Implantação das Empresas do Parque Científico e Tecnológico de Itajubá (PCTI),22/5/2017,jul/17,jul/19,Expirado,,,,,,,jul/2017 à ago/2018,ESTEFANIA FERNANDES DOS SANTOS,IRN,Prorrogado em 13/09/2018 de 08/2018 para 07/2019,"8,79"
601,APRENDIZADO DE MÁQUINA VIA APRENDIZAGEM PROFUNDA (DEEP LEARNING),22/5/2017,jul/17,dez/19,Expirado,,,,,,,07/17 a 12/19,Isabela Neves Drummond,IMC,Prorrogado em 13/12/17 para até 12/2018. Prorrogado em 09/05/2018 para 12/2019 // Relatório final entregue em 24/01/2020 // Arquivado CAIXA 01/2020,"9,47"
602,AVALIAÇÃO DO CONSUMO DE ÁGUA EM EDIFICAÇÕES DA UNIFEI,5/10/2017,jul/17,jun/19,Expirado,,,,,,,07/17 a 06/19,MARCIA VIANA LISBOA MARTINS,IRN,Prorrogado em 16/05/2018 para 06/2019. // relatório final entregue em 19/06/2019  // Arquivado CAIXA 001/2020,"7,6"
603,CARBOXILATOS LAMELARES DOS METAIS MAGNESIO (II) E ZINCO (II) COMO ADSOLUBILIZADORES DE 2-UNDECANONA PARA APLICAÇÃO COMO AGENTES DE LIBERAÇÃO LENTA,20/5/2017,jul/17,jun/19,Expirado,,,,,,,07/17 a 06/19,Fábio da Silva Lisboa,IFQ,Prorrogado em 18/06/2018 para 06/2019 // Relatório Final Aprovado em 04/2020,"8,77"
604,Descoloração de misturas de corantes por processos Fenton (Fe/H2O2),5/10/2017,ago/17,jul/19,Expirado,,,,,,,08/17 a 07/19,André Aguiar Mendes,IRN,Relatório final entregue em 06/08/2019 // Arquivado CAIXA 01/2020,"9,03"
605,Desenvolvimento de Algoritmos para Simulação Dinâmica de Aeronaves de Asas Rotativas,15/5/2017,jul/17,jun/19,Expirado,,,,,,,07/17 a 06/19,Alexandre Carlos Brandão Ramos,IMC,Relatório final entregue em 08/11/2019 // Arquivado CAIXA 01/2020,"7,93"
606,Efeito da severidade de têmpera no crescimento da trinca por fadiga em uma liga de titânio grau 5,5/10/2017,jul/17,jun/18,Expirado,,,,,,,07/17 a 06/18,Renata Neves Penha,IEM,Relatório final entregue em 26/09/2018. // Arquivado CAIXA 01/2020,"8,57"
607,"ESTRATÉGIAS DE USO E POSSE DA TERRA E OS PROCESSOS DE DESENVOLVIMENTO NA COMUNIDADE RURAL DA PEROBA, EM ITAJUBÁ (MG)",2/10/2017,jul/17,jun/19,Expirado,,,,,,,07/17 a 06/19,Viviane Guimarães Pereira,IEPG,Relatório final entregue em 09/08/2019  // Arquivado CAIXA 01/2020,"7,14"
608,Estudo da adsorção de contaminantes ambientais em redes metalorgânicas baseadas em carboxilatos metálicos,5/10/2017,jul/17,jun/19,Expirado,,,,,,,07/17 a 06/19,Geise Ribeiro,IFQ,Prorrogado em 13/12/2017 para até 06/2019,"8,42"
609,ESTUDO DA CONVERSÃO DE ENERGIA ELÉTRICA EM METANO SINTÉTICO UTILIZANDO A TECNOLOGIA POWER-TO-GAS,5/10/2017,jul/17,jun/19,Expirado,,,,,,,07/17 A 06/19,Carlos Roberto Rocha,IRN,,"8,29"
610,Estudo de modelos de aprendizagem no reconhecimento de padrões em sistemas anti-spam,25/9/2017,ago/17,jul/19,Expirado,,,,,,,08/2017 a 07/2019 ,Otávio Augusto Salgado Carpinteiro,IESTI,,"8,47"
611,Estudos de sustentabilidade em projetos arquitetônicos e ecovilas para a região do Sul de Minas Gerais,31/10/2017,ago/17,ago/18,Expirado,,,,,,,08/2017 a 08/2018,DANIELE ORNAGHI SANT ANNA,IRN,Projeto antecipado de 12/2019 para 08/2018. Entregou relatório finalizando // Arquivado CAIXA 01/2020,"8,97"
612,MÉTODOS DE OTIMIZAÇÃO  APLICADOS A PROBLEMAS DE  ORÇAMENTO DE CAPITAL ,22/9/2017,jul/17,jun/19,Expirado,,,,,,,07/17 a 06/19,Rafael de Carvalho Miranda,IEPG,relatório final entregue em 24/01/2020 // Arquivado CAIXA 01/2020,"8,83"
613,Monitoramento da Integridade Estrutural de Placas Finas usadas em Painéis Aeronáuticos,5/10/2017,jul/17,jun/19,Expirado,,,,,,,07/17 a 06/19,PATRICIA DA SILVA LOPES ALEXANDRINO,IEM,Relatório Final entregue e aprovado em 07/2020,"8,5"
614,O PROBLEMA DE OTIMIZAÇÃO TOPOLÓGICA DE ESTRUTURAS DISCRETIZADAS POR CÉLULAS TIPO-TRELIÇA,5/10/2017,jul/17,jun/19,Expirado,,,,,,,07/17 a 06/19,Jesús Antonio García Sánchez,IEM,Relatório final entregue em 12/2019. // Arquivado CAIXA 01/2020,"8,79"
615,Produção de biocombustível de terceira geração à partir de microalga cultivada em efluente industrial,06/1017,ago/17,jul/19,Expirado,,,,,,,08/17 a 07/19,Marcelo Chuei Matsudo,IRN,Relatório Final Aprovado em 02/06/2020,"8,46"
616,Produção de Materiais Nanoestruturados Utilizando Radiação de Micro-ondas,5/10/2017,jul/17,jun/19,Expirado,,,,,,,07/17 a 06/19,Maria Virginia Gelfuso,IEM,Relatório final entregue e aprovado em 07/2020,"9,42"
617,PROJETO AERODINÂMICO E SIMULAÇÃO COMPUTACIONAL DE TURBINAS EÓLICAS DE PEQUENO PORTE,5/10/2017,jul/17,jun/20,Expirado,,,,,,,07/17 a 06/20,Angie Lizeth Espinosa Sarmiento,IEM,Prorrogado de 06/2019 para 06/2020 em 15/05/2019 - Relatório final entregue e aprovado em 08/2020,"8,68"
618,Reações de derivados de ácidos carboxílicos e fosfóricos utilizando catalisadores heterogêneos organolantanídicos – Uma abordagem computacional,22/5/2017,,,Datas não informadas,,,,,,,,Juliana Fedoce Lopes,IFQ,,"9,18"
619,Seleção de Protozoários como potenciais organismos indicadores de qualidade de água,5/10/2017,jul/17,jun/19,Expirado,,,,,,,07/17 a 06/19,Ana Lúcia Fonseca,IRN,Relatório final entregue em 23/08/2019 // Arquivado CAIXA 01/2020,"8,29"
620,Técnicas de descoberta de conhecimento aplicadas a dados espectrais para o monitoramento do status hídrico em áreas cafeeiras de Minas Gerais,4/10/2017,jul/17,dez/19,Expirado,,,,,,,07/17 a 12/19,Vanessa Cristina Oliveira de Souza,IMC,Prorrogado em 13/12/17 para até dez/2018 -  Prorrogado em 11.05.2018 para 12/2019 // Relatório Final Aprovado em 04/2020,"9,09"
621,Uma proposta para o desenvolvimento de soluções em cidades inteligentes,2/10/2017,jul/17,jun/18,Expirado,,,,,,,07/17 a 06/18,Melise Maria Veiga de Paula,IMC,,"7,86"
622,Investigação de transporte eletrico em filmes baseados em isolantes topologicos cristalinos de Pbx1 SNxTe.,29/6/2017,jan/17,dez/18,Expirado,CAPES,,"R$ 52.282,85",,,,jan/2017 a dez/2018,Demetrio Artur Werner Soares,IFQ,,
623,Caracterização das propiedades estruturais e ópiticas de cristais fotônicos emissores de luz fabricados por corrosão do silicio para aplicações em dispositivos optoeletrônicos.,29/6/2017,mar/17,fev/20,Expirado,FAPEMIG,,"R$ 31.842,50",0,0,0,mar/2017 a 02/2020,Danilo Roque Huanca,IFQ,Projeto prorrogado de 03/2019 para 02/2020 em 17/04/2019 ,
624,Fabricação de cristais fotônicos emissores de luz de alto desempenho baseados em silicio poroso para aplicações em dispositivos optoeletronicos e sensores opticos.,29/6/2017,mar/17,fev/20,Expirado,CNPq,,"R$ 31.540,00",0,0,0,mar/2017 a 02/2020,Danilo Roque Huanca,IFQ,Projeto prorrogado de 03/2019 para 02/2020 em 17/04/2019 ,
625,Arquitetura Híbrida para Coordenação de Sistemas Multirrobô por Processamento Distribuído na Nuvem,6/7/2017,jun/17,ago/20,Expirado,FAPEMIG,,,0,2,0,jun/2017 a 08/2020,"Guilherme Sousa Bastos
",IESTI,Análise de mérito  // Projeto prorrogado de 01/05/2019 para 08/2020 em 17/05/2019,10
626,Sistema Integrado de Aquisição de Sinais de Eletroencefalografia,6/7/2017,jul/17,jun/20,Expirado,CNPq,,"R$ 16.785,00",0,4,2,jul/2017 a jun/2020,Tales Cleber Pimenta,IESTI,,
627,Bioluminescência de artrópodes: Diversidade biológica em biomas brasileiros,6/7/2017,mai/17,abr/22,Vigente,FAPESP,,"R$ 639.467,37",,,,05/17 a 04/22,Simone Policena Rosa,IRN,Projeto externo,
628,Análise da molhabilidade superficial durante a têmpera por imersão em nanofluidos dispersos em água e óleo vegetal,6/7/2017,jul/17,jul/19,Expirado,,,,0,0,0,jul/2017 a jul/2019,Renata Neves Penha,IEM,Cancelado conforme memorando eletronico nº 459/2018 // Arquivado CAIXA 01/2020,10
629,Desenvolvimento de Dispositivos Implantáveis de CMOS de Baixo Consumo e Baixa Potência para Aplicações Médicas,10/7/2017,mar/17,fev/21,Vigente,CNPq,," R$ 39.600,00 ",,,,03/2017 a 02/2020,Robson Luiz Moreno,IESTI,Prorrogado de 02/2019 para 02/2021 em 15/05/2019,
630,A HISTÓRIA DA MATEMÁTICA NA FORMAÇÃO DE PROFESSORES DE MATEMÁTICA NAS UNIVERSIDADES FEDERAIS BRASILEIRAS,13/7/2017,jul/17,abr/21,Vigente,CNPq,,"R$ 9.800,00",,,,07/2017 a 04/2021,Mariana Feiteiro Cavalari Silva,IMC,Prorrogado de 01/06/2020 para 30/04/2021 de acordo com o termo aditivo em 04/2020,
631,Integração da realidade virtual a projetos de simulação a eventos discretos,13/7/2017,mar/17,fev/19,Expirado,,,,,,,03/2017 a 02/2019,José Arnaldo Barra Montevechi,IEPG,"""Mérito reconhecido""",10
632,Estudo do efeito do metal de adição do aporte térmico na resistência a CST de juntas soldadas do aço inoxidável AISI 317L usado na indústria de petróleo e gás ,13/7/2017,jul/17,set/18,Expirado,CNPq,,,1,,,07/2017 a 09/2018,Edmilson Otoni Correa,IEM,Análise de mérito ,10
633,Proposta de Redes Convergentes óptico-Wireless para Sistemas Celulares 5G e Internet do Futuro - APQ- 00516-14,14/7/2017,ago/15,dez/18,Expirado,FAPEMIG,,"R$ 397.545,00",,,,08/2015 a 07/2018,Danilo Henrique Spadoti,IESTI,prorrogado para 12/2018 no dia 28/11/2018 – Relatorio Final entregue em 06/2020,
634,Sistema Integrado de Aquisição de Sinais de Eletroencefalografia,7/8/2017,jul/17,jun/20,Expirado,CNPq,,"R$ 16.785,00",,,,07/2017 a 06/2020,Tales Cleber Pimenta,IESTI,CANCELADO,
635,Método de Otimização por interseção normal à fronteira para escores fatoriais rotacionados ,13/10/2017,mar/16,mar/20,Expirado,CNPq,,,,,,03/16 a 03/20,Anderson Paulo de Paiva,IEPG,,
636,Proposta de modelo de referência para o processo de desenvolvimento de equipamentos médicos considerando fatores humanos e usabilidade,7/11/2017,fev/17,fev/19,Expirado,FAPEMIG (APQ 02891-16),,"R$ 9.518,25",,,,02/17 a 02/19,Carlos Henrique Pereira Mello,IEPG,Relatório final entregue em 30/08/2019 pela PROEX. // Arquivado CAIXA 01/2020,
637,Denarius APP: Pesquisa e Desenvolvimento de aplicação mobile para impalntação de indíce de educação financeira.,23/11/2017,fev/17,jan/19,Expirado,FAPEMIG,,"R$ 22.318,38",,,,02/17 a 01/19,André Luiz Medeiros,IEPG,Relatório final entregue em 30/08/2019 pela PROEX. // Arquivado CAIXA 01/2020,
638,Modelo automatizado de medição e monitoramento do Sistema de Gestão da Qualidade da Cemig,23/11/2017,nov/17,nov/19,Expirado,,,,,,,11/17 a 11/19,Carlos Eduardo Sanches da Silva,IEPG,"""Mérito reconhecido"" - Relatório final entregue e aprovado em 08/2020",10
639,Estudo e previsão de precipitação e vazão ao longo do Rio Sapucaí que imapctam o município de Itajubá - MG,29/11/2017,nov/17,nov/20,Expirado,FAPEMIG,,"R$ 55.434,75",,,,11/17 a 11/20,Michelle Simões Reboita,IRN,,
640,"Síntese,caracterização elétrica e magnética da ferrita do tipo espinélio de magnésio e zinco",29/11/2017,,,Datas não informadas,FAPEMIG,,,,,,,Manoel Ribeiro da Silva,IFQ,,
641,Estudo termodinâmico dos processos de inclusão de fármacos em ciclodextrinas e o efeito competitivo de excipientes,29/11/2017,,,Datas não informadas,FAPEMIG,,,,,,,Frederico Barros de Sousa,IFQ,,
642,Radiação de corpo negro escalar na presença de fronteiras,29/11/2017,dez/17,dez/19,Expirado,FAPEMIG,,,,,,12/2017 a 12/2019,Edisom de Souza Moreira Júnior,IMC,,
643,Implantação de plataforma para avaliação e estudos de performance de aerogeradores e de esforços dinâmicos na sua coluna,29/11/2017,,,Datas não informadas,FAPEMIG,,,,,,,Geraldo Lúcio Tiago Filho,IRN,,
644,Investigação e caracterização das construções metodológicas de grupos de planejamento conjunto empreendidas por docentes do ensino superior de ciências da natureza,12/12/2017,dez/17,dez/19,Expirado,FAPEMIG,,"R$ 28.707,00",,,,12/17 a 12/19,João Ricardo Neves da Silva,IFQ,,
645,"Geometria de curvas planas ,sistemas hamiltonianos e sistemas descontínuos",23/2/2018,dez/17,dez/21,Vigente,FAPEMIG,,"R$ 24.307,50",,,,12/17 a 06/12/2021,Fábio Scalco Dias,IMC,Prorrogado de 01/12/2019 para 06/12/21 em 21/05/2020,
646,Impacto das mudanças climáticas nas culturas de clima temperado para Minas Gerais,29/11/2017,abr/18,dez/21,Vigente,FAPEMIG,,"R$ 32.396,70",,,,04/18 a 12/2021,Fabrina Bolzan Martins,IRN,Prorrogado de 01/08/2020 para 06/12/2021 em 11/05/2020,
647,Computação científica para obtenção de parametros fundamentais de aglomerados urbanos ,29/11/2017,nov/17,nov/19,Expirado,FAPEMIG,,"R$46.200,00",,,,,Hektor Sthenos Ales Monteiro,IFQ,Relatorio Final entregue em 06/2020,
648,Fluidos Magnetoreológicos Dilatantes (Shear Thickening Magnetorheological Fluids),29/11/2017,,,Datas não informadas,FAPEMIG,,,,,,,Antônio José Faria Bombard,IFQ,,
649,Efeito de biomoléculas com propriedades redutoras na degradação de corantes e de efluente têxtil por processos Fenton,12/12/2017,fev/18,dez/21,Vigente,FAPEMIG,,,,,,02/18 a 12/21,André Aguiar Mendes,IRN,Demanda Universal 01/2017 // Projeto prorrogado para 20/12/2021,
650,Avaliação teórica e experimental do emprego de energia heliotérmica para a secagem e higienização de lodo sanitário,29/11/2017,dez/17,dez/19,Expirado,FAPEMIG,,"R$ 22.575,00",,,,12/17 a 12/19,Osvaldo José Venturini,IEM,,
651,Identificação de oportunidades de pesquisa em Engenharia de Produção: Levantamento nos setores comercial e industrial da cidade de Itabira (MG) ,13/3/2018,dez/17,dez/19,Expirado,FAPEMIG,,"R$ 5.635,98",,,,12/17 a 12/19,Sandra Miranda Neves,IEPG,,
652,"Análise e formulação de problema inverso robusto para a detecção de danos em estruturas por meio de técnicas de identificação de parâmetros, otimização e tomada de decisão Fuzzy",29/11/2017,dez/17,dez/21,Vigente,FAPEMIG,,"R$ 3.517,50",,,,12/17 a 12/21,Patricia da Silva Lopes Alexandrino,IEM,Prorrogado de 01/12/2019 para 11/12/2021 em 09/04/2020,
653,Avaliação de recursos eólicos em sistemas aquáticos por plataformas flutuantes estabilizadas,29/11/2017,mar/18,fev/22,Vigente,CNPq,,"R$ 59.000,00",,,,03/18 a 02/22,Arcilan Trevenzoli Assireu,IRN,Projeto passou em 02/2019  a ser financiado pelo CNPq segundo Termo de Outorga enviado em 06/2020,
654,Desenvolvimento de arranjos de antenas banda-larga assistidos por lentes dielétricas,,jan/18,dez/20,Vigente,FAPEMIG,,"R$ 42.262,50",,,,01/18 a 12/19,Danilo Henrique Spadoti,IESTI,prorrogado de 01/12/2019 para 06/12/2020 em 03/02/2020,
655,Modelagem Numérica Da Transferência De Calor Em Dissipadores E De Sistemas Bifásicos Microfluídicos,,fev/18,fev/22,Vigente,FAPEMIG,,"R$ 24.360,00",,,,02/18 a 02/22,Ana Lúcia Fernandes de Lima e Silva,IEM,Prorrogado de Ofício pela FAPEMIG em 04/2020,
656,"Projeto E Construção De Uma Câmara De Combustão De Pequeno Porte Com Queima Convencional E Sem Chama Visível Usando Óleo Pirolítico De Pneus Usados, Biodiesel De Óleo De Fritura E Diesel S10",,nov/17,dez/20,Vigente,FAPEMIG,,"R$ 36.330,00",,,,11/2017 a 11/12/2020,Christian Jeremi Coronado Rodriguez,IEM,Projeto prorrogado de 01/11/2019 para 11/12/2020 em 18/05/2020,
657,O uso das salas de recursos multifuncionais e o ensino de ciências: Um estudo sobre inclusão na microrregião de Itajubá,,mar/18,ago/19,Expirado,FAPEMIG,,"R$ 17.955,00",,,,03/2018 a 08/2019,Denise Pereira De Alcantara Ferraz,IFQ,relatório final entregue em 02/12/2019 // Arquivado CAIXA 01/2020,
658,Validação das respostas fotobiológicas para a radiação ultravioleta a partir de medidas espectrais e integradas,,set/16,ago/20,Expirado,FAPEMIG,,,,,,09/16 a 09/18,Marcelo de Paula Corrêa,IRN,Projeto prorrogado em 06/08/2019 de 01/09/2018 para 06/08/2020,
659,Radiação UV Biologicamente ativa : Novas perspectivas no conhecimento de sua interação com componentes da atmosfera a partir de medidas espectrais,,mar/17,fev/20,Expirado,CNPq,," R$ 39.600,00 ",,,,03/17 a 02/20,Marcelo de Paula Corrêa,IRN,,
660,Avaliação de substâncias carcinogênicas,,dez/17,dez/19,Expirado,CNPq,,"R$ 29.939,94",,,,12/17 a 12/19,FlávioSoares Silva,IFQ,,
661,Estabilidade de tensão e redes inteligentes:Interação e efeitos,,fev/18,jan/20,Expirado,FAPEMIG,,"R$ 25.200,00",,,,02/18 a 01/20,Antonio Carlos Zambroni de Souza,ISEE,,
662,A IMPORTANCIA DA IMPLEMENTAÇÃO DE PRÁTICAS INCLUSIVAS JUNTO A ALUNOS DE LICENCIATURAS NA UNIVERSIDADE FEDERAL DE ITAJUBÁ,,jan/18,dez/18,Expirado,,,,,,,01/18 a 12/18,Ana Carolina Sales Oliveira,IFQ,Relatório final entregue em 20/12/2019 // Arquivado CAIXA 01/2020,"7,36"
663,AgroShare: um sistema para o compartilhamento e comércio de recursos agropecuários em propriedades rurais,,jan/18,dez/19,Expirado,,,,,,,01/18 a 12/19,Bruno Guazzelli Batista,IMC,,"8,22"
664,ANÁLISE DA QUALIDADE DE LÂMPADAS LED E FLUORESCENTES COMPACTAS E SEUS IMPACTOS NO SISTEMA DE DISTRIBUIÇÃO,,,,,,,,,,,,José Maria de Carvalho Filho,ISEE,Pendente de envio de fucha de registro,"7,96"
665,Aplicação da Ferramenta de Aproximação Vetorial na Modelagem de Transformadores de Distribuição,,fev/18,fev/20,Expirado,,,,,,,02/18 a 02/19,Gustavo Paiva Lopes,ISEE,Prorrogado em 08/02/2019 até 02/2020,"8,82"
666,Aplicações da Geometria Algébrica à Filogênese,,mar/18,fev/20,Expirado,,,,,,,,Rick Antônio Rischter,IMC,Relatório Final Aprovado em 04/2020,"9,43"
667,Avaliação da aderência microbiana e biofilme formada Candida albicans e Staphylococcus aureus sobre a liga Ti-30Ta ,,mar/18,mar/21,Vigente,,,,,,,03/2018 a 03/2021,Daniela Sachs,IFQ,Projeto prorrogado de 01/03/2020 para 01/03/2021 em 20/08/2019,"9,11"
668,Avaliação preliminar de fonte de geração híbrida termossolar-eólica aplicável à região do semi-árido brasileiro.,,fev/18,mar/19,Expirado,,,,,,,02/18 a 01/19,Airton Violin,ISEE,Prorrogado para 03/2019 em 08/02/2019 // relatório final entregue em 11/06/2019 // Arquivado CAIXA 01/2020,"9,4"
669,CARACTERIZAÇÃO DO CICLO DE VIDA DAS PROPRIEDADES ELÉTRICAS E FÍSICAS DAS TEMPESTADES NA REGIÃO SUDESTE DO BRASIL,,mar/18,mar/20,Expirado,,,,,,,03/2018 a 03/2020,Enrique Vieira Mattos,IRN,Projeto passou a ter financiamento registrado com numero 785,"9,41"
670,Caracterização dos conhecimentos produzidos por professores e futuros professores de Matemática e Física em um Grupo Colaborativo de planejamento conjunto,,dez/17,dez/20,Expirado,,,,,,,12/17 a 12/19,João Ricardo Neves da Silva,IFQ,Projeto prorrogado em 07/08/2019 de 01/12/2019 para 01/12/2020,"8,23"
671,Cenários e práticas do uso de textos de divulgação científica na educação em ciências,,ago/17,jul/19,Expirado,,,,,,,08/17 a 07/19,Jane Raquel Silva de Oliveira,IFQ,Relatório Final Aprovado em 02/06/2020,"8,22"
672,"Concreto Alto Adensável: Método de Dosagem, sem ou com adição de resíduos e caracterização de propriedades",,mar/18,fev/20,Expirado,,,,,,,03/18 a 02/20,Paulo César Gonçalves,IRN,Relatório Final Aprovado em 04/2020,"8,93"
673,CONCRETO DE ALTO ESEMPENHO  COM ALTOS TEORES DE BORRACHA DE PNEU,,fev/18,fev/20,Expirado,,,,,,,02/18 a 02/20,Mirian de Lourdes Noronha Motta Melo,IEM,,"9,24"
674,Desenvolvimento de cerâmicas termoelétricas do tipo-n e do tipo-p,,jan/18,dez/19,Expirado,,,,,,,01/18 a 12/19,Daniel Thomazini,IEM,Relatório final entregue e aprovado em 08/2020,"8,99"
675,Eficiência Energética em Edificações –  Um Estudo Baseado na Substituição de Materiais,,mar/18,ago/19,Expirado,,,,,,,03/2018 a 08/2019,Marcos Vinicius Xavier Dias,ISEE,,"7,65"
676,ENSINO DE CIÊNCIA INCLUSIVO NA FORMAÇÃO DE PROFESSORES,,mar/18,mar/20,Expirado,,,,,,,03/18 a 03/20,Paloma Alinne Alves Rodrigues Ruas,IFQ,Relatório Final Aprovado em 04/2020,"8,43"
677,Estudo das propriedades elétricas e de fotocondução em filmes baseados em compostos de Bi2Te3 e Pb1-xSnxTe,,mar/18,mar/20,Expirado,,,,,,,03/18 a 03/20,Marcelo Lima Peres,IFQ,,"9,71"
678,ESTUDOS DE AGLOMERADOS ABERTOS UTILIZANDO DADOS DO GAIA,,mar/18,mar/20,Expirado,,,,,,,03/18 a 03/20,Wilton da Silva Dias,IFQ,Relatório Final Aprovado em 04/2020,10
679,Famílias de besouros da Reserva Biológica Municipal da Serra dos Toledos coletados em armadilha malaise e extrator winkler ,,jan/18,jul/19,Expirado,,,,,,,01/18 a 07/19,Simone Policena Rosa,IRN,Prorrogado para 07/2019 no dia 28/11/2018 // Relatório final entregue em 01/10/2019 // Arquivado CAIXA 01/2020,"8,29"
680,FILTRO ATIVO DE POTÊNCIA PARA COMPENSAÇÃO DISTRIBUÍDA,,fev/18,fev/20,Expirado,,,,,,,02/2018 a 02/2020,Rondineli Rodrigues Pereira,IESTI,Relatório Final Aprovado em 06/2020,"8,3"
681,LOCALIZADOR DA FONTE DO AFUNDAMENTO DE TENSÃO BASEADO EM MEDIÇÕES DE TENSÕES DE FRONTEIRA,,mar/18,fev/19,Expirado,,,,,,,03/18 a 02/19,Thiago Clé de Oliveira,ISEE,,"7,99"
682,MODELAGEM E SIMULAÇÃO NUMÉRICA DO MOVIMENTO DE PARTÍCULAS UTILIZANDO UMA DESCRIÇÃO PURAMENTE LAGRANGEANA: APLICAÇÃO EM ESCOAMENTOS BIFÁSICOS,,mar/18,mar/20,Expirado,,,,,,,03/18 a 03/20,Luiz Antonio Alcântara Pereira,IEM,Relatório Final Aprovado em 02/06/2020,"9,04"
683,Modelagem Numérica da Equação de Kuramoto-Sivashinsky,,mar/18,mar/19,Expirado,,,,,,,03/18 a 03/19,Hélcio Francisco Villa Nova,IEM,Relatório final entregue em 25/04/2019 // Arquivado CAIXA 01/2020,"9,17"
684,Modelagem Numérica da Transferência de Calor em Dissipadores e de Sistemas Bifásicos Microfluídicos (CANCELADO),,,,,,,,,,,,Ana Lúcia Fernandes de Lima e Silva,IEM,"Projeto foi transformado em ""Projeto com financiamento externo (FAPEMIG)","9,4"
685,Modelamento de um Motor de Indução com Rotor de Gaiola com Mancal Magnético na Configuração Halbach,,1/3/2018,fev/21,Vigente,,,,,,,03/18 a 02/21,Ricardo Elias Caetano,ISEE,Em 30/10/2018 a vigência foi prorrogada para 02/2021,"8,77"
686,NARRATIVAS DIGITAIS E PESQUISA: possibilidades metodológicas para investigações qualitativas,,mar/18,dez/20,Expirado,FAPEMIG,,,,,,03/18 a 12/20,Alessandra Rodrigues,IFQ,Projeto alterado para com financiamento externo considerando a aprovação do projeto do Edital de Demanda Universal FAPEMIG (Processo APQ-00239-18) [nota anterior 8.22],
687,POTENCIAL DE APROVEITAMENTO ENERGÉTICO DE RESÍDUOS SÓLIDOS ORGÂNICOS NO CONTEXTO DA REDUÇÃO DE EMISSÕES LÍQUIDAS DE GASES DE EFEITO ESTUFA,,jan/18,jan/20,Expirado,,,,,,,01/2018 a 01/2020,Regina Mambeli Barros,IRN,,"8,4"
688,Previsão de Tempo para o Sul de Minas Gerais: Validação e Experimentos Numéricos de Sensibilidade,,fev/18,jan/20,Expirado,,,,,,,02/18 a 01/20,Michelle Simões Reboita,IRN,Relatório final entregue em 24/01/2020  // Arquivado CAIXA 001/2020,"8,9"
689,PROJETO DE REATORES PARA GASEIFICAÇÃO EM LEITO FIXO CO-CORRENTE UTILIZANDO FERRAMENTAS DE DESENHO ASSISTIDO POR COMPUTADOR E DINÂMICA DOS FLUIDOS COMPUTACIONAL (CAD & CFD),,jan/18,dez/20,Expirado,,,,,,,01/18 a 12/19,Diego Mauricio Yepes Maya,IEM,Prorrogado de 12/2019 para 12/2020 em 10/05/2019 // relatorio final entregue e aprovado em 03/2020,"8,29"
690,Prospecção de Atmosferas de Exoplanetas,,jul/18,dez/19,Expirado,,,,,,,01/07/2018 a 12/2019,Gabriel Rodrigues Hickel,IFQ,,"9,79"
691,"Recobrimento de ligas metálicas utilizando o processo de cementação em caixa, com haleto ativado",,mar/18,fev/21,Vigente,,,,,,,mar/2018 a 02/2021,Geovani Rodrigues,IEM,,"9,22"
692,Robô Limpador de Placas Fotovoltaicas,,,,,,,,,,,,Frederico Oliveira Passos,ISEE,Pendente de envio de ficha de registro,"7,34"
693,TRATAMENTO DE EFLUENTES APLICANDO COMBINAÇÕES DE PROCESSOS CONVENCIONAIS E PROCESSOS OXIDATIVOS AVANÇADOS ,,mar/18,jan/20,Expirado,,,,,,,03/2018 à 01/2020,Milady Renata Apolinário da Silva,IFQ,,"8,84"
694,"BIOCOMBUSTIVEIS: COMBUSTAO,ENERGIA E CICLOS NÃO CONVENCIONAIS",,mar/17,mar/20,Expirado,CNPq,," R$ 39.600,00 ",,,,03/2017 a 03/2020,Christian Jeremi Coronado Rodriguez,IEM,Relatório Final entregue em 18/05/2020,
695,Metamodelagem aplicada à otimização via simulação,,jun/17,mai/20,Expirado,CNPq,,"R$ 13.753,00",,,,06/17 a 05/20,Rafael de Carvalho Miranda,IEPG,Relatório Final entregue em 06/2020,
696,Pesquisa do sistema de Radiação ultravioleta para inativação de larvas de Limnoperna Fortunei aplicável a unidades de refrigeração de usinas hidrelétricas,,nov/17,nov/20,Expirado,Furnas/eletrobrás,,"R$ 1.063.096,98",,,,03/2017 a 03/2020,Carlos Barreira Martinez,IEPG,Registro provisório autorizado por Hektor S. M.,
697,"TECCON - Tecnologia de sensores em fibra óptica para supervisão, controle e proteção de sistemas de energia elétrica.",,nov/15,out/18,Expirado,INESC P&D BRASIL,,,,,,10/2017 A 03/2018,Estacio Tavares Wanderley Neto,ISEE,,
698,Análise de custo e benefícios: Uma proposta de metodolgia aplicada em análise de imapacto regulatório,                                                                                                            27/03/2018,dez/17,dez/19,Expirado,CNPq,,"R$207.800,00",,,,12/17 a 11/19,Edson de Oliveira Pamplona,IEPG,,
699,Análise numérica e experimental em transferência de calor usando técnicas de problemas inversos,,mar/18,fev/22,Vigente,CNPq,," R$ 39.600,00 ",,,,03/18 a 02/21,Sandro Metrevelle Marcondes de Lima e Silva,IEM,"Enviou comprovante de entrega de prestação de contas/relatório final , via e-mail em 19/07/2018",
700,Otimização das condições de usinagem em materiais endurecidos ,,jan/18,dez/19,Expirado,FAPEMIG," R$ 500.000,00 "," R$ 25.200,00 ",,,,01/18 a 12/19,João Roberto Ferreira,IEPG,,
701,Desenvolvimento de módulos termoelétricos: Energia elétrica obtida pela conversão de calor residual ,,mar/18,fev/21,Vigente,CNPq,," R$ 39.600,00 ",,,,03/18 a 02/21,Maria Virginia Gelfuso,IEM,,
702,Desenvolvimento de um gerador cerâmico termoelétrico,,mar/18,fev/21,Vigente,CNPq,," R$ 39.600,00 ",,,,03/18 a 02/21,Daniel Thomazini,IEM,,
703,Estudo computacional de Sistemas Poliméricos por meio de métodos hibridos e sequenciais ,,mar/18,fev/21,Vigente,CNPq,," R$ 39.600,00 ",,,,03/18 a 02/21,Juliana Fedoce Lopes,IFQ,,
704,"Captura via adsolubilização, de moléculas orgânicas de interesse, entre as lamelas de carboxilatos lamelares metálicos de: manganês (II), ferro (III), cobre (II) e zinco (II)",,ago/18,jun/20,Expirado,,,,,,,08/18 a 06/20,Fabio da Silva Lisboa ,IFQ,Relatório Final entregue e aprovado em 07/2020,10
705,Utilização do DNA barcoding para associação de estágios de vida de coleópteros (elateroidea) de remanescentes de mata atlântica,,ago/18,ago/19,Expirado,,,,,,,08/2018 a 08/2019,Andreia Arantes Borges,IRN,,"8,63"
706,EDO Comunicação: analise de sua contribuição para o fortalecimento da participação social e dos objetivos de criação de uma unidade de conservação da natureza,Edital 01/2018,ago/18,jul/20,Expirado,,,,,,,08/2018 a 07/2020,Daniela R. T. Riondet-Costa,IRN,,"8,5"
707,"Ambiente construído,  desenvolvimento e sociedade",Edital 01/2018,ago/18,ago/20,Expirado,,,,,,,08/2018 a 08/2020,Daniele Ornaghi Sant Anna,IRN,,"8,38"
708,Simulações computacionais e aprimoramento de rotinas aplicadas a sistemas de distribuição de água tendo em vista a melhoria de eficiência hidroenergética,Edital 01/2018,ago/18,jul/20,Expirado,,,,,,,08/2018 a 07/2020,Fernando das Graças Braga da Silva,IRN,,"6,56"
709,Desenvolvimento de interfaces gráficas em planilha eletrônica para o auxílio no projeto de trocadores de calor,Edital 01/2018,ago/18,ago/19,Expirado,,,,,,,08/2018 a 08/2019,Guilherme Youssef Rodriguez,IRN,Relatório final entregue em 13/09/2019 // Arquivado CAIXA 01/2020,6
710,Estudo da secagem de grãos a partir da investigação da condição de secagem isotérmica,Edital 01/2018,ago/18,jul/19,Expirado,,,,,,,08/2018 a 07/2019,Maisa Tonon Bitti Perazzini,IRN,Relatório final entregue e aprovado em 08/2020,"8,75"
711,Análise da efetividade da prática da avaliação de impacto ambiental no sul de Minas Gerais,Edital 01/2018,ago/18,jul/21,Vigente,,,,,,,08/2018 a 07/2021,Maria Rita Raimundo e Almeida,IRN,Projeto prorrogado de 01/07/2020 para 07/2021 em 19/06/2020,"8,13"
712,Modelagem e simulação computacional para determinação da dinâmica em leitos fluidizados gás-sólido em diferentes temperaturas,Edital 01/2018,ago/18,jul/19,Expirado,,,,,,,08/2018 a 07/2019,Maximilian Joachim Hodapp,IRN,,"8,88"
713,"Quantificação de hormônio de crescimento vegetal por isolados de rizobactérias, em diferentes fases de crescimento, visando produção de inóculo para mudas de oliveira",Edital 01/2018,ago/18,jul/19,Expirado,,,,,,,08/2018 a 07/2019,Rogério Melloni,IRN,Relatório final entregue em 24/10/2019 // Arquivado CAIXA 01/2020,"9,75"
714,Desenvolvimento de algoritmo de controle tolerante a falhas baseado em atuadores virtuais com reparametrização das ações de controle por séries de Laguerre,Edital 01/2018,ago/18,ago/19,Expirado,,,,,,,08/2018 a 08/2019,Thiago Vaz da Costa,IRN,relatório final entregue em 02/12/2019  // Arquivado CAIXA 01/2020,"8,38"
715,A viabilização do método WOOD FRAME de construção na região sudeste do Brasil CANCELADO,Edital 01/2018,,,,,,,,,,,Valquíria Claret dos Santos,IRN,A coordenadora do projeto enviou declaração informando que não houve andamento da pesquisa em 08/11/2018,"6,75"
716,Definição de Zonas Tarifárias para Alocação dos Custos de Sistemas de Transmissão,Edital 01/2018,jul/18,jun/19,Expirado,,,,,,,07/2018 a 06/2019,João Guilherme de Carvalho Costa,ISEE,,"9,63"
717,Estudo sobre conhecimentos e aprendizagens de professores e futuros professores em contextos colaborativos,Edital 01/2018,ago/18,dez/19,Expirado,,,,,,,08/2018 a 12/2019,Eliane Matesco Cristovão,IMC, Relatório final entregue em 03/02/2020,7
718,Problema de N-corpos estendidos e seus equilíbrios relativos,Edital 01/2018,jul/18,jul/20,Expirado,,,,,,,07/2018 a 07/2020,Lucas Ruiz dos Santos,IMC,,"8,5"
719,Extração de parâmetros de células solares visando o controle de qualidade e desempenho,Edital 01/2018,ago/18,set/19,Expirado,,,,,,,01/08/2018 a 09/2019,Adhimar Oliveira,IFQ,Relatório final entregue em 27/09/2019 // Arquivado CAIXA 01/2020,"8,63"
720,Tópicos Modernos em Teorias de Campo Integráveis,Edital 01/2018,ago/18,ago/20,Expirado,,,,,,,08/2018 a 08/2020,Alexis Roa Aguirre,IFQ,,9
721,Fatores de permanência e de evasão no curso de licenciatura em química da Unifei - Construção de um modelo de avaliação,Edital 01/2018,ago/18,jul/21,Vigente,,,,,,,08/2018 a 07/2021,Juliana Maria Sampaio Furlani,IFQ,,"8,13"
722,Investigação de propriedades elétricas em heteroestruturas análogas a Isolantes Topológicos,Edital 01/2018,jul/18,jul/20,Expirado,,,,,,,07/2018 a 07/2020,Sandra Nakamatsu,IFQ,,"8,5"
723,Avaliação da remoção de paracetamol de matrizes aquosas utilizando casca de amendoim como biosorvente   ,Edital 01/2018,ago/18,jul/19,Expirado,,,,,,,08/2018  07/2019,Sandro Andrade,IFQ,Relatório final entregue em 09/08/2019 // Arquivado CAIXA 01/2020,"6,5"
724,Simulação de Sistemas De Comunicação de Elétricas  Inteligen tes com Base em Conceitos de IoT,Edital 01/2018,ago/18,jul/19,Expirado,,,,,,,08/2018 a 07/2019,BrunoTardiole Kuehne,IESTI,,"8,63"
725,Identificação de Danos em Estruturas Aeronáuticas por meio de Métodos Inversos,Edital 01/2018,ago/18,ago/20,Expirado,,,,,,,08/2018 a 08/2020,Guilherme Ferreira Gomes,IEM,,"8,5"
726,Análise do comportamento hidrodinâmico de um mancal axial de sapatas pivotadas em relação à inclusão de imperfeições na superfície plana das sapatas CANCELADO,Edital 01/2018,,,,,,,,,,,Marcos Moura Galvão,IEM,Coordenador foi transferido para outro campus e havia optado por não registrar,"6,88"
727,Método de otimização por interseção normal à fronteirapara escores fatoriais ,,fev/16,fev/20,Expirado,CNPq,,"R$ 57.600,00",,,,02/2018 a 02/2020,Anderson Paulo de Paiva,IEPG,,
728,Avaliação da Suportabilidade de componentes  de redes compactas frente ao envelhecimento ,,set/18,ago/20,Expirado,,,,,,,09/2018 a 08/2020,Estacio Tavares Wanderley Neto,,Cancelado conforme email 22/10/2018 // Arquivado CAIXA 01/2020,
729,Sistema de baixo custo e alto rendimento para inspeção aérea e previsão de desastres,Demanda Universal - FAPEMIG ,mar/18,fev/21,Vigente,FAPEMIG  ,,"R$ 65.921,86",,,,03/2018 à 02/2021,Alexandre Carlos Brandão Ramos,IMC,demanda Universal APQ 00234-18,10
730,Simulaçao de dispositivos electromagnéticos em computação de alto desempenho ,Demanda Universal - FAPEMIG ,mar/19,dez/21,Vigente,FAPEMIG  ,,"R$ 39.994,50",,,,03/2019 à 12/2021,Mateus Augusto Faustino Chaib Junqueira,,,
731,Incorporação de previsões climáticas e hidrológicas na Gestão da Alocação no Rio São Francisco,,dez/17,nov/22,Vigente,CAPES,," R$ 269.000,00 ",,,,12/2017 à 11/2022,Benedito cláudio da Silva,IRN,,
732,"Algoritmos para o problema  de dimensionamento de lote, estoque e roteirização com restrições de empacotamento",Chamada Universal - CNPq,fev/19,fev/21,Vigente,CNPq,," R$ 15.200,00 ",,,,02/2019 à 02/2021,Pedro Henrique del Bianco Hokama ,IMC,,
733,Relação entre a microfísica da fase mista das tempestades e as propriedades fésicas e elétricas dos relâmpagos ,Chamada Universal - CNPq,fev/19,fev/22,Vigente,CNPq,," R$ 27.640,00 ",,,,02/2019 à 02/2022,Enrique Vieira Mattos,IRN,,
734,Projeto cancelado em 01/04/2020 ,Chamada Universal - CNPq,,,,,,,,,,,Jesús Antonio García Sánchez,IEM,Projeto cancelado em 01/04/2020 ,
735,Desenvolvimento Proteses para membros inferiores hibridas em impressão 3D ABS reforçadas com fibra de carbono/epóxi,Chamada Universal - CNPq,dez/18,dez/21,Vigente,CNPq,," R$ 25.000,00 ",,,,12/2018 à 12/2021,Guilherme Ferreira Gomes,IEM,,
736,Detecção de porosidade em materiais compósitos utilizando ondas ultrassônicas,Chamada Universal - CNPq,fev/19,jan/22,Vigente,CNPq,," R$ 20.000,00 ",,,,02/2019 a 01/2022,Paulo Pereira Junior,IEM,,
737,Pendente de envio de Ficha de Registro à DiP,Chamada Universal - CNPq,,,,,,,,,,,Antonio Carlos Fernandes ,IMC,,
738,Projeções climáticas para a América do Sul: ciclo de vida da monção Sul Americana ,Chamada Universal - CNPq,jan/19,jan/22,Vigente,CNPq,," R$ 59.500,00 ",,,,01/2019 a 01/2022,Michelle Simões Reboita,IRN ,,
739,Monitoramento da camada limite planetária em sistemas aquáticos por plataformas flutuantes estabilizadas ,Chamada Universal - CNPq,mar/19,mar/21,Vigente,CNPq,," R$ 60.000,00 ",,,,03/2019 a 03/2021,Arcilan Trevenzoli Assireu,IRN,,
740,Pendente de envio de Ficha de Registro à DiP,Chamada Universal - CNPq,,,,,,,,,,Pendente de envio de Ficha de Registro à DiP,Wilton da Silva Dias,IFQ,,
741,Evolução química de galáxias espirais: a conexão bojo-disco,Edital 005/2018,mar/19,mar/21,Vigente,,,,,,,03/2019 à 03/2021,Oscar Cavichia de Moraes,IFQ,,"8,5"
742,Preparação e caracterização de amostras cerâmicas contendo nióbio e alumínio dopadas com TiO2,Edital 005/2018,mar/19,fev/20,Expirado,,,,,,,03/2019 à 02/2020,Adhimar Oliveira,IFQ,relatório final entregue e aprovado em 03/2020,"7,5"
743,DEGRADAÇÃO DE EFLUENTES CONTENDO BTX PELO PROCESSO FENTON EMPREGANDO REATOR DE FLUXO ASCENDENTE,Edital 005/2018,fev/19,fev/21,Vigente,,,,,,,02/2019 à 02/2021,Rossano Gimenes,IFQ,,8
744,"Síntese, caracterização e avaliação do potencial antineoplásico de novos derivados terpenóides: potenciais inibidores da via do mevalonato",Edital 005/2018,dez/18,dez/20,Expirado,,,,,,,12/2018 à 12/2020,Mauricio Frota Saraiva,IFQ,,8
745,"Os artigos em História da Ciência da revista Ciência Hoje como recurso didático para o Ensino de Ciências: potencialidades, limites e dificuldades",Edital 005/2018,mar/19,fev/20,Expirado,,,,,,,03/2019 à 02/2020,Evandro Fortes Rozentalski,IFQ,,9
746,"SÍNTESE E CARACTERIZAÇÃO DE NOVOS COMPLEXOS HETEROLÉPTICOS DE Zn(II), Ni(II) E Sr(II) COM LIGANTES 
 DITIOCARBIMATOS E PIRIDINICOS COMO POTENCIAIS ACELERADORES DA VULCANIZAÇÃO DA BORRACHA  ",Edital 005/2018,mar/19,mar/20,Expirado,,,,,,,03/2019 à 02/2020,Eder do Couto Tavares,IFQ,,"8,13"
747,Síntese e caracterização de redes metalorgânicas baseadas em ferro,Edital 005/2018,mar/19,fev/21,Vigente,,,,,,,03/2019 à 02/2021,Geise Ribeiro,IFQ,,"6,63"
748,Efeito da têmpera interrompida na tenacidade à fratura da liga AA6351,Edital 005/2018,jan/19,dez/19,Expirado,,,,,,,01/2019 à 12/2019,Renata Neves Penha,IEM,relatório final entregue e aprovado em 03/2020,"8,38"
749,ANÁLISE TERMO-AMBIENTAL DE USINAS TERMELÉTRICAS DE CICLO COMBINADO DE ALTA EFICIÊNCIA A PARTIR DO USO DE GÁS NATURAL LIQUEFEITO IMPORTADO VISANDO A SEGURANÇA  ENERGÉTICA – CANCELADO,Edital 005/2018,,,,,,,,,,,ROGERIO JOSE DA SILVA,IEM,CANCELADO,"7,5"
750,Adequação de Tailoring Aeroelástico por meio de Otimização Topológica Aplicado no Projeto de Estruturas Aerodinâmicas,Edital 005/2018,jan/19,jan/21,Vigente,,,,,,,01/2019 a 01/2021,Bruno Silva de Sousa,IEM,,"8,13"
751,ESTUDO DA INFLUÊNCIA DA POROSIDADE NAS CONSTANTES ELÁSTICAS DE MATERIAIS COMPÓSITOS USANDO ONDAS ULTRASSÔNICAS,Edital 005/2018,dez/18,nov/20,Expirado,,,,,,,12/2018 a 11/2020,Paulo Pereira Junior,IEM,,"8,25"
752,PROJETO DE DISSIPADORES DINÂMICOS UTILIZANDO METAMATERIAIS ,,jan/19,dez/21,Vigente,CNPq,," R$ 20.000,000 ",,,,01/2019 A 12/2021,Jesús Antonio García Sánchez,IEM,Projeto a princípio registrado por meio do Edital 005/2018 e após submetido ao CNPq e portanto passou a ser considerado a partir de 05/2019 projeto com financiamento,"9,25"
753,DESENVOLVIMENTO DE COMPONENTES DE UMA PRÓTESE DE JOELHO MAGNETO REOLÓGICA ATIVA,Edital 005/2018,fev/19,jan/22,Vigente,,,,,,,02/2019 à 01/2022,Felipe de Souza Eloy,IEM,,"9,25"
754,BIOCONSTRUÇÃO: SISTEMAS SUSTENTÁVEIS E EFICIENTES,Edital 005/2018,mar/19,mar/22,Vigente,,,,,,,03/2019 a 03/2022,Angie Lizeth Espinosa Sarmiento,IEM,Projeto Prorrogado de 01/02/2021 para 01/03/2022 em 19/06/2020,"8,38"
755,ENTRE O CÉU E O INFERNO: COMPREENDENDO AS NARRATIVAS DISCURSIVAS DE MULHERES DOCENTES DO ENSINO SUPERIOR E OS PROCESSOS DE ADOECIMENTO DECORRENTES DO TRABALHO ACADÊMICO ,Edital 005/2018,mar/19,fev/20,Expirado,,,,,,,03/2019 a 02/2020,Isabel Cristina da Silva Arantes ,IEPG,,"6,88"
756,"Simulação de dispositivos com índice de refração negativo para obter lentes com resolução abaixo do índice de refração
",Edital 005/2018,fev/19,dez/19,Expirado,,,,,,,02/2019 a 12/2019,Mateus Augusto Faustino Chaib Junqueira,IESTI,,"7,63"
757,Desenvolvimento de plataforma embarcada para IoT com sistemas de tempo real,Edital 005/2018,jan/19,dez/21,Vigente,,,,,,,01/2019 a 12/2021,Rodrigo Maximiano Antunes de Almeida,IESTI,,10
758,Introdução à Teoria Ergódica e Sistemas Dinâmicos Caóticos,Edital 005/2018,mar/19,fev/20,Expirado,,,,,,,03/2019 à 02/2020,Fernando Pereira Micena,IMC,,10
759,Modelagem matemática para elucidar o potencial de redução de dose de Inibidores de Tirosina-Quinase no tratamento de Leucemia Mieloide Crônica,Edital 005/2018,mar/19,fev/21,Vigente,,,,,,,03/2019 à 02/2021,Artur César Fassoni,IMC,,10
760,Deformação e Alinhamento Modelo-Imagem Aplicado ao Reconhecimento de Estruturas Biológicas em Imagens Microscópicas,Edital 005/2018,jan/19,dez/20,Expirado,,,,,,,01/2019 à 12/2020,Elisa de Cássia Silva Rodrigues,IMC,,"6,38"
761,"Ambiente Computacional de Análise de Padrões Gradientes

",Edital 005/2018,fev/19,fev/20,Expirado,,,,,,,02/2019 a 02/2020,Roberto Affonso da Costa Junior,IMC,,"6,75"
762,Ocorrência da leptospirose no município de Itajubá: análise espacial e histórica,Edital 005/2018,,,,,,,,,,,Luiz Felipe Silva,IRN,Pendente de envio de fucha de registro,8
763,Caracterização Metalográfica de Ligas de Al submetidas a diferentes Ataques Químicos,Edital 005/2018,mar/19,fev/20,Expirado,,,,,,,03/2019 a 02/2020,Márcia Regina Baldissera Rodrigues,IRN,relatório final entregue e aprovado em 03/2020,"8,75"
764,Telhados verdes para o controle de odores de esgotos,Edital 005/2018,mar/19,fev/21,Vigente,,,,,,,03/2019 à 02/2021,HERLANE COSTA CALHEIROS,IRN,,"6,88"
765,ESTUDO DA SECAGEM DE RESÍDUO DE AÇAÍ E EXTRAÇÃO DE ÓLEO,Edital 005/2018,mar/19,fev/21,Vigente,,,,,,,03/2019 a 01/2021,Hugo Perazzini,IRN,,"8,88"
766,Uso de Metamateriais para o Projeto de reforço do Concreto,Edital 005/2018,mar/19,fev/20,Expirado,,,,,,,03/2019 a 02/2020,Paulo Cesar Gonçalves,IRN,EDITAL 005/2018// relatorio final entregue e aprovado em 03/2020,"7,63"
767,"Higiene do Trabalho – Avaliação de Riscos Químicos presentes na Universidade Federal de Itajubá (UNIFEI)

",Edital 005/2018,mar/19,fev/20,Expirado,,,,,,,03/2019 à 02/2020,Eduarda Cristina de Matos Camargo,IRN,relatório final entregue e aprovado em 03/2020,"8,25"
768,"ESTUDO PRÁTICO, APLICÁVEL NA INDÚSTRIA, DE SOLUÇÕES PARA O PROBLEMA DE QUEDA DE TENSÃO QUANDO DA UTILIZAÇÃO DE CONVERSOR DUAL NA OCORRÊNCIA DE FRENAGEM REGENERATIVA.",Edital 005/2018,fev/19,fev/21,Vigente,,,,,,,02/2019 a 02/2021,Angelo José Junqueira Rezek,ISEE,,"9,5"
769,Avaliação da Suportabilidade de Componentes de Redes Compactas Frente ao Envelhecimento,Edital 005/2018,fev/19,fev/20,Expirado,,,,,,,02/2019 à 02/2020,Gustavo Paiva Lopes,ISEE,,"9,5"
770,Transferência do conhecimento na relação universidade-indústria-governo: o papel da universidade na inovação e empreendedorismo  ,Edital 005/2018,jan/19,dez/20,Expirado,,,,,,,01/2019 à 12/2020,Sandra Miranda Neves,IEPG,,7
771,A educação ambiental e a psicologia histórico-cultural: uma aproximação necessária,Edital 005/2018,jan/19,dez/21,Vigente,,,,,,,01/2019 à 12/2021,Marcela de Moraes Agudo,IRN,Projeto Prorrogado em nov/20 para até 12/21,10
772,Melhorando o raciocínio matemático dos alunos da Educação Básica: ações de futuros professores.,Edital 005/2018,fev/19,jan/21,Vigente,,,,,,,02/2019 à 01/2021,Flávia Sueli Fabiani Marcatto,IMC,,"8,63"
773,Estudo de materiais sólidos aplicáveis no concreto ou argamassa auto adensável,Edital 005/2018,mar/19,mar/21,Vigente,,,,,,,03/2019 a 03/2021,Valquíria Claret dos Santos,IRN,EDITAL 005/2018 // prorrogado até 03/2021,"8,63"
774,"Geometria Algébrica Clássica, Moderna e Aplicada ",Demanda Universal - FAPEMIG ,mar/18,fev/21,Vigente,FAPEMIG  ,," R$ 26.718,35 ",,,,03/2018 a 02/2021,Rick Antônio Rischter,IMC,,
775,As peculiaridades de cidades do sul de Minas Gerais para a construção da mobilidade urbana sustentavel ,Demanda Universal - FAPEMIG ,dez/18,dez/21,Vigente,FAPEMIG  ,," R$ 46.798,40 ",,,,12/2018 a 12/2021,Josiane Palma Lima,IEPG,,
776,Microbiologia da agregação de solo de pastagem sob diferentes niveis de degradação ,Demanda Universal - FAPEMIG ,jan/18,dez/21,Vigente,FAPEMIG  ,," R$ 15.225,00 ",,,,01/2018 a 12/2021,Rogerio Melloni ,IRN ,Prorrogado de 01/01/2020 para 01/12/2021 em 04/06/2020,
777,Desenvolvimento de um modelo simplificado de estimativa de radiação solar para aplicações em modelos de produtividade agricola ,Demanda Universal - FAPEMIG ,dez/18,dez/20,Expirado,FAPEMIG,," R$ 69.678,00 ",,,,12/2018 a 12/2020,Marcelo de Paula Corrêa,IRN ,,
778,"Dinâmica dos processos atmosféricos relacionados à distribuição da camada de ozônio, radiação UV e aerossóis entre as regiões Antartica e Equatorial da América do Sul e conexões associadas ",Chamada Universal - CNPq,nov/18,nov/22,Vigente,CNPq,," R$ 1.391.866,80 ",,,,11/2018 a 11/2022,Marcelo de Paula Corrêa,IRN,Email enviado com comunicação do CNPq informando que não pagará o recurso,
779,Estudo de configurações centrais e soluções homográficas em mecânica celeste,Demanda Universal - FAPEMIG ,nov/18,nov/21,Vigente,FAPEMIG  ,," R$ 32.025,00 ",,,,11/2018 à 11/2021,Antonio Carlos Fernandes ,IMC ,,
780,Configurações centrais em mecânica celeste,Demanda Universal CNPq,fev/19,fev/22,Vigente,CNPq ,," R$ 25.000,00 ",,,,02/2019 à 02/2022,Antonio Carlos Fernandes ,IMC,,
781,Detecção e Identificação de danos estruturais o por meio de inteligência computacional ,Demanda Universal - FAPEMIG ,dez/18,dez/20,Expirado,FAPEMIG  ,," R$ 21.630,00 ",,,,12/2018 à 12/2020,Guilherme Ferreira Gomes,IEM,,
782,"Validação, otimização e usabilidade de simulação a eventos discretos aplicados na industria ",Demanda Universal - FAPEMIG ,mar/18,mar/21,Vigente,FAPEMIG  ,," R$ 40.677,00 ",,,,03/2018 à 03/2021,José Arnaldo Barra Montevechi,IEPG,,
783,Modelagem termodinâmica e experimentos críticos no sistema Ta-Ge-B,Demanda Universal - FAPEMIG ,jan/19,jan/22,Vigente,FAPEMIG  ,," R$ 21.525,00 ",,,,01/2019 à 01/2022,Antonio Augusto Araújo Pinto da Silva,IEM,,
784,Polímeros Epoxidicos Para Aplicações Cardiológicas e Oncológicas,Demanda Universal - FAPEMIG ,jan/16,jan/21,Vigente,FAPEMIG  ,," R$ 72.302,82 ",,,,01/2019 à 01/2021,Filiberto Gonzalez Garcia ,IFQ,,
785,Caracterização das propriedades elétricas e físicas das tempestadesna região sudeste do Brasil ,Demanda Universal - FAPEMIG ,fev/19,fev/22,Vigente,FAPEMIG  ,," R$ 24.743,25 ",,,,02/2019 à 02/2022,Enrique Vieira Mattos,IRN,,
786,Um sistema integrado de aquisição e sinais de EEG de baixa tensão e baixa potência em CMOS ,Demanda Universal - FAPEMIG ,fev/19,jan/22,Vigente,FAPEMIG  ,," R$ 39.600,00 ",,,,02/2019 à 01/2022,Tales Cleber Pimenta,IESTI,,
787,"Validação, otimização e usabilidade de simulação a eventos discretos aplicados na industria ",CNPq,fev/19,fev/22,Vigente,CNPq,," R$ 35.000,00 ",,,,02/2019 a 02/2022,José Arnaldo Barra Montevechi,IEPG,,
788,A análise de eficiência como ferramenta de auxílio a tomada de decisão ,FAPEMIG  ,mar/18,fev/21,Vigente,FAPEMIG  ,," R$ 54.000,00 ",,,,03/2018 a 02/2021,Rafael Coradi Leme ,IEPG,,
789,"Validação, otimização e usabilidade de simulação a eventos discretos aplicados na industria ",CNPq,mar/18,fev/21,Vigente,CNPq,," R$ 39.600,00 ",,,,03/2018 a 02/2021,Rafael Coradi Leme ,IEPG,,
790,Evolução química do disco e bojo de galáxias espirais,Demanda Universal - FAPEMIG ,dez/18,dez/20,Expirado,FAPEMIG  ,," R$ 17.503,50 ",,,,12/2018  a 12/2020,Oscar Cavichia de Moraes,IFQ,,
791,Desenvolvimento e aplicação de técnicas ultrassõnicas para inspeção de componentes mecânicos e caracterização de materiais,FAPEMIG  ,dez/18,nov/21,Vigente,FAPEMIG  ,," R$ 13.650,00 ",,,,12/2018 a 11/2021,Paulo Pereira Junior,IEM,,
792,Estudo Teórico-Experimental em Transferência de Calor em ênfase no Desenvolvimento de Técnicas de Problemas Inversos,Demanda Universal - FAPEMIG ,jan/19,jan/21,Vigente,FAPEMIG  ,," R$ 50.610,00 ",,,,01/2019 a 01/2021,Sando Metrevelle Marcondes de Lima e Silva,IEM,,
793,Caracterização de Materiais e Dispositivos Semicondutores - CNPq -306049/2007-4,CNPq,abr/18,fev/21,Vigente,CNPq,," R$ 39.600,00 ",,,,04/2018 a 03/2020,Rero Marques Rubinger,IFQ,,
794,"Geração de Eletricidade em Sistema Híbrido usando energia Heliotérmica , Biomassa e Borra de Petróleo ( CNPq -Nº311651/2018-6)",CNPq,mar/19,fev/22,Vigente,CNPq,," R$ 39.600,00 ",,,,03/2019 a 02/2022,Osvaldo José Venturini,IEM,,
795,Gerenciamento de riscos em sistemas de Gestão da qualidade NBR ISSO 13485:2016 de empresas do Setor de equipamentos eletrodomésticos,CNPq,mar/19,fev/21,Vigente,CNPq,," R$ 39.600,00 ",,,,03/2019 à 02/2021,Carlos Eduardo Sanches da Silva,IEPG,,
796,Otimização mecânica e acústica de um ventilador sem pás utilizando análises numérica e experimental,,jan/19,dez/22,Vigente,FAPEMIG,," R$ 23.100,00 ",,,,01/2019 a 12/2022,Jesus Antonio Garcia Sanchez ,IEM,,
797,Monitoramento de Processos,,mai/19,dez/20,Expirado,CNPq,," R$ 66.000,00 ",,,,05/2019 a 12/2020,Antonio Fernando Branco Costa,UNIFEI,,
798,"Impacto da Infestação de ""LimNoperna Fortunei"" na Micro Geração Hedrelétrica Brasileira",,mar/19,fev/23,Vigente,CNPq,,"R$ 25.800,00", 1 PQ 1B ,,,03/2019 a 02/2023,Carlos Barreira Martinez,IEM,,
799,Estudo eletrônico e estrutural de complexos de coordenação com propriedades fotocrômicas,,dez/18,dez/21,Vigente,CNPq,," R$ 39.600,00 ",,,,12/2018 a 12/2021,Frederico Barros de Sousa,IFQ,,
800,Tratamento de resíduos sólidos indutriais: secagem de resíduos de açaí,,dez/18,dez/20,Expirado,FAPEMIG,,"R$ 5.670,00",,,,12/2018 a 12/2020,Hugo Perazzini,IRN,,
801,Estudo de nebulosas planetárias e aglomerados abertos com uso de otimização global,,mar/17,fev/20,Expirado,CNPq,," R$ 39.600,00 ",1,,,03/2019 a 02/2020,Hektor Sthenos Alves Monteiro,IFQ,,
802,Efeito do teor de ferro e das taxas de resfriamento na microestrutura e nas propriedades mecanicas de ligas Al-Si-Cu-Mg,,mar/19,fev/21,Vigente,CNPq,," R$ 39.600,00 ",1PQ,,,03/2019 a 02/2021,Mirian de Lourdes Noronha Motta Melo,IEM,,
803,Produção e avaliação da microestrutura e das propriedades mecânicas de metais duros ,,mai/19,abr/22,Vigente,CNPq,,,1PQ,,,05/2019 a 04/2022,Edmilson Otoni Correa,IEM,,
804,Um sistema de apoio a diagnóstico de TEA baseado em imagens de ressonância magnética e aprendizado de máquina,,dez/18,dez/22,Vigente,FAPEMIG,,"R$ 70.323,00",2,,,12/2018 a 12/2022,"Guilherme Sousa Bastos
",IESTI,,
805,Metodologia de Projeto do Lean Office para Instituição de Ensino Superior Federal,,mai/19,mai/22,Vigente,FAMPEMIG,,"R$ 24.000,00",,,,05/2019 a 04/2022,Carlos Eduardo Sanches da Silva,,,
806,Otimização das condições de usinagem em aços ligas especiais ,,mar/19,fev/23,Vigente,CNPq,,"R$ 110.400,00",,,,03/2019 a 02/2023,João Roberto Ferreira,IEPG,,
807,Meninas Empreendedoras na Química ,,mar/19,jun/20,Expirado,CNPq ,,"R$ 11.600,00",,,,03/2019 a 06/2020,Geise Ribeiro ,IFQ,,
808,Articulações entre as áreas da educação ambiental e da educação em ciências:  significados produzidos por pesquisadores em teses e dissertações do campo da educação ambiental,,ago/19,jul/21,Vigente,Não possui ,,,,,,08/2019 a 07/2021,Luciano Fernandes Silva,IFQ,,"7,13"
809,Uma busca por efeitos fenomenológicos de gravitação quântica em meios não lineares ,,set/19,jul/21,Vigente,Não possui ,,,,,,08/2019 a 07/2021,Eduardo Henrique Silva Bittencourt ,IFQ,,"8,88"
810,"Investigações em teorias de gravitação: abordagens perturbativas, exatas e computacionais com aplicação de Machine Learning",,ago/19,jul/21,Vigente,Não possui ,,,,,,08/2019 a 07/2021,Alan Bendasoli Pavan ,IFQ,,"8,63"
811,Concepção e construção de concentradores ópticos para células solares,,ago/19,ago/20,Expirado,Não possui ,,,,,,08/2019 a 08/2020,Adhimar Flávio Oliveira,IFQ,Relatório Final Aprovado em 30/09/2020,"8,38"
812,"Síntese, caracterização e avaliação da atividade antibacteriana de pirazóis carboxilados ",,ago/19,jul/22,Vigente,Não possui ,,,,,,08/2019 a 07/2022,Maurício Silva dos Santos ,IFQ,Projeto prorrogado de 07/2020 para 07/2022 em 09/2020. // A partir do dia 24/09/2020 a carga horária do coordenador mudou de 8 horas semanais para 4 horas semanais // Lais Helena Rodrigues Ferreira excluída do projeto a partir de 24/09/2020,"7,75"
813,Avaliação de middlewares para padronização de dados de dispositivos de internet das coisas,,ago/19,jul/20,Expirado,Não possui ,,,,,,08/2019 a 07/2020,Edvard Martins de Oliveira,IESTI,,"7,63"
814,Criação de plataforma de simulação e controle para sistemas aeronáuticos ,,jul/19,jun/21,Vigente,Não possui ,,,,,,08/2019 a 06/2021,Yohan Alí Díaz Méndez ,IEM,,"6,38"
815,Desenvolvimento e avaliação de uma metodologia de envelhecimento de polímeros em redes compactadas,,ago/19,jul/20,Expirado,Não possui ,,,,,,08/2019 a 07/2020,Estácio Tavares Wanderley Neto,ISEE,,"8,88"
816,Aplicação de água de reúso na argamassa auto adensável,,ago/19,fev/21,Vigente,Não possui ,,,,,,08/2019 a 02/2021,Marcia Viana Lisboa,IRN,Aprovado no edital 001/2019 // Prorrogado de 01/08/2020 para 02/2021 em 10/2020,"9,5"
817,Ampliação da área de enraizamento de hibiscus rosa-cinensis l. para estabilização de solos instáveis,,ago/19,jul/20,Expirado,Não possui ,,,,,,08/2019 a 07/2020,Hisaias de Souza Almeida,IRN,Aprovado no edital 001/2019,"9,63"
818,Análise da eficiência energética na secagem de rejeitos de morango ,,ago/19,jan/21,Vigente,Não possui ,,,,,,08/2019 a 01/2021,Maisa Tonon Bitti Perazzini,IRN,Aprovado no edital 001/2019 - suspenso de 11/09/2019 A 08/03/2020- LICENÇA MATERNIDADE DA COORDENADORA // Prorrogado de 01/07/2020 para  01/01/2021 em 09/06/2020,"6,38"
819,Máquinas e sistemas ancestrais em engenharia ,,jul/19,ago/21,Vigente,Não possui ,,,,,,07/2019 a 08/2021,Adinele Gomes Guimarães ,IRN,Aprovado no edital 001/2019,9
820,Variabilidade da produtividade no canteiro de obras: possíveis métodos de inclusão e mensuração no planehamento,,jul/19,jul/20,Expirado,Não possui ,,,,,,07/2019 a 07/2020,André Luiz Vivan,IRN,Aprovado no edital 001/2019 // Relatório Final Aprovado em 30/09/2020,"8,25"
821,Estudo numérico de fluidização gás-sólido por programas de código aberto,,ago/19,jul/20,Expirado,Não possui ,,,,,,08/2019 a 07/2020,Maximilian Joachim Hodapp,IRN,Aprovado no edital 001/2019,"9,25"
822,"Produção de microestruturas de equilíbrio e recobrimento com alta resistência à oxidação em ligas dos sistemas Mr-Si-B (Mr= Nb, Mo ou Ta), utilizando o processo HAPC ""Halide Activated Pack Cementation""",,ago/19,jul/20,Expirado,Não possui ,,,,,,08/2019 a 07/2020,Geovani Rodrigues,IRN,Aprovado no edital 001/2019,"7,25"
823,Estudo da absorção acústica de barreiras de concreto contendo resíduso de borracha  e vermiculita,,fev/19,jan/21,Vigente, FAPESP  ,,"R$ 49.798,50",,,,02/2019 a 01/2021,Maria Rachel de Araújo russo,IRN,,10
824,Teoria dos jogos algorítmica: votação ponderada,,ago/19,jul/20,Expirado, Não possui  ,,,,,,08/2019 a 07/2020,Pedro Henrique Del Bianco Hokama,IMC,Aprovado no edital 001/2019,"8,63"
825,Café na nuvem: computação em nuvem aplicada à pesquisa cefeeira em Minas Gerais,,ago/19,ago/21,Vigente, Não possui  ,,,,,,08/2019 a 08/2021,Vanessa Cristina Oliveira de Souza,IMC,Aprovado no edital 001/2019,9
826,Aprendizado de máquina fuzzy: potenciais contribuições da teoria fuzzy na concepção de técnicas de aprendizado de máquina,,jul/19,jul/21,Vigente, Não possui  ,,,,,,07/2019 a 07/2021,Isabela Neves Drummond,IMC,Aprovado no edital 001/2019,"7,88"
827,Variedade Lorentzianas com Simetria Espacial Intrínseca ,,ago/19,jul/21,Vigente, Não possui  ,,,,,,08/2019 a 07/2021,Leandro Gustavo Gomes,IMC,Aprovado no edital 001/2019,"8,5"
828,ANÁLISE TERMO-AMBIENTAL DE USINAS TERMELÉTRICAS DE CICLO COMBINADO DE ALTA EFICIÊNCIA A PARTIR DO USO DE GÁS NATURAL LIQUEFEITO IMPORTADO VISANDO A SEGURANÇA ENERGÉTICA,,ago/19,jul/21,Vigente, Não possui  ,,,,,,08/2019 a 07/2021,Rogério José da Silva,IEM,Aprovado no edital 001/2019,"7,5"
829,Produção de etanol de segunda geração a partir de bagaço de cana-de-açúcar utilizando a enzima xilose isomerase (XI) imobilizada em nanopartículas magnéticas,,ago/19,jul/21,Vigente, Não possui  ,,,,,,08/2019 a 07/2021,Thaís Suzane Milessi Esteves,IRN,Aprovado no edital 001/2019,"9,75"
830,Taxonomia e bionomia de imaturos de besouros elateroidea de remanescentes florestais de Campos do Jordão -SP,,ago/19,jul/21,Vigente,Não possui ,,,,,,08/2019 a 07/2021,Simone Policena Rosa ,IRN,Aprovado no edital 001/2019,8
831,Desenvolvimento de interfaces gráficas automatizadas para o auxílio no projeto de reatores e biorreatores ,,ago/19,ago/20,Expirado, Não possui  ,,,,,,08/2019 a 08/2020,Guilherme Youssef Rodriguez,IRN,Aprovado no edital 001/2019,"8,75"
832,Desenvolvimento e análise experimental do controle por faixas em sistemas com falhas em atuadores,,ago/19,ago/22,Vigente,Não possui ,,,,,,08/20119 a 08/2022,Thiago Vaz da Costa,IRN,Prorrogado de 01/08/2020 para 01/08/2022 em 19/06/2020,"8,38"
833,PET- Programa de educação tutorial conexões de saberes: formação de professores em ciências exatas,,mar/13,mar/50,Vigente,CAPES- FNDE,,,,,,03/2015 a atualmente ,Agenor Pina da Silva,IFQ,,
834,Model-based global assessment of hydrological pressure: globalhydropressure (análise da pressão hidrológica com base em modelos globais),,mar/19,mar/21,Vigente,FAPEMIG,,"R$ 368.696,24",,,,03/2019 a 03/2021,Michelle Simões Reboita,,,
835,Determinação da Acurácia de Mapeamento Digital de Solos,,set/19,ago/20,Expirado,Não possui ,,,,,,09/2019 a 09/2020,Nívea Adriana Dias Pons,IRN,Aprovado no edital 001/2019,"7,63"
836,Desenvolvimento de catalisadores para obtenção de biosiesel etílico proveniente de rejeitos da indústria de alimentos,,jul/19,jul/20,Expirado,FAPEMIG,,"R$ 37.275,00",,,,20/07/2019 a 20/07/2020,Karina Arruda almeida,IRN,,10
837,Difusão ansiotrópica e inpainting híbrido aplicado na restauração de sombras de imagens multiespectrais de satélite,,set/19,set/20,Expirado,Não possui ,,,,,,09/2019 a 09/2020,Samara Calçado de Azevedo,IRN,Aprovado no edital 001/2019,9
838,Programa de Educação Tutorial - PET Engenharia Mecânica,,set/19,mai/24,Vigente,MEC/ FNDE,,,1,,12,09/2019 a 05/2024,Sebastião Simões da Cunha JR,GEMEC,,
839,Validação experimental de modelo otimizado de turbina axial de ultra baixa queda ,,mar/18,fev/21,Vigente,FAPEMIG,,,,,,03/2018 a 02/2021,Ramiro Gustavo Ramirez Camacho,IEM,,
840,Pesquisa e Desenvolvimento de Um Sistema Integrado de Aquisição de Sinais de EEG,,out/19,out/21,Vigente,FAPEMIG,,,,,,10/2019 a 10/2021,Tales Cleber Pimenta,IESTI,,
842,Diseño aerodinámico de una turbina eólica de eje vertical de baja potencia para aplicaciones en una región con importante potencial eólico en Boyacá,,jan/20,mar/22,Vigente,Universidad Santo Tomás - Seccional Tunja – Colômbia,,"R$ 643.000,00",,,,01/2020 a 03/2022, Angie Lizeth Espinosa Sarmiento,IEM,prorrogado de 01/01/2021 para 01/03/2022 em 28/05/2020.,
PIDI44-2019,"FORMAÇÃO DE ENGENHEIROS DENTRO DE UMA UNIVERSIDADE EM PERSPECTIVA DE CIÊNCIA, TECNOLOGIAS E SOCIEDADE
",14/11/19,03/2020  ,02/2022,Vigente,Não possui ,,,,,,03/2020 a 02/2022,ADILSON DA SILVA MELLO ,IEPG,,"8,9"
PIDI46-2019,"Educação em Ciências na cultura digital: narrativas digitais, currículo e construção de conhecimentos para formação crítica e cidad",14/11/19,03/2020  ,02/2022,Vigente,Não possui ,,,,,,03/2020 a 02/2022,"
ALESSANDRA RODRIGUES",IFQ,,"8,4"
PIDI26-2019,"Sistemas de Liénard suaves por partes
",12/11/19,03/2020  ,02/2022,Vigente,Não possui ,,,,,,03/2020 a 02/2022,"
ALEXANDER FERNANDES DA FONSECA",IMC,,8
PIDI32-2019,"Modelagem Estocástica Computacional e Experimental para Análise Técnica, Econômica e Regulatória de Microrredes Inteligentes
",12/11/19,03/2020  ,02/2022,Vigente,Não possui ,,,,,,03/2020 a 02/2022,"
BENEDITO DONIZETI BONATTO",ISEE,,10
PIDI22-2019,"Desenvolvimento de um ambiente de IoT para testes de segurança
",05/11/19,03/2020  ,02/2022,Vigente,Não possui ,,,,,,03/2020 a 02/2022,"
BRUNO GUAZZELLI BATISTA",IMC,,"8,3"
PIDI29-2019,"CARACTERIZAÇÃO E DESENVOLVIMENTO DE SEMICONDUTORES ORGÂNICOS OU HÍBRIDOS COMO SENSORES
",12/11/19,03/2020  ,02/2022,Vigente,Não possui ,,,,,,03/2020 a 02/2022,CARLA PATRICIA LACERDA RUBINGER,IFQ,,"9,3"
PIDI50-2019,"Unidades de Conservação da Mata Atlântica e Cerrado: instrumentos de gestão como ferramentas da concretização dos objetivos de criação da área e da relação com o entorno.
",14/11/19,03/2020  ,02/2022,Vigente,Não possui ,,,,,,03/2020 a 02/2022,"
DANIELA ROCHA TEIXEIRA RIONDET COSTA",IRN,,9
PIDI43-2019,"O uso das salas de recursos multifuncionais e o ensino de ciências: Um estudo sobre inclusão na microrregião de Itajubá
",14/11/19,03/2020  ,02/2022,Vigente,Não possui ,,,,,,03/2020 a 02/2022,"
DENISE PEREIRA DE ALCANTARA FERRAZ",IFQ,,"8,3"
PIDI52-2019,"Conhecimento Especializado mobilizado por futuros professores na elaboração e implementação de propostas de ensino para a educação básica
",14/11/19,03/2020  ,02/2022,Vigente,Não possui ,,,,,,03/2020 a 02/2022,"
ELIANE MATESCO CRISTOVAO",IMC,,"8,9"
PIDI60-2019,"SISTEMA DE INFORMAÇÃO GERENCIAL PARA APURAÇÃO DE CUSTOS DAS INSTITUIÇÕES FEDERAIS DE ENSINO SUPERIOR (IFES)
",14/11/19,03/2020  ,02/2022,Vigente,Não possui ,,,,,,03/2020 a 02/2022,"
ELIZABETE RIBEIRO SANCHES DA SILVA",IMC,,"8,4"
PIDI61-2019,Mapeamento automático entre paradigma de programação orientado à objetos e o modelo conceitual de dados baseado em grafos,14/11/19,03/2020  ,02/2022,Vigente,Não possui ,,,,,,03/2020 a 02/2022,"
ENZO SERAPHIM",IESTI,,"8,8"
PIDI64-2019,"Avaliação do erro de medição obtido por visão computacional de um processo de soldagem de revestimento de chapas de aço ABNT 1020
",18/11/19,03/2020  ,02/2022,Vigente,Não possui ,,,,,,03/2020 a 02/2022,"
JULIANA HELENA DAROZ GAUDENCIO",IEPG,,"7,3"
PIDI28-2019,"Sequenciamento e anotação genômica de uma estirpe brasileira de Bacillus thuringiensis visando a prospecção de genes com potencial biocida
",12/11/19,03/2020  ,02/2022,Vigente,Não possui ,,,,,,03/2020 a 02/2022,"
LUIZ CARLOS BERTUCCI BARBOSA",IRN,,"9,3"
PIDI49-2019,"FATORES QUE INFLUENCIAM O ACESSO DE MULHERES AO ENSINO SUPERIOR EM ÁREAS DE STEM (SCIENCE, TECHNOLOGY, ENGINEERING AND MATHEMATICS) NO BRASIL
",14/11/19,03/2020  ,02/2022,Vigente,Não possui ,,,,,,03/2020 a 02/2022,"
MARIANA FEITEIRO CAVALARI SILVA",IMC,,10
PIDI65-2019,"Laboratórios Didáticos de Física controlados remotamente: limitações e potencialidades à aprendizagem
",16/12/19,03/2020  ,02/2022,Vigente,Não possui ,,,,,,03/2020 a 02/2022,"
MIKAEL FRANK REZENDE JUNIOR",IFQ,,"9,5"
PIDI63-2019,"Sistemas Operacionais para Computação Reconfigurável
",18/11/19,03/2020  ,02/2022,Vigente,Não possui ,,,,,,03/2020 a 02/2022,"
OTÁVIO DE SOUZA MARTINS GOMES",IESTI,,8
PIDI59-2019,Lugares Incendiários: imagens e distopias contemporâneas,14/11/19,03/2020  ,02/2022,Vigente,Não possui ,,,,,,03/2020 a 02/2022,PAULO CEZAR NUNES JUNIOR,IFQ,,"8,6"
PIDI42-2019,"Descoberta de conhecimento no apoio à tomada de decisão na gestão acadêmica em uma Instituição Federal de Ensino Superior
",14/11/19,03/2020  ,02/2022,Vigente,Não possui ,,,,,,03/2020 a 02/2022,"
RAFAEL DE MAGALHAES DIAS FRINHANI",IMC,,10
PIDI66-2019,"Laboratório de Processamento de Alto Desempenho
",17/12/19,03/2020  ,02/2022,Vigente,Não possui ,,,,,,03/2020 a 02/2022,"
ROBERTO CLAUDINO DA SILVA",IMC,,"8,3"
PIDI27-2019,"Estudo dos Mecanismos de Transferência de Energia Intermolecular em Polímeros, Oligômeros e Monômeros
",12/11/19,03/2020  ,02/2022,Vigente,Não possui ,,,,,,03/2020 a 02/2022,"
ROBERTO SHIGUERU NOBUYASU JUNIOR",IFQ,,"9,5"
PIDI19-2019,"Vinte anos de Exame Nacional do Ensino Médio (1998-2018): Filosofia da Educação e avaliação educacional em continuidade e rupturas na concepção de política pública nas formas de ingresso no ensino superior no Brasil
",16/10/19,03/2020  ,02/2022,Vigente,Não possui ,,,,,,03/2020 a 02/2022,"
ROGERIO RODRIGUES",IFQ,,"7,6"
PIDI23-2019,"Estratégias para determinação e remoção de contaminantes emergentes em matrizes aquosas utilizando princípios da química verde
",08/11/19,03/2020  ,02/2022,Vigente,Não possui ,,,,,,03/2020 a 02/2022,"
SANDRO JOSE DE ANDRADE",IFQ,,9
PIDI48-2019,"Anatomia Funcional e Sistemática das Aves Strisores
",14/11/19,03/2020  ,02/2022,Vigente,Não possui ,,,,,,03/2020 a 02/2022,"
THIAGO VERNASCHI VIEIRA DA COSTA",IRN,,9
PVDI79-2020,"Aspectos de Integrabilidade e Dualidade em Teorias de Campo
",11/04/20,08/2020,07/2022,Vigente,Não possui ,,,,,,08/2020 A 07/2022,"
ALEXIS ROA AGUIRRE",IFQ,,"9,3"
PIDI94-2020,ANÁLISE DE UM CORPO DOCENTE DE ENSINO DE CIÊNCIAS ACERCA DA EDUCAÇÃO INCLUSIVA,24/04/20,08/2020,07/2022,Vigente,Não possui ,,,,,,08/2020 A 07/2022,"
ANA CAROLINA SALES OLIVEIRA",IFQ,,"6,4"
PIDI100-2020,"Levantamento de características e formas de tratamento de efluentes industriais brasileiros
",27/04/20,08/2020,07/2022,Vigente,Não possui ,,,,,,08/2020 A 07/2022,"
ANDRE AGUIAR MENDES",IRN,,9
PIDI69-2020,"POLÍTICAS CULTURAIS, ECONOMIA DA CULTURA E DESENVOLVIMENTO: dimensões do local e de sustentabilidades
",17/03/20,08/2020,07/2022,Vigente,Não possui ,,,,,,08/2020 A 07/2022,"
CARLOS ALBERTO MAXIMO PIMENTA",IEPG,,"9,2"
PIDI89-2020,"DESENVOLVIMENTO DE NOVOS COMPOSTOS REATIVADORES DA ACETILCOLINESTERASE INIBIDA POR COMPOSTOS ORGANOFOSFORADOS: PLANEJAMENTO, ANÁLISE CONFORMACIONAL E INVESTIGAÇÃO DE PROPRIEDADES ESTRUTURAIS E ELETRÔNICAS
",13/04/20,08/2020,07/2022,Vigente,Não possui ,,,,,,08/2020 A 07/2022,"
DANIEL HENRIQUES SOARES LEAL",IFQ,,"9,5"
PIDI92-2020,"Procedimentos metodológicos destinados a avaliação de máscaras caseiras confeccionadas durante a pandemia do coronavírus (COVID-19) em Itajubá-MG
",22/04/20,08/2020,07/2022,Vigente,Não possui ,,,,,,08/2020 A 07/2022,"
DENISE RANSOLIN SORANSO",IEPG,,"8,8"
PIDI93-2020,"Infraestrutura computacional e tecnologias de informação como soluções em eHealth
",23/04/20,08/2020,07/2022,Vigente,Não possui ,,,,,,08/2020 A 07/2022,"
EDVARD MARTINS DE OLIVEIRA",IESTI,,9
PVDI84-2020,"Função auxiliar aplicada à análise da integração de geração distribuída em sistemas de distribuição no contexto de estabilidade de tensão de regime permanente
",12/04/20,08/2020,07/2022,Vigente,Não possui ,,,,,,08/2020 A 07/2022,"
ELIANE VALENCA NASCIMENTO DE LORENCI",ISEE,,"7,9"
PIDI72-2020,Materiais lamelares intercalados/funcionalizados com moléculas orgânicas para a produção de sensores químicos.,18/03/20,08/2020,07/2022,Vigente,Não possui ,,,,,,08/2020 A 07/2022,"
FABIO DA SILVA LISBOA",IFQ,,"9,5"
PIDI85-2020,"Análise de viabilidade para desenvolvimento de arquitetura neuromórfica de baixa potência visando a implementação de um controlador MPPT para célula solar fotovoltaica em um sistema de energy harvesting.
",13/04/20,08/2020,07/2022,Vigente,Não possui ,,,,,,08/2020 A 07/2022,"
GABRIEL ANTONIO FANELLI DE SOUZA",IESTI,,"9,5"
PIDI87-2020,"DESENVOLVIMENTO DE INTERFACES GRÁFICAS COMPUTACIONAIS PARA AUTOMATIZAÇÃO DE CÁLCULOS NA ENGENHARIA DE BIOPROCESSOS
",13/04/20,08/2020,07/2022,Vigente,Não possui ,,,,,,08/2020 A 07/2022,"
GUILHERME YOUSSEF RODRIGUEZ",IRN,,"9,5"
PVDI76-2020,"IMPLEMENTAÇÃO NUMÉRICA-EXPERIMENTAL PARA ANALISAR A QUEIMA EM MADEIRA
",07/04/20,08/2020,07/2022,Vigente,Não possui ,,,,,,08/2020 A 07/2022,"
HELCIO FRANCISCO VILLA NOVA",IEM,,9
PIDI102-2020,"Aspectos da divulgação científica e da natureza da ciência na formação de professores
",27/04/20,08/2020,07/2022,Vigente,Não possui ,,,,,,08/2020 A 07/2022,"
JANE RAQUEL SILVA DE OLIVEIRA",IFQ,,"8,5"
PIDI101-2020,"Análise da otimização do processo de torneamento através da utilização de operações subsequentes.
",27/04/20,08/2020,07/2022,Vigente,Não possui ,,,,,,08/2020 A 07/2022,"
JEAN CARLO CESCON PEREIRA",IEM,,"8,4"
PVDI78-2020,"Desenvolvimento de um sistema de monitoramento cardíaco em FPGA visando aplicações em IoT
",09/04/20,08/2020,07/2022,Vigente,Não possui ,,,,,,08/2020 A 07/2022,"
LUIS HENRIQUE DE CARVALHO FERREIRA",IESTI,,"9,4"
PIDI75-2020,"Síntese e Caracterização de Sistemas Azólicos com Potencial Atividade Tripanocida
",06/04/20,08/2020,07/2022,Vigente,Não possui ,,,,,,08/2020 A 07/2022,"
MAURICIO SILVA DOS SANTOS",IFQ,,"9,3"
PVDI81-2020,"Estudo da viabilidade da união de processos para tratamento de efluentes
",12/04/20,08/2020,07/2022,Vigente,Não possui ,,,,,,08/2020 A 07/2022,"
MILADY RENATA APOLINARIO DA SILVA",IFQ,,9
PIDI103-2020,"Metodologias Ativas na Educação em Ciências da Natureza e Matemática
",27/04/20,08/2020,07/2022,Vigente,Não possui ,,,,,,08/2020 A 07/2022,"
NEWTON DE FIGUEIREDO FILHO",IFQ,,"9,4"
PIDI73-2020,"Uso de Metamateriais para o Projeto de Reforço do Concreto
",31/03/20,08/2020,07/2022,Vigente,Não possui ,,,,,,08/2020 A 07/2022,"
PAULO CESAR GONCALVES",IRN,,9
PIDI83-2020,Avaliação do efeito da velocidade do resfriamento de têmpera na energia de impacto do aço Hadfield classe b,12/04/20,08/2020,07/2022,Vigente,Não possui ,,,,,,08/2020 A 07/2022,"
RENATA NEVES PENHA",IEM,,8
PIDI80-2020,"Composição e dinâmica da avifauna da Reserva Biológica Serra dos Toledos, Itajubá, MG: utilizando múltiplas abordagens metodológicas e implementando um programa de monitoramento de aves a longo prazo na Mata Atlântica
",11/04/20,08/2020,07/2022,Vigente,Não possui ,,,,,,08/2020 A 07/2022,"
THIAGO VERNASCHI VIEIRA DA COSTA",IRN,,"9,3"
PVDI77-2020,"Estudos de aglomerados abertos com dados do OPD e do catálogo Gaia DR2
",07/04/20,08/2020,07/2022,Vigente,Não possui ,,,,,,08/2020 A 07/2022,"
WILTON DA SILVA DIAS",IFQ,,"9,8"
PIDI110-2019,"Desenvolvimento de estruturas nanofotônicas baseadas em transformada óptica para aplicação em fotônica do silício e fotônica de microondas
",29/06/20,03/2019,02/2021,Vigente,CNPq,," R$ 39.600,00 ",,,,03/2019 A 02/2021,Danilo Henrique Spadoti,IESTI,,
PVDI115-2019,"Planejamento de sistemas de geração de energia elétrica a partir da programação multiobjetivo
",03/09/20,06/2019,05/2021,Vigente,CNPq,," R$ 108.000,00 ",,,,06/2019 A 05/2021,PEDRO PAULO BALESTARSSI,IESTI,,
PVDI118-2019,"ESTUDO DO PROGNÓSTICO DE MITIGAÇÃO POTENCIAL DE GASES DE EFEITO ESTUFA NO ESTADO DE MINAS GERAIS PELA GERAÇÃO DE ENERGIA ELÉTRICA DE BIOGÁS DE DIGESTÃO ANAERÓBIA DA FRAÇÃO ORGÂNICA DE RESÍDUOS SÓLIDOS URBANOS E DE LODOS DE ESTAÇÕES DE TRATAMENTO DE ESGOTO
",05/10/20,10/2019,10/2022,Vigente,FAPEMIG,,"R$ 26.566,89",,,,10/2019 A 10/2022,Regina Mambeli Barros,IRN,,
PVDI33-2019,"Estudo Teórico-Experimental em Transferência de Calor com Ênfase no Desenvolvimento de Técnicas de Problemas Inversos
",13/11/19,01/2019,12/2021,Vigente,FAPEMIG,,"R$ 50.610,00",,,,01/2019 A 12/2021,Sandro Metrevelle Marcondes de Lima e Silva,IEM,,
PVDI113-2020,"PET: Formação de Professores em Ciências Exatas
",16/08/20,08/2020,12/2023,Vigente,CAPES,," R$ 108.000,00 ",,,,08/2020 A 12/2023,"
AGENOR PINA DA SILVA",IFQ,,
PIDI116-2020,"Monitoramento de Processos
",06/09/20,01/2020,12/2020,Vigente,CNPq,,"R$ 30.000,00",,,,01/2020 A 12/2020,"
ANTONIO FERNANDO BRANCO COSTA",IEPG,,
PVDI120-2020,"Derivadores Rastreados por Satélite e Monitoramento Automático de Parâmetros Ambientais Aplicados ao Entendimento da Contribuição dos Afluentes para o Restabelecimento do Rio Doce
",04/11/20,11/2020,12/2025,Vigente,FAPEMIG,,"R$ 943.558,31",,,,12/2020 A 12/2025,"
ARCILAN TREVENZOLI ASSIREU",IRN,,
PVDI105-2020,"Biocombustíveis a partir de resíduos: combustão, energia e ciclos não convencionais
",15/05/20,03/2020  ,03/2024,Vigente,CNPq,,"R$ 105.600,00",,,,03/2020 A 03/2024,"
CHRISTIAN JEREMI CORONADO RODRIGUEZ",IEM,,
PVDI108-2020,"Um novo catálogo de aglomerados abertos na era GAIA
",23/06/20,01/2020,01/2023,Vigente,CNPq,," R$ 39.600,00 ",,,,01/2020 A 01/2023,"
HEKTOR STHENOS ALVES MONTEIRO",IFQ,,
PVDI107-2020,"MODELOS INTERDISCIPLINARES DE APOIO À DECISÃO PARA A CONSTRUÇÃO DA MOBILIDADE URBANA SUSTENTÁVEL
",25/05/20,03/2020  ,02/2023,Vigente,CNPq,," R$ 39.600,00 ",,,,02/2020 A 02/2023,"
JOSIANE PALMA LIMA",IEPG,,
PVDI111-2020,"Science Education and Environmental Education through collaborative partnership between school, university and society
",15/07/20,02/2020,02/2021,Vigente,Institute of Education - University College London ,,,,,,02/2020 A 02/2021,"
LUCIANO FERNANDES SILVA",IFQ,,
PIDI117-2020,"SPORTUV 1
",16/09/20,09/2020,12/2021,Vigente,P&D registrados na PROEX,,"R$ 30.598,68",,,,09/2020 A 12/2021,"
MARCELO DE PAULA CORREA",IRN,,
PVDI106-2020,"LOGÍSTICA, TRANSPORTES E SUSTENTABILIDADE NO CONTEXTO DO GREEN SUPPLY CHAIN MANAGEMENT
",20/05/20,03/2020  ,02/2023,Vigente,CNPq,," R$ 39.600,00 ",,,,03/2020 A 02/2023,"
RENATO DA SILVA LIMA",IEPG,,
PVDI109-2020,"Flutuações quânticas do vácuo
",24/06/20,03/2020  ,02/2023,Vigente,CNPq,," R$ 39.600,00 ",,,,03/2020 A 02/2023,"
VITORIO ALBERTO DE LORENCI",IFQ,,
PIDI91-2018 ,Desenvolvimento de Próteses Híbridas para Membros Inferiores com Reforços 3D ,15/04/20,03/2018,03/2021,Vigente,FAPEMIG,,"R$ 59.220,00",,,,03/2018 A 03/2021 ,ANTONIO CARLOS ANCELOTTI JUNIOR ,IEM,,
PVDI119-2018 ,Umbílicos em Superfícies Convexas e Injetividade Global ,04/11/20,12/2018,12/2021,Vigente,FAPEMIG,,"R$ 43.614,90",,,,12/2018 a 12/2021,LUIS FERNANDO DE OSORIO MELLO,IMC,,
PVDI21-2018 ,Análise Numérica e Experimental em Transferência de Calor Usando Técnicas de Problemas Inversos ,25/10/19,03/2018,02/2021,Vigente,CNPq,," R$ 39.600,00 ",,,,03/2018 A 02/2021 ,Sandro Metrevelle Marcondes de Lima e Silva,IEM,,
PIA5-2017 ,Computação Científica para obtenção de parametros fundamentais de aglomerados abertos ,,11/2017,11/2019,Expirado,FAPEMIG,,"R$ 46.200,00",,,,11/2017 A 11/2019,Hektor Sthenos Alves Monteiro,IFQ,,
PIDI68-2017 ,Desenvolvimento e integração entre os processos síntese de metanol e MTO (methanol-to-olefins) em microescala usando fluidodinâmica computacional ,29/01/20,11/2017,12/2021,Vigente,FAPEMIG,,"R$ 33.445,45",,,,11/2017 A12/2021,Maximilian Joachim Hodapp,IRN,,
