Número doprocesso - SIPAC/SIGAA,Ano do registro,Título da atividade,Nome do (a) Coordenador (a),Local de lotação do (a) Coordenador (a),Data de início da atividade,Data de termino da atividade,Relatório Final,Receita (Prevista),Receita (Realizada)
 23088.000296/2016-17,2016,ENSAIOS ELETRICOS EM CHAVE SECCIONADORA,ESTACIO TAVARES WANDERLEY NETO,ISEE,4/1/2016,30/6/2016,SIM, R$ -   ," R$ 4.778,68 "
23088.000194/2016-00,2016,ENSAIOS ELETRICOS EM CABOS ISOLADOS,ESTACIO TAVARES WANDERLEY NETO,ISEE,1/12/2015,30/5/2016,SIM, R$ -   ," R$ 71.481,42 "
23088.000245/2016-95,2016,ENSAIOS ELETRICOS EM BOBINAS,ESTACIO TAVARES WANDERLEY NETO,ISEE,4/1/2016,31/06/16,SIM, R$ -   ," R$ 17.280,17 "
23088.000258/2016-64,2016,ENSAIOS ELETRICOS EM CABOS ISOLADOS,ESTACIO TAVARES WANDERLEY NETO,ISEE,4/1/2016,30/6/2016,SIM, R$ -   ," R$ 118.510,37 "
23088.000262/2016-22,2016,ENSAIOS ELETRICOS EM CAPACITORES,ESTACIO TAVARES WANDERLEY NETO,ISEE,4/1/2016,31/06/16,SIM, R$ -   ," R$ 1.394,32 "
23088.000303/2016-81,2016,ENSAIOS ELETRICOS EM EQUIPAMENTOS DE BAIXA TENSAO,ESTACIO TAVARES WANDERLEY NETO,ISEE,4/1/2016,31/06/16,SIM, R$ -   , R$ -   
23088.000768/2016-31,2016,CERTIFICACAO E ENSAIOS DE PRODUTOS DE TECNOLOGIA DA INFORMACAO,JOSE CARLOS GRILLO RODRIGUES,ISEE,1/1/2016,31/8/2016,NÃO," R$ 143.554,00 ",
23088.000776/2016-88,2016,DIAGNOSTICO DAS NASCENTES DA BACIA HIDROGRAFICA DO CORREGO DO VARGEDO – SANTA RITA DO SAPUCAI /MG,ANA PAULA MONI SILVA,IRN,1/2/2016,18/3/2016,SIM, R$ -   , R$ -   
23088.000864/2016-80,2016,PROJETO CHEETAH E-RACING DE FORMULA SAE ELETRICO,CARLOS HENRIQUE VALERIO DE MORAES,IESTI,5/2/2016,5/2/2017,SIM, R$ -   , R$ -   
23088.000907/2016-27,2016,"POLITICA ENERGATICA, GERACAO E USO DE ENERGIA",ROGERIO JOSE DA SILVA,IEM,22/2/2016,4/7/2016,SIM, R$ -   , R$ -   
23088.001206/2016-13,2016,ECO-VEICULO,JOSE HAMILTON CHAVES GORGULHO JUNIOR,IEPG,1/1/2016,31/12/2016,SIM, R$ -   , R$ -   
23088.001666/2016-33,2016,EXERCICIOS DE REABILITACAO LABIRINTICA,KLEBER GONCALVES LEAO,POLIESPORTIVO ,2/3/2016,29/6/2016,SIM, R$ -   , R$ -   
23088.001684/2016-15,2016,ESCOLINHA DE FUTEBOL,KLEBER GONCALVES LEAO,POLIESPORTIVO ,12/3/2016,25/6/2016,SIM, R$ -   , R$ -   
23088.001688/2016-01,2016,TEMAS ESPORTIVOS PARA UNIVERSITARIOS DA UNIFEI,KLEBER GONCALVES LEAO,POLIESPORTIVO ,2/3/2016,29/6/2016,SIM, R$ -   , R$ -   
23088.001689/2016-48,2016,ALONGAMENTO E GINASTICA GERAL,KLEBER GONCALVES LEAO,POLIESPORTIVO ,2/3/2016,29/6/2016,SIM, R$ -   , R$ -   
23088.001700/2016-70,2016,A ESCOLA QUE CONSTRUIMOS,CIBELE MOREIRA MONTEIRO ROSA,IFQ,1/3/2016,31/12/2016,SIM, R$ -   , R$ -   
23088.001812/2016-21,2016,FAZER KENDO E PENSAR A EDUCACAO,ROGERIO RODRIGUES,IFQ,1/4/2016,16/6/2016,SIM, R$ -   , R$ -   
23088.002082/2016-85,2016,DAREDEVIL ROBOTICS.,GUILHERME SOUSA BASTOS,IESTI,1/1/2016,31/12/2016,SIM, R$ -   , R$ -   
23088.002107/2016-41,2016,EQUIPE ROBOK - PROJETO ACADEMICO DE ROBOTICA AUTONOMA,LUIZ LENARTH GABRIEL VERMAAS,IESTI,1/1/2016,31/12/2016,SIM, R$ -   , R$ -   
23088.002118/2016-21,2016,TREINAMENTO ESPECIAL PARA PROGRAMACAO COMPETITIVA,EDMILSON MARMO MOREIRA,IESTI,1/1/2016,31/12/2016,SIM, R$ -   , R$ -   
23088.002118/2016-21,2016,TREINAMENTO ESPECIAL PARA PROGRAMACAO COMPETITIVA,EDISON OLIVEIRA DE JESUS,IMC,1/1/2016,31/12/2016,SIM, R$ -   , R$ -   
23088.002118/2016-21,2016,TREINAMENTO ESPECIAL PARA PROGRAMACAO COMPETITIVA,ROBERTO AFFONSO DA COSTA JUNIOR,IMC,1/1/2016,31/12/2016,SIM, R$ -   , R$ -   
23088.002281/2016-93,2016,TECNOLOGIAS EMERGENTES A SERVICO DA APRENDIZAGEM,CLAUDIA ELIANE DA MATTA,ISEE,14/3/2016,7/5/2016,SIM, R$ -   , R$ -   
23088.002285/2016-71,2016,TODOS SOMOS LEITORES,CLAUDIA ELIANE DA MATTA,ISEE,4/2/2016,7/12/2016,SIM, R$ -   , R$ -   
23088.002615/2016-29,2016,ENSAIOS ELETRICOS EM ESPACADORES,ESTACIO TAVARES WANDERLEY NETO,ISEE,4/1/2016,31/06/16,SIM, R$ -   , R$ -   
23088.002619/2016-15,2016,ENSAIOS ELETRICOS EM GRAMPOS DE ANCORAGEM,ESTACIO TAVARES WANDERLEY NETO,ISEE,4/1/2016,31/06/16,SIM, R$ -   , R$ -   
23088.002623/2016-75,2016,ENSAIOS ELETRICOS EM PARA-RAIOS,ESTACIO TAVARES WANDERLEY NETO,ISEE,4/1/2016,31/06/16,SIM, R$ -   , R$ -   
23088.002627/2016-53,2016,ENSAIOS ELETRICOS EM ISOLADORES,ESTACIO TAVARES WANDERLEY NETO,ISEE,4/1/2016,30/6/2016,SIM, R$ -   ," R$ 13.906,33 "
23088.002632/2016-66,2016,ENSAIOS ELETRICOS EM TP – TRANSFORMADOR POTENCIAL,ESTACIO TAVARES WANDERLEY NETO,ISEE,4/1/2016,31/06/16,SIM, R$ -   ," R$ 2.132,00 "
23088.002635/2016-05,2016,ENSAIOS ELETRICOS EM TC – TRANSFORMADOR DE CORRENTE,ESTACIO TAVARES WANDERLEY NETO,ISEE,4/1/2016,31/06/16,SIM, R$ -   ," R$ 24.909,99 "
23088.002638/2016-33,2016,ENSAIOS ELETRICOS EM TRANSFORMADORES,ESTACIO TAVARES WANDERLEY NETO,ISEE,4/1/2016,30/6/2016,SIM, R$ -   ," R$ 430.578,92 "
23088.002640/2016-11,2016,ENSAIOS ELETRICOS EM MODULO EXTERNO (A),ESTACIO TAVARES WANDERLEY NETO,ISEE,4/1/2016,31/06/16,SIM, R$ -   , R$ -   
23088.002657/2016-60,2016,ENSAIOS ELETRICOS EM NUCLEO METALICOS EM ACO - CLASSE DE TENSAO 1 KV,ESTACIO TAVARES WANDERLEY NETO,ISEE,4/1/2016,31/06/16,SIM, R$ -   , R$ -   
23088.002919/2016-96,2016,PARTICIPACAO EM PROGRAMA DE FORMACAO E CAPACITACAO EM INOVACAO DE PROCESSOS DE AVALIACAO DE INVESTIMENTOS EM PPPS: ENGENHARIA ECONOMICA I E II,EDSON DE OLIVEIRA PAMPLONA,IEPG,9/3/2016,1/4/2016,SIM, R$ -   ," R$ 25.125,28 "
23088.002923/2016-54,2016,PARTICIPACAO EM PROGRAMA DE FORMACAO E CAPACITACAO EM INOVACAO DE PROCESSOS DE AVALIACAO DE INVESTIMENTOS EM PPPS: ENGENHARIA ECONOMICA I E II,JOSE ARNALDO BARRA MONTEVECHI,IEPG,7/3/2016,29/3/2016,SIM," R$ 8.000,00 "," R$ 12.824,33 "
23088.003211/2016-52,2016,CURSO DE TECNICAS EM ALTA TENSAO,ESTACIO TAVARES WANDERLEY NETO,ISEE,7/3/2016,11/3/2016,SIM, R$ -   ," R$ 24.000,00 "
23088.003328/2016-36,2016,EQUIPE DE COMPETICAO TECNOLOGICA BLACK BEE DRONES,ALEXANDRE CARLOS BRANDAO RAMOS,IMC,25/2/2016,25/2/2017,SIM, R$ -   ," R$ 78.492,54 "
23088.003994/2016-74,2016,QUANTO VALE O DINHEIRO PARA OS JOVENS? CONSTRUCAO E CONSOLIDACAO DO CONHECIMENTO DE EDUCACAO FINANCEIRA EM ESCOLAS PUBLICAS DE ITAJUBA/MG,ANDRE LUIZ MEDEIROS,IEPG,1/4/2016,31/3/2017,SIM, R$ -   ," R$ 156.438,72 "
23088.004045/2016-10,2016,TUTORIA EM ROBOTICA LEGO,TALES CLEBER PIMENTA,IESTI,16/3/2016,16/1/2017,SIM, R$ -   ," R$ 18.200,00 "
23088.004131/2016-14,2016,A FORMACAO DE PROFESSOR (A)ES EM SERVICO E A EDUCACAO FINANCEIRA PARA ALUNO (A)S DO ENSINO MEDIO EM ESCOLAS PUBLICAS DE ITAJUBA/MG,JOSE GILBERTO DA SILVA,IESTI,15/3/2016,15/3/2017,SIM, R$ -   , R$ -   
23088.004292/2016-16,2016,SEMINARIOS GIFT,LEANDRO GUSTAVO GOMES,IMC,16/3/2016,9/11/2016,SIM, R$ -   , R$ -   
23088.004308/2016-82,2016,SEMINARIOS GIFT,LEANDRO GUSTAVO GOMES,IMC,7/3/2016,30/5/2016,SIM, R$ -   , R$ -   
23088.004311/2016-04,2016,OFICINA DE ORIGAMI PARA CRIANCAS DE 4 E 5 ANOS,MARCIA SAYURI KASHIMOTO,IMC,18/3/2016,20/5/2016,SIM, R$ -   , R$ -   
23088.004485/2016-69,2016,A FANTASTICA FABRICA DA QUIMICA”: INTERFACES ENTRE CIENCIA E LITERATURA POR MEIO DO TEATRO,JANE RAQUEL SILVA DE OLIVEIRA,IFQ,1/3/2016,31/1/2017,SIM, R$ -   , R$ -   
23088.004601/2016-40,2016,INSPECAO DE ENSAIOS EM ISOLADORES E TRANSFORMADORES,ESTACIO TAVARES WANDERLEY NETO,ISEE,19/3/2016,23/3/2016,SIM, R$ -   ," R$ 7.977,20 "
23088.004653/2016-16,2016,ACESSIBILIDADE CULTURAL: ARTICULACÕES E REFLEXÕES NA FORMACAO DE PROFESSOR (A)ES,PALOMA ALINNE ALVES RODRIGUES RUAS,IFQ,15/3/2016,9/12/2016,SIM, R$ -   , R$ -   
23088.004791/2016-03,2016,PROJETO DENTRO E FORA: CIRANDA DE FORMACAO ACADEMICA E PEDAGOGICA INTERDISCIPLINAR PROFESSOR (A) ,RITA DE CASSIA MAGALHAES TRINDADE STANO,IEPG,2/4/2016,13/12/2016,SIM, R$ -   , R$ -   
23088.005254/2016-72,2016,EMPREENDEDORISMO E EDUCACAO FINANCEIRA AOS ALUNO (A)S (ENSINO MEDIO) DA REDE PUBLICA NO MUNICIPIO DE ITAJUBA,LUIZ EUGENIO VENEZIANI PASIN,IEPG,1/3/2016,31/12/2016,SIM, R$ -   , R$ -   
23088.005493/2016-22,2016,WORKSHOP DE LEAN,JOAO BATISTA TURRIONI,IEPG,5/4/2016,5/4/2016,SIM, R$ -   , R$ -   
23088.005495/2016-11,2016,TECNOLOGIAS EMERGENTES A SERVICO DA APRENDIZAGEM – TURMA 2,CLAUDIA ELIANE DA MATTA,ISEE,2/5/2016,20/6/2016,SIM, R$ -   , R$ -   
23088.005549/2016-49,2016,"PARTICIPACAO NO CURSO ""OPERACAO DE CENTRIAS TERMELETRICAS""",OSVALDO JOSE VENTURINI,IEM,6/4/2016,15/4/2016,SIM, R$ -   , R$ -   
23088.005593/2016-59,2016,SEMANA DE ENGENHARIA DE PRODUCAO,CARLOS HENRIQUE PEREIRA MELLO,IEPG,22/8/2016,26/9/2016,SIM," R$ 1.000,00 "," R$ 1.000,00 "
23088.006045/2016-46,2016,INSPECAO DE ENSAIOS EM ISOLADORES,ESTACIO TAVARES WANDERLEY NETO,ISEE,5/2/2016,17/2/2016,SIM, R$ -   ," R$ 7.128,00 "
23088.006331/2016-10,2016,PRATICAS INCLUSICAS NO ENSINO DE CIENCIAS,PALOMA ALINNE ALVES RODRIGUES RUAS,IFQ,1/4/2016,9/12/2016,SIM, R$ -   , R$ -   
23088.006601/2016-84,2016,17A CONFERENCIA INTERNACIONAL SOBRE HARMONICOS E QUALIDADE DA ENERGIA (17TH ICHQP),PAULO FERNANDO RIBEIRO ,ISEE,1/1/2016,31/12/2016,SIM, R$ -   , R$ -   
23088.006812/2016-17,2016,SEMANA NACIONAL DE EDUCACAO FINANCEIRA: ITAJUBA/MG E REGIAO,ANDRE LUIZ MEDEIROS,IEPG,16/5/2016,21/5/2016,SIM, R$ -   , R$ -   
23088.006812/2016-17,2016,SEMANA NACIONAL DE EDUCACAO FINANCEIRA: ITAJUBA/MG E REGIAO,JOSE GILBERTO DA SILVA,IESTI,16/5/2016,21/5/2016,SIM, R$ -   , R$ -   
23088.006812/2016-17,2016,SEMANA NACIONAL DE EDUCACAO FINANCEIRA: ITAJUBA/MG E REGIAO,LUIZ EUGENIO VENEZIANI PASIN,IEPG,16/5/2016,21/5/2016,SIM, R$ -   , R$ -   
23088.006812/2016-17,2016,SEMANA NACIONAL DE EDUCACAO FINANCEIRA: ITAJUBA/MG E REGIAO,CARLOS EDUARDO CORREA MOLINA,IEPG,16/5/2016,21/5/2016,SIM, R$ -   , R$ -   
23088.007264/2016-42,2016,PROJETO PLAY - EMPREENDEDORISMO SOCIAL,ANDREA AP. DA COSTA MINEIRO,IEPG,2/3/2015,1/12/2015,SIM, R$ -   , R$ -   
23088.007740/2016-25,2016,AMBIENTE NATURAL: APROXIMANDO A COMUNIDADE DA UNIFEI E DA CIDADE DE ITAJUBA DO TRABALHO VOLUNTARIO DA ASSOCIACAO RESGACTI.,DANIELA ROCHA TEIXEIRA RIONDET COSTA,IRN,4/5/2016,4/5/2017,SIM, R$ -   , R$ -   
23088.007751/2016-13,2016,1ª JORNADA UNIVERSITARIA EM DEFESA DA REFORMA AGRARIA,LUIZ FELIPE SILVA,IRN,11/5/2016,11/5/2016,SIM, R$ -   , R$ -   
23088.007760/2016-04,2016,SCIKAB: UMA FERRAMENTA COMPUTACIONAL GRATUITA PARA ENGENHEITOS E CIENTISTAS,GUILHERME YOUSSEF RODRIGUEZ,IRN,15/2/2016,19/2/2016,SIM, R$ -   , R$ -   
23088.007842/2016-41,2016,PROJETO DE COMBATE A INCENDIO,VALQUIRIA CLARET DOS SANTOS,IRN,12/4/2016,9/6/2016,SIM, R$ -   , R$ -   
23088.007918/2016-38,2016,III SEMANA ACADEMICA DE QUIMICA (SAQ),FLAVIO SOARES SILVA  ,IFQ,19/10/2016,22/10/2016,SIM, R$ -   , R$ -   
23088.007920/2016-15,2016,PROJETO FORMULA SAE CHEETAH RACING UNIFEI,BRUNO SILVA DE SOUSA,IEM,1/1/2016,31/12/2016,SIM, R$ -   ," R$ 1.000,00 "
23088.007929/2016-18,2016,PROJETO SAE AERODESING,ROGERIO FRAENDORF DE FARIA COIMBRA,IEM,1/5/2016,30/4/2017,SIM, R$ -   , R$ -   
23088.008052/2016-82,2016,PROJETOS DE EMPREENDEDORISMO SOCIAL,ANDREA AP. DA COSTA MINEIRO,IEPG,24/2/2016,22/6/2016,SIM, R$ -   , R$ -   
23088.008469/2016-45,2016,EMISSAO DE PARECER TECNICO P/FUNDAMENTO ININTERRUPTO - DECRETO 27.048 DE 12/08/49 E PORTARIA 945 DE 08/07/15 DO MINISTERIO DO TRABALHO,RICARDO RISSO CHAVES,IEM,12/5/2016,10/6/2016,SIM, R$ -   ," R$ 7.650,00 "
23088.008473/2016-11,2016,III SEMANA DOS RECURSOS ENERGETICOS,LUCILENE DE OLIVEIRA RODRIGUES,IEM,31/5/2016,3/6/2016,SIM, R$ -   , R$ -   
23088.008626/2016-12,2016,CINE & PROSA,CARLOS ALBERTO MAXIMO PIMENTA,IEPG,1/6/2016,31/5/2017,SIM, R$ -   , R$ -   
23088.008636/2016-58,2016,ENGENHEIROS SEM FRONTEIRA,DANIELA ORNAGHI SANT ANNA,IRN,1/10/2015,1/10/2016,SIM, R$ -   , R$ -   
23088.008711/2016-81,2016,"PALESTRA SOBRE A METODOLOGIA DE UTILIZACAO DA IDENTIFICACAO UNICA DE PRODUTOS, DESENVOLVIDA NO AMBITO DA CONTRATO DE SERVICOS BR/CNT/1501664 OPAS/UNIFEI/FAPEPE",FABIO FAVARETTO,IEPG,15/4/2016,5/5/2016,PARCIAL," R$ 20.000,00 ",
23088.008889/2016-21,2016,ENSAIO DE EFICIENCIA DE BOMBAS CENTRIFUGAS,ROBERTO ALVES DE ALMEIDA,IRN,1/1/2016,30/6/2016,SIM, R$ -   ," R$ 140.805,50 "
23088.009371/2016-13,2016,CURSO DE GERENCIAMENTO DE TECNOLOGIAS DE INFORMACAO EM SAUDE,EGON LUIZ MULLER JUNIOR,PRG,16/11/2015,18/6/2016,SIM, R$ -   , R$ -   
23088.009584/2016-37,2016,CINE E PROSA,CARLOS ALBERTO MAXIMO PIMENTA,IEPG,12/5/2015,11/5/2016,SIM, R$ -   , R$ -   
23088.009614/2016-13,2016,HOW TO ENHANCE YOUR ENTREPRENEURIAL PROFILE,FABIO ROBERTO FOWLER,IEPG,25/5/2016,25/5/2016,SIM," R$ 10.500,00 "," R$ 10.500,00 "
23088.010665/2016-80,2016,OS DIREITOS DE TODOS PARA TODOS,DANIELA ROCHA TEIXEIRA RIONDET COSTA,IRN,7/6/2016,15/7/2016,SIM, R$ -   , R$ -   
23088.010842/2016-28,2016,ENSAIOS ELETRICOS,ESTACIO TAVARES WANDERLEY NETO,ISEE,1/7/2016,31/12/2016,SIM, R$ -   ," R$ 160.420,00 "
23088.010908/2016-80,2016,ENSAIOS ELETRICOS EM TRANSFORMADORES,ESTACIO TAVARES WANDERLEY NETO,ISEE,1/7/2016,31/12/2016,SIM, R$ -   , R$ -   
23088.011068/2016-75,2016,ENSAIOS ELETRICOS EM TRANSFORMADORES,ESTACIO TAVARES WANDERLEY NETO,ISEE,1/7/2016,31/12/2016,SIM, R$ -   ," R$ 181.980,61 "
23088.011137/2016-92,2016,ENSAIOS FISICO-QUIMICOS EM MATERIAIS ELETRICOS ,ESTACIO TAVARES WANDERLEY NETO,ISEE,1/7/2016,31/12/2016,SIM, R$ -   , R$ -   
23088.011138/2016-92,2016,ENSAIOS ELETRICOS,ESTACIO TAVARES WANDERLEY NETO,ISEE,1/7/2016,31/12/2016,SIM, R$ -   ," R$ 109.648,06 "
23088.011332/2016-78,2016,DESENVOLVIMENTO DE NOVA METODOLOGIA DE FISCALIZACAO DAS EMPRESAS DISTRIBUIDORAS DE ENERGIA ELETRICA COM A UTILIZACAO DE BIG DATA,JAMIL HADDAD,ISEE,18/2/2016,1/8/2016,SIM, R$ -   ," R$ 108.060,00 "
23088.011786/2016-49,2016,LETRAMENTO CIENTIFICO E TECNOLOGICO NA ESCOLA BASICA,ELIANE MATESCO CRISTOVAO,IMC,31/3/2016,30/12/2016,SIM, R$ -   , R$ -   
23088.012066/2016-09,2016,PROJETO BEBEDOUROS,HERLANE COSTA CALHEIROS,IRN,1/8/2016,31/1/2018,SIM, R$ -   , R$ -   
23088.012096/2016-15,2016,PALESTRA SOBRE PLANEJAMENTO FINANCEIRO,CLEBER GONCALVES JUNIOR,IEPG,23/6/2016,23/6/2016,SIM, R$ -   , R$ -   
23088.012097/2016-51,2016,CENTRO DE ESTUDANTES VOLUNTARIOS AMIGOS DE ITAJUBA - CEVAI,LUIZ EUGENIO VENEZIANI PASIN,IEPG,1/3/2016,30/12/2016,SIM, R$ -   , R$ -   
23088.012146/2016-56,2016,PRIMEIRA SEMANA DE ENGENHARIA ELETRICA,MAURICIO CAMPOS PASSARO,ISEE,8/8/2016,12/8/2016,SIM, R$ -   , R$ -   
23088.008808/2017-74,2017,PARTICIPACAO NO CURSO DE CURTA DURACAO – QPSE – OPERACAO E PLANEJAMENTO DE SISTEMAS DE POTENCIA,ROBSON CELSO PIRES,ISEE,3/4/2017,7/4/2017,SIM," R$ 5.202,33 "," R$ 5.995,66 "
23088.020856/2016-50,2016,CURSO DE QUALIFICACAO EM SISTEMAS ELETRICOS - ESTABILIDADE E DINAMICA DE SISTEMAS ELETRICOS II,MAURICIO CAMPOS PASSARO,ISEE,19/9/2016,22/9/2016,SIM, R$ -   ," R$ 2.450,00 "
23088.021967/2016-83,2016,ENSAIOS ELETRICOS,ESTACIO TAVARES WANDERLEY NETO,ISEE,1/1/2017,31/06/2017,SIM," R$ 80.000,00 "," R$ 19.301,01 "
23088.012216/2016-76,2016,SEMINARIOS GMAT2016/2,LEANDRO GUSTAVO GOMES,IMC,4/8/2016,31/11/16,SIM, R$ -   , R$ -   
23088.013676/2016-11,2016,SENSIBILIZACAO DOS PROFESSOR (A)ES E TECNICOS DA UNIFEI PARA O COMBATE DO MOSQUITO AEDES AEGYPTI,DANIELA ROCHA TEIXEIRA RIONDET COSTA,IRN,15/3/2016,21/6/2016,SIM, R$ -   , R$ -   
23088.013677/1016-66,2016,SENSIBILIZACAO DA COMUNIDADE DA UNIFEI SOBRE O USO DE VIDRO PARA PRODUCAO DE ARTESANADO,DANIELA ROCHA TEIXEIRA RIONDET COSTA,IRN,15/3/2016,21/6/2016,SIM, R$ -   , R$ -   
23088.013678/2016-19,2016,SENSIBILIZACAO DOS ESTUDANTES DAS REPUBLICAS DA UNIFEI VISANDO A GESTAO DE RESIDUOS SOLIDOS,DANIELA ROCHA TEIXEIRA RIONDET COSTA,IRN,15/3/2016,21/6/2016,SIM, R$ -   , R$ -   
23088.013679/2016-55,2016,SENSIBILIZACAO PARA O RACIONAMENTO DE AGUA NAS REPUBLICAS,DANIELA ROCHA TEIXEIRA RIONDET COSTA,IRN,15/3/2016,21/6/2016,SIM, R$ -   , R$ -   
23088.013868/2016-28,2016,DESPERDICIO DE AGUA: SENSIBILIZACAO DOS RESPONSAVEIS TECNICOS PELA MANUTENCAO DE VAZAMENTOS NOS BANHEIROS DA UNIFEI,DANIELA ROCHA TEIXEIRA RIONDET COSTA,IRN,15/3/2016,21/6/2016,SIM, R$ -   , R$ -   
23088.013869/2016-72,2016,IMPORTANCIA DA RECICLAGEM DO ÒLEO DE COZINHA USADO,DANIELA ROCHA TEIXEIRA RIONDET COSTA,IRN,15/3/2016,21/6/2016,SIM, R$ -   , R$ -   
23088.013870/2016-05,2016,"SENSIBILIZACAO DOS COLABORADORES TERCEIRIZADOS DA UNIFEI, CAMPUS ITAJUBA SOBRE PREVENCAO E COMBATE DO AEDES AEGYPTI",DANIELA ROCHA TEIXEIRA RIONDET COSTA,IRN,15/3/2016,21/6/2016,SIM, R$ -   , R$ -   
23088.013906/2016-42,2016,CURSO DE HIDRAULICA BASICA,HELCIO FRANCISCO VILLA NOVA,IEM,8/8/2016,10/8/2016,SIM, R$ -   ," R$ 4.571,54 "
23088.014256/2016-52,2016,EQUIPE UAI!RRIOR DE ROBOTICA ,TALES CLEBER PIMENTA,IESTI,22/8/2016,22/8/2017,SIM, R$ -   ," R$ 28.953,00 "
23088.014496/2016-57,2016,1ª REUNIAO DA REDE TEMATICA IBEROAMERICANA SOBRE HIDROEMERGIA EM PEQUENA ESCALA E WORKSHOP DE HIDROENERGIA EM PEQUENA ESCALA,GERALDO LUCIO TIAGO FILHO,IRN,29/8/2016,31/8/2016,NÃO, R$ -   , R$ -   
23088.014498/2016-46,2016,ENSAIO DE EFICIENCIA DE BOMBAS CENTRIFUGAS,ROBERTO ALVES DE ALMEIDA,IRN,1/7/2016,30/6/2017,SIM," R$ 140.000,00 "," R$ 2.016.734,50 "
23088.014699/2016-43,2016,"1º ENCONTRO DE POPULARIZACAO DE CIENCIA, TECNOLODIA, INOVACAO E EMPREENDEDORISMO DO SUL DE MINAS",ELZO ALVES ARANHA,IEPG,21/9/2016,10/2/2017,SIM, R$ -   , R$ -   
23088.014781/2016-78,2016,"SUPORTE TECNICO PARA ELABORACAO DE ANALISES ELEMENTOS FINITOS À FMC""",ANTONIO CARLOS ANCELOTTI JUNIOR,IEM,5/7/2016,5/8/2016,SIM, R$ -   ," R$ 5.000,00 "
23088.014782/2016-12,2016,REALIZACAO DE ENSAIOS DE CONTROLE DE QUALIDADE GE,ANTONIO CARLOS ANCELOTTI JUNIOR,IEM,5/7/2016,20/12/2017,SIM, R$ -   ," R$ 1.800,00 "
23088.015055/2016-75,2016,SENSIBILIZACAO DA COMUNIDADE DISCENTE NO COMBATE AO AEDES AEGYPTI,DANIELA ROCHA TEIXEIRA RIONDET COSTA,IRN,15/3/2016,21/6/2016,SIM, R$ -   , R$ -   
23088.015056/2016-17,2016,SENSIBILIZACAO DOS ALUNO (A)S DE SEXTO ANO DO ENSINO FUNDAMENTAL DO CURSO G9 SOBRE A IMPORTANCIA DO SOLO,DANIELA ROCHA TEIXEIRA RIONDET COSTA,IRN,15/3/2016,21/6/2016,SIM, R$ -   , R$ -   
23088.015434/2016-62,2016,II SEMINARIO SOBRE AGRICULTURA FAMILIAR E DESENVOLVIMENTO RURAL,VIVIANE GUIMARAES PEREIRA,IEPG,5/10/2016,7/10/2016,SIM, R$ -   , R$ -   
23088.015435/2016-15,2016,PROJETO ESPECIAL: LIGA DE MERCADO FINANCEIRO,CLEBER GONCALVES JUNIOR,IEPG,1/8/2016,31/7/2017,SIM, R$ -   , R$ -   
23088.015430/2016-84,2016,PROJETOS DE EMPREENDEDORISMO TECNOLOGICO,ANDREA AP. DA COSTA MINEIRO,IEPG,3/8/2016,30/11/2016,SIM, R$ -   , R$ -   
23088.016604/2016-26,2016,APLICACAO DA METODOLOGIA STAMP PARA O DESENVOLVIMENTO DE SISTEMAS COMPLEXIS,MARCELO SANTIAGO DE SOUSA,IEM,9/1/2017,27/1/2017,SIM, R$ -   , R$ -   
23088.017375/16-67,2016,PRESTACAO DE CONSULTORIA EM QUALIDADE DE ENERGIA ELETRICA,JOSE MARIA DE CARVALHO FILHO,ISEE,26/9/2016,22/12/2017,SIM, R$ -   ," R$ 32.731,50 "
23088.017444/2016-32,2016,PROJETO DE CONSERVACAO AUDITIVA EM ESCOLA PUBLICAS MUNICIPAIS PARA A PREVENCAO DA PERDA AUDITIVA INDUZIDA PELO RUIDO,LUIZ FELIPE SILVA,IRN,26/9/2016,31/3/2016,SIM, R$ -   , R$ -   
23088.010924/2016-72,2016,CURSO DE ATUALIZACAO EM TECNOLOGIA DE DRONES,ALEXANDRE CARLOS BRANDAO RAMOS,IMC,4/2/2017,30/6/2017,SIM, R$ -   , R$ -   
23088.017145/2016-06,2016,SPE UNIFEI – CAPITULO ESTUDANTIL DA SOCIEDADE DOS ENGENHEIROS DE PETROLEO,JAMIL HADDAD,ExCen,1/10/2016,30/9/2017,SIM, R$ -   , R$ -   
23088.017967/2016-89,2016,EMPREENDEDORISMO SOCIOAMBIENTAL E DESENVOLVIMENTO REGIONAL SUSTENTAVEL COM BASE NA PRODUCAO DE PRODUTOS ORGANICOS,LUIZ EUGENIO VENEZIANI PASIN,IEPG,1/2/2016,30/12/2016,SIM, R$ -   , R$ -   
23088.017969/2016-78,2016,EMPREENDEDOR SOCIAL - NOVAS TENDENCIAS,LUIZ EUGENIO VENEZIANI PASIN,IEPG,20/10/2016,20/10/2016,SIM, R$ -   , R$ -   
23088.017972/2016-91,2016,INOVACAO E TENDENCIAS DE MERCADO - OPORTUNIDADES NO AGRONEGOCIO BRASILEIRO,LUIZ EUGENIO VENEZIANI PASIN,IEPG,21/10/2016,21/10/2016,SIM, R$ -   , R$ -   
23088.018773/2016-09,2016,AERODAY,PATRICIA SILVA LOPES ALEXANDRINO,IEM,10/11/2016,11/11/2016,SIM, R$ -   , R$ -   
23088.019515/2016-31,2016,CAMPANHA DE CONSCIENTIZACAO PREVENCAO COMBATE DO MOSQUITO AEDES AEGYPTI ,SIMONE POLICENA ROSA,IRN,19/10/2016,20/12/2017,SIM, R$ -   , R$ -   
23088.018660/2016-03,2016,CONSULTORIA EM ENGENHARIA ELETRICA NA AREA DE SUBESTACÕES DE DISTRIBUICAO.,JOSE MARIA DE CARVALHO FILHO,ISEE,20/10/2016,23/3/2017,SIM," R$ 48.300,00 "," R$ 51.865,00 "
23088.017730/2016-06,2016,PROTECAO DE SISTEMAS ELETRICOS - BASICO,PAULO MARCIO DA SILVEIRA,ISEE,26/9/2016,28/9/2016,SIM, R$ -   ," R$ 15.550,62 "
23088.020059/2016-72,2016,ANALISES DE MICROSCOPIA ELETRONICA DE VARREDURA,GILBERT SILVA,IEM,10/11/2016,31/12/2017,SIM," R$ 40.000,00 "," R$ 20.000,00 "
23088.020065/2016-20,2016,"INTRIDUCAO A SISTEMAS HIBRIDOS EOLICO -  FOTOVOLTAICOS, DIMNESIONAMENTO DE SISTEMAS ISOLADOS E CONECTADOS À REDE, ESTUDO DE CASO",CHRISTIAN J CORONADO RODRIGUEZ,IEM,10/3/2017,11/3/2017,NÃO," R$ 14.000,00 ",
23088.020116/2016-13,2016,"PARTICIPACAO NO CURSO OPERACAO, CONTROLE E MONITORAMENTO AMBIENTAL DE UTES",OSVALDO J VENTURI,IEM,21/11/2016,25/11/2016,SIM, R$ -   ," R$ 20.752,14 "
23088.020342/2016-02,2016,OFICINA PILOTO DE ENGENHARIA QUIMICA: CONSTRUCAO DE UMA TORRE DE RESFIRAMENTO,HUGO PERAZINNI,IRN,1/12/2016,1/6/2017,SIM, R$ -   , R$ -   
23088.020343/2016-49,2016,OFICINA PILOTO DE ENGENHARIA QUIMICA: ADEQACAO E RESTAURACAO DE UMA UINIDADE DIDATICA,HUGO PERAZINNI,IRN,1/12/2016,1/6/2017,SIM, R$ -   , R$ -   
23088.19261/2016-51,2016,SEMINARIO DE ECONOMIA SOLIDARIA: DESAFIOS E PERSPECTIVAS,VIVIANE GUIMARAES PEREIRA,IEPG,10/11/2016,10/11/2017,SIM, R$ -   , R$ -   
23088.20345/2016-38,2016,OFICINA PILOTO DE ENGENHARIA QUIMICA: CONSTRUCAO DE UM SECADOR DE LEITO FIXO,HUGO PERAZINNI,IRN,1/12/2016,1/6/2017,SIM, R$ -   , R$ -   
23088.020581/2016-54,2016,ENGENHEIROS DA ALEGRIA,ANA PAULA MONI SILVA,IRN,1/11/2016,1/11/2017,SIM, R$ -   , R$ -   
23088.005830/2016-81,2016,CURSO USABILIDADE E EQUIPAMENTOS MEDICOS – DOCUMENTO TECNICO CONTENDO PROCEDIMENTOS PARA PROJETO DE EQUIPAMENTO CONSIDERANDO ATRIBUTOS DE USABILIDADE DE PRODUTOS PARA A SAUDE,ANA PAULA SIQUEIRA SILVA DE ALMEIDA,IESTI,12/4/2016,13/4/2016,SIM, R$ -   ," R$ 10.000,00 "
23088.021728/2016-23,2016,DESENVOLVIMENTO DE UM PROTOTIPO DE MOLA EM PEEK/CARBONO,ANTONIO CARLOS ANCELOTTI JUNIOR,IEM,12/12/2016,28/2/2019,NÃO," R$ 250.000,00 ",
23088.021726/2016-34,2016,REALIZACAO DE ENSAIOS DE CONTROLE DE QUALIDADE GE,ANTONIO CARLOS ANCELOTTI JUNIOR,IEM,9/12/2016,22/12/2017,SIM," R$ 17.220,00 "," R$ 17.220,00 "
23088.017938/2016-17,2016,PARTICIPACAO EM PROGRAMA DE FORMACAO E CAPACITACAO EM INOVACAO DE PROCESSOS DE AVALIACAO DE INVESTIMENTOS EM EMPRESA DE LOGISTICA E SUCROENERGETICA: ENGENHARIA ECONOMICA,EDSON DE OLIVEIRA PAMPLONA,IEPG,1/9/2016,2/9/2016,SIM," R$ 2.636,00 "," R$ 2.636,59 "
23088.019251/2016-16,2016,PARTICIPACAO EM PROGRAMA DE FORMACAO E CAPACITACAO EM INOVACAO DE PROCESSOS DE AVALIACAO DE INVESTIMENTOS EM PPPS: ENGENHARIA ECONOMICA I E II,JOSE ARNALDO BARRA MONTEVECHI,IEPG,17/10/2016,18/10/2016,SIM," R$ 18.700,00 "," R$ 15.114,30 "
23088.019253/2016-13,2016,PARTICIPACAO EM PROGRAMA DE FORMACAO E CAPACITACAO EM INOVACAO DE PROCESSOS DE AVALIACAO DE INVESTIMENTOS EM PPPS: ENGENHARIA ECONOMICA I E II,EDSON DE OLIVEIRA PAMPLONA,IEPG,19/10/2016,21/10/2016,SIM," R$ 28.000,00 "," R$ 28.751,59 "
23088.021731/2016-47,2016,DESENVOLVIMENTO DE UM PROTOTIPO DE SUPORTE DE SELOS EM PEEK/CARBONO,ANTONIO CARLOS ANCELOTTI JUNIOR,IEM,12/12/2016,20/12/2017,NÃO," R$ 161.500,00 ",
23088.022242/2016-11,2016,MEDICAO DE CONDUTIVIDADE TERMICA,SANDRO MENTREVELLE MARCONDES DE LIMA E SILVA,IEM,1/2/2017,31/10/2017,SIM," R$ 2.214,01 "," R$ 2.214,01 "
23088.022326/2016-46,2016,ENSAIO DE EFICIENCIA DE BOMBAS CENTRIFUGAS,ROBERTO ALVES DE ALMEIDA,IRN,1/1/2017,30/6/2017,SIM," R$ 140.000,00 "," R$ 216.734,50 "
23088.021972/2016-96,2016,INSPECAO DE ENSAIOS EM ISOLADORES E TRANSFORMADORES,ESTACIO TAVARES WANDERLEY NETO,ISEE,1/7/2016,31/12/2016,SIM, R$ -   ," R$ 8.133,84 "
23088.000946/2017-13,2017,SENSIBILIZACAO DE ALUNOS DO ENSINO FUNDAMENTAL SOBRE RESIDUOS SOLIDOS,DANIELA ROCHA TEIXEIRA RIONDET COSTA,IRN,25/11/2016,25/11/2016,SIM, R$ -   , R$ -   
23088.001150/2017-70,2017,III LATIN AMERICAN MEETING HYDRO POWER END SYSTEMS,GERALDO LUCIO TIAGO FILHO,IRN,5/9/2017,7/9/2017,NÃO, R$ -   , R$ -   
23088.000348/2017-36,2016,CERTIFICACAO E ENSAIOS DE PRODUTOS DE TECNOLOGIA E TELECOMUNICACAO,JOSE CARLOS GRILLO RODRIGUES,ISEE,1/1/2017,31/7/2018,NÃO, R$ -   , R$ -   
23088.021968/2016-28,2016,ENSAIOS ELETRICOS EM TRANSFORMADORES,ESTACIO TAVARES WANDERLEY NETO,ISEE,1/1/2017,30/6/2017,SIM," R$ 330.000,00 ",
23088.021964/2016-40,2016,ENSAIOS ELETRICOS,ESTACIO TAVARES WANDERLEY NETO,ISEE,2/1/2017,30/6/2017,SIM," R$ 175.150,00 "," R$ 104.783,08 "
23088.003196/2016-42,2016,PROJETO BAJA - SACI,FELIPE DE SOUZA ELOY,IEM,1/1/2016,31/12/2016,SIM, R$ -   , R$ -   
23088.021971/2016-41,2016,ENSAIOS FISICO-QUIMICOS EM MATERIAIS ELETRICOS,ESTACIO TAVARES WANDERLEY NETO,ISEE,1/1/2017,30/6/2017,SIM, R$ -   , R$ -   
23088.002471/2017-91,2017,PROJETO BAJA - EQUIPE SACI,DIEGO MAURICIO YEPES MAYA,IEM,1/1/2017,31/12/2017,SIM," R$ 24.425,44 "," R$ 24.425,44 "
23088.002798/2017-63,2017,CURSO ASSISTENCIAL THEODOMIRO SANTIAGO - CATS,EDMILSON MARMO MOREIRA,IESTI,10/1/2016,10/12/2016,SIM, R$ -   , R$ -   
23088.002876/2017-20,2017,AIRCRAFT STRUCTURAL ANALYSIS USING THE FINITE ELEMENT METHOD,PATRICIA SILVA LOPES ALEXANDRINO,IEM,13/2/2017,17/2/2017,SIM, R$ -   , R$ -   
23088.017590/2016-68,2016,CURSO DE TERMOGRAFIA NA EMPRESA VALE,GUILHERME SOUSA BASTOS,IESTI,13/10/2016,14/10/2016,SIM, R$ -   ," R$ 9.940,38 "
23088.021446/2016-26,2016,"WORKSHOP DE EMPREENDEDORISMO, EDUCACAO EMPREENDEDORA, APRENDIZAGEM ATIVA E DESIGN THINKING PARA PROFESSORES E ESTUDANTES DA ESCOLA PUBLICA DE ENSINO MEDIO",ELZO ALVES ARANHA,IEPG,9/12/2016,12/12/2016,SIM, R$ -   , R$ -   
23088.003287/2017-69,2017,CURSO ASSISTENCIAL THEODOMIRO SANTIAGO - CATS,EDMILSON MARMO MOREIRA,IESTI,10/1/2017,10/12/2017,SIM, R$ -   , R$ -   
23088.003333/2017-20,2017,PROJETO CHEETAH E-RACING DE FORMULA SAE ELETRICO,JULIANA CAMINHA NORONHA,IEPG,23/2/2017,30/1/2018,SIM, R$ -   , R$ -   
23088.003385/2017-04,2017,ROBOK – FUTEBOL DE ROBOS,LUIZ LENARTH GABRIEL VERMAAS,IESTI,1/1/2017,31/12/2017,SIM," R$ 10.000,00 ", R$ -   
23088.003435/2017-45,2017,EX MACHINA,JULIANA CAMINHA NORONHA,IEPG,1/1/2017,31/12/2017,SIM, R$ -   , R$ -   
23088.003437/2017-34,2017,ECOVEICULO,JOSE HAMILTON CHAVES GORGULHO JUNIOR,IEPG,1/1/2017,31/12/2017,SIM," R$ 73.500,00 "," R$ 56.500,00 "
23088.021079/2016-61,2016,1º BUSINESS MODEL INTERNATIONAL MEETING - BRAZIL & DENMARK                                     ,ELZO ALVES ARANHA,IEPG,1/12/2016,15/2/2016,SIM, R$ -   , R$ -   
23088.000348/2017-36,2017,CERTIFICACAO E ENSAIOS DE PRODUTOS DE TECNOLOGIA E TELECOMUNICACAO,JOSE CARLOS GRILLO RODRIGUES,ISEE,1/1/2017,31/12/2017,NÃO," R$ 141.370,00 ",
23088.000326/2017-76,2017,XXII CONGRESSO REGIONAL DOS ESTUDANTES DE ENGª QUIMICA COREEQ,MAXIMILIAN JOACHIM HODAPP,IRN,23/7/2017,30/7/2017,SIM, R$ -   , R$ -   
23088.003656/2017-13,2017,PROGRAMACAO,RAFAEL DE MOURA MOREIRA,IESTI,4/3/2017,4/3/2018,SIM, R$ -   , R$ -   
23088.002064/2017-84,2017,BEYOND ROCKET DESING,HELCIO FRANCISCO VILLA NOVA,IEM,6/10/2016,1/1/2018,SIM, R$ -   , R$ -   
23088.004242/2017-10,2017,CENTRO DE ESTUDANTES VOLUNTARIOS AMIGOS DE ITAJUBA,LUIZ EUGENIO VENEZIANI PASIN,IEPG,1/3/2017,30/12/2017,SIM, R$ -   , R$ -   
23088.003489/2017-19,2017,EPIC CODERS – MARATONA DE PROGRAMACAO,EDMILSON MARMO MOREIRA,IESTI,1/1/2017,31/12/2017,SIM," R$ 83.000,00 "," R$ 40.000,00 "
23088.003489/2017-19,2017,EPIC CODERS – MARATONA DE PROGRAMACAO,ROBERTO AFFONSO DA COSTA JUNIOR,IMC,1/1/2017,31/12/2017,SIM, R$ -   , R$ -   
23088.004250/2017-58,2017,DESENVOLVIMENTO DE UM PRODUTO EM PEEK/CARBONO PARA REFORCO INTERNO DE SELOS,ANTONIO CARLOS ANCELOTTI JUNIOR,IEM,7/3/2017,20/12/2017,NÃO," R$ 23.284,50 ",
23088.003288/2017-11,2017,COYOTES MOTORACING ,ANTONIO CARLOS ANCELOTTI JUNIOR,IEM,1/1/2017,31/12/2017,SIM," R$ 23.700,00 "," R$ 10.000,00 "
23088.017928/2016-81,2016,COMO PREPARAR MEU FUTURO FINANCEIRO,ANDRE LUIZ MEDEIROS,IEPG,20/9/2016,21/9/2016,SIM, R$ -   , R$ -   
23088.004669/2017-18,2017,PROJETO DE COMPETICAO TECNOLOGICA ,ALEXANDRE CARLOS BRANDAO RAMOS,IMC,26/2/2017,26/2/2018,SIM," R$ 55.263,16 "," R$ 10.000,00 "
23088.004700/2017-11,2017,"COORIENTACAO DO TRABALHO ""ANALISE DA RESISTENCIA À FLEXAO E FISSURACAO EM VIGAS COM FIBRAS DE BAMBU",VALQUIRIA CLARET DOS SANTOS,IRN,1/4/2016,1/3/2017,SIM, R$ -   , R$ -   
23088.004807/2017-51,2017,TIME ENACTUS - ENTREPRENEURIAL ACTION US,LUIZ EUGENIO VENEZIANI PASIN,IEPG,20/3/2017,31/12/2017,SIM, R$ -   , R$ -   
23088.005013/2017-12,2017,FOMACAO BÀSICA DE TUTORIA,CLAUDIA ELIANE DA MATTA,ISEE,22/3/2017,13/4/2017,SIM, R$ -   , R$ -   
23088.005471/2017-43,2017,USABILIDADE E EQUIPAMENTOS MEDICOS: INSERINDO OS ATRIBUTOS DE USABILIDADE NO DESENVOLVIMENTO DE PRODUTOS PARA A SAUDE,RODRIGO MAXIMIANO ANTUNES DE ALMEIDA,IESTI,3/4/2017,4/4/2017,SIM, R$ -   , R$ -   
23088.005537/2017-03,2017,XXXI ENCONTRO REGIONAL DA SOCIEDADE BRASILEIRA DE QUIMICA DE MINAS GERAIS,MAURICIO SILVA DOS SANTOS,IFQ,24/11/2017,26/11/2017,SIM," R$ 79.200,00 "," R$ 75.158,68 "
23088.006173/2017-17,2017,FLIPERAMAAA,ENZO SERAPHIM,DSI,8/4/2017,8/4/2017,SIM, R$ -   , R$ -   
23088.006475/2017-49,2017,PROJETO PLAY - EMPREENDEDORISMO SOCIAL ,ADILSON DA SILVA MELLO ,IEPG,2/3/2017,10/12/2017,SIM, R$ -   , R$ -   
23088.006489/2017-62,2017,IV SEMINARIO DE RECURSOS NATURAIS,MARCELO DE PAULA CORREA,IRN,7/8/2017,11/8/2017,SIM, R$ -   , R$ -   
23088.006145/2017-53,2017,SEMINARIOS GIFT,ALEXIS ROA AGUIRRE,IFQ,15/3/2017,8/11/2017,SIM, R$ -   , R$ -   
23088.005872/2017-01,2017,II SEMINARIO NACIONAL DE POLITICAS CULTURAIS E AMBIENTAIS,CARLOS ALBERTO MAXIMO PIMENTA,IEPG,24/7/2017,24/10/2017,SIM, R$ -   , R$ -   
23088.006462/2017-70,2017,CURSO DE CURTA DURACAO – QPSE – PROTECAO DE SISTEMAS ELETRICOS,PAULO MARCIO DA SILVEIRA,ISEE,13/2/2017,17/2/2017,SIM, R$ -   ," R$ 8.795,66 "
23088.020477/2016-40,2016,CURSO DE QUALIFICACAO EM SISTEMAS ELETRICOS - ESTABILIDADE DE TENSAO EM SISTEMAS ELETRICOS DE POTENCIA,BENEDITO ISAIAS DE LIMA LOPES,ISEE,21/6/2016,23/6/2016,SIM, R$ -   ," R$ 4.550,00 "
23088.007270/2017-81,2017,WORKSHOPS SOBRE USABILIDADE E EQUIPAMENTOS MEDICOS EM ACORDO COM A ABNT NBR IEC 62366,RODRIGO MAXIMIANO ANTUNES DE ALMEIDA,IESTI,2/5/2017,8/8/2017,NÃO," R$ 2.000,00 ",
23088.006945/2017-74,2017,II JORNADA UNIVERSITARIA EM DEFESA DA REFORMA AGRARIA (JURA),LUIZ FELIPE SILVA,IRN,3/5/2017,3/5/2017,SIM, R$ -   , R$ -   
23088.007274/2017-69,2017,PARTICIPACAO NO CURSO DE CURTA DURACAO – QPSE – ELETRONICA DE POTENCIA APLICADA A SISTEMAS ELETRICOS,MAURICIO CAMPOS PASSARO,ISEE,24/10/2016,27/10/2016,SIM ," R$ 2.590,00 "," R$ 1.400,00 "
23088.007794/2017-71,2017,CULTIVAR-TE,ADHIMAR FLAVIO OLIVEIRA,IFQ,1/5/2017,31/12/2017,SIM ," R$ 9.690,00 "," R$ 6.527,61 "
23088.007798/2017-20,2017,DANADA DE LATA: ESTIMULANDO A CRIATIVIDADE POR MEIO DA MUSICA E DA SUCATA,CIBELE MOREIRA MONTEIRO ROSA,IFQ,1/6/2017,31/12/2017,SIM ," R$ 7.995,00 "," R$ 9.053,98 "
23088.007802/2017-80,2017,TECNOLOGIAS EMERGENTES A SERVICO DA APRENDIZAGEM,CLAUDIA ELIANE DA MATTA,ISEE,17/4/2017,22/12/2017,SIM ," R$ 10.800,00 ",
23088.007811/2017-71,2017,PROJETO DENTRO E FORA; CIRANDA DE FORMACAO ACADEMICA E PEDAGOGICA INTERDISCIPLINAR DOCENTE,RITA DE CASSIA MAGALHAES TRINDADE STANO,IEPG,1/4/2017,31/12/2017,SIM," R$ 9.516,00 ",
23088.007817/2017-48,2017,CONSOLIDACAO E REESTRUTURACAO DO PROGRAMA DE INCUBACAO DA INTECOOP - COM A PRIORIZACAO DE ACOES ESTRATEGICAS E DE GESTAO ÀS ASSOCIACÕES E COOPERATIVAS INCUBADAS,CARLOS EDUARDO CORREA MOLINA,IEM,1/4/2017,31/12/2017,SIM," R$ 10.000,00 ",
23088.007822/2017-51,2017,ECONOMIA SOLIDARIA NA PEROBA - ITAJUBA MG: GERACAO DE RENDA E EMANCIPACAO SOCIAL DAS MULHERES RURAIS,VIVIANE GUIMARAES PEREIRA,IEPG,3/4/2017,15/12/2017,SIM," R$ 7.659,60 "," R$ 7.282,00 "
23088.007824/2017-40,2017,"RECUPERACAO DA AREA DE RECARGA AS NASCENTE DO BAIRRO PEDRAO, ULITIZADA COMO FONTE DE ABASTECIMENTO DE AGUA PELA COMUNIDADE RURAL",ANA LUCIA FONSECA,IRN,19/4/2017,31/12/2017,SIM," R$ 9.400,00 "," R$ 3.694,35 "
23088.007829/2017-40,2017,SEMEADURA DO DIALOGO ENTRE ENGENHARIA E AGROECOLOGIA: ESCOLA LIVRE DE AGROECOLOGIA E SOCIEDADE (ELAS) EM PEDRALVA,LUIZ FELIPE SILVA,IRN,5/5/2017,31/12/2017,SIM," R$ 10.000,00 ",
23088.007830/2017-05,2017,GESTAO DE RESIDUOS INDUSTRIAIS,ROGERIO  JOSE DA SILVA,IEM,16/9/2017,7/10/2017,SIM," R$ 7.448,00 ",
23088.007830/2017-05,2017,GESTAO DE RESIDUOS INDUSTRIAIS,ROGERIO JOSE DA SILVA,IEM,1/5/2017,31/12/2017,SIM, R$ -   , R$ -   
23088.007832/2017-96,2017,PRATICAS INCLUSICAS NO ENSINO DE CIENCIAS,PALOMA ALINNE ALVES RODRIGUES RUAS,IFQ,1/4/2017,31/12/2017,SIM," R$ 10.000,00 ",
23088.007837/2017-19,2017,O ESPACO INTERCIENCIAS: O CENTRO DE DIVULGACAO CIENTIFICA DA UNFEI,AGENOR PINA DA SILVA,IFQ,20/2/2017,10/12/2017,SIM," R$ 10.000,00 ",
23088.007839/2017-16,2017,COLOQUIOS INTERDISCIPLINARES,EDUARDO HENRIQUE SILVA BITTENCOURT,IFQ,6/4/2017,17/11/2017,SIM," R$ 8.400,00 "," R$ 7.500,00 "
23088.007963/2017-73,2017,EMPREENDEDORISMO SOCIOAMBIENTAL E DESENVOLVIMENTO REGIONAL SUSTENTAVEL COM BASE NA PRODUCAO DE PRODUTOS ORGANICOS,LUIZ EUGENIO VENEZIANI PASIN,IEPG,1/3/2017,30/12/2017,SIM, R$ -   , R$ -   
23088.006994/2017-15,2017,ELETRONICA DE POTENCIA APLICADA A SISTEMAS ELETRICOS,ANGELO JOSE JUNQUEIRA RESEK,ISEE,24/10/2016,27/10/2016,SIM, R$ -   ," R$ 3.500,00 "
23088.008233/2017-90,2017,"EMPREENDEDORISMO, INOVACAO ABERTA, APRENDIZAGEM ATIVA E DESIGN THINKING NO RECONCAVO DA BAHIA",ELZO ALVES ARANHA,IEPG,31/5/2017,2/5/2017,SIM, R$ -   , R$ -   
23088.008288/2017-08,2017,OPERACAO DE TURBINAS HIDRAULICAS E REGULADORES DE VELOCIDADE,EDSON DA COSTA BORTONI,ISEE,1/8/2016,4/8/2016,NÃO, R$ -   , R$ -   
23088.009475/2017-09,2017,SISTEMA DE INFORMACAO GEOGRAFICA: PRATICAS E USO,ANA PAULA SILVA FIGUEIREDO,IRN,22/5/2017,2/6/2017,SIM, R$ -   , R$ -   
23088.020935/2016-61,2016,CURSO DE QUALIFICACAO EM SISTEMAS ELETRICOS - ESTABILIDADE E DINAMICA DE SISTEMAS ELETRICOS II,ZULMAR SOARES MACHADO JUNIOR ,ISEE,19/9/2016,23/9/2016,SIM, R$ -   ," R$ 2.450,00 "
23088.005050/2017-12,2017,CURSO DE CURTA DURACAO - QPSE - MODULO OCNFIABILIDADE DOS SISTEMAS ELETRICOS,JOAO GUILHERME DE CARVALHO  COSTA,ISEE,21/11/2016,25/11/2016,SIM, R$ -   ," R$ 5.600,00 "
23088.008285/2017-66,2017,REGULADORES DE VELOCIDADE,EDSON DA COSTA BORTONI,ISEE,2/5/2017,4/5/2017,NÃO," R$ 24.840,00 ",
23088.021680/2016-53,2016,ELETRONICA DE POTENCIA APLICADA A SISTEMAS ELETRICOS,ANGELO JOSE JUNQUEIRA RESEK,ISEE,24/10/2016,27/10/2016,SIM, R$ -   ," R$ 3.500,00 "
23088.008153/2017-34,2017,CURSO QPSE – METODOS COMPUTACIONAIS E MATEMATICA APLICADA EM SISTEMAS ELETRICOS DE POTENCIA,BENEDITO ISAIAS DE LIMA LOPES,ISEE,8/5/2017,12/5/2017,SIM," R$ 8.791,02 "," R$ 10.430,84 "
23088.008773/2017-73,2017,PARTICIPACAO MO CURSO DE CURTA DURACAO - QPSE - GERACAO TERMICA I,VLADIMIR RAFAEL MELIAN COBAS,IEM,13/2/2017,17/2/2017,SIM," R$ 17.518,72 "," R$ 8.759,36 "
23088.005891/2017-20,2017,SECOMP - SEMANA DA COMPUTACAO,THATYANA DE FARIA PIOLA SERAPHIM,IESTI,3/4/2017,7/4/2017,SIM, R$ -   , R$ -   
23088.009547/2017-18,2017,ENSAIOS PARA CERTIFICACAO DE CABOS DE LINHA ELETRICA,ANTONIO CARLOS ANCELOTTI JUNIOR,IEM,1/5/2017,20/12/2017,NÃO," R$ 10.780,00 ",
23088.010247/2017-73,2017,"INTRODUCAO A SISTEMAS FOTOVOLTAICOS. DIMENSIONAMENTO DE SISTEMAS ON E OFF GRID, TREINAMENTO EM BANCADA, ANALISE TECNICO ECONOMICA, ESTUDOS DE CASO E SIMULACAO COMPUTACIONAL",CHRISTIAN J CORONADO RODRIGUEZ,IEM,14/9/2017,14/11/2017,SIM," R$ 140.000,00 "," R$ 12.475,00 "
23088.004801/2017-83,2017,CURSO DE INTRODUCAO AO EMPREENDEDORISMO PARA ALUNOS DO ENSINO MEDIO - MODULO I - COMPORTAMENTO EMPREENDEDOR,ELZO ALVES ARANHA,IEPG,27/3/2017,27/6/2017,SIM, R$ -   , R$ -   
23088.005949/2017-35,2017,MINICURSOS PMAT 2017,LEANDRO GUSTAVO GOMES,IMC,24/4/2017,27/10/2017,SIM, R$ -   , R$ -   
23088.006179/2017-48,2017,VI ENCONTRO SUL-MINEIRO DE ENSINO DE FISICA (VI ESMEF),THIAGO COSTA CAETANO,IFQ,4/9/2017,6/9/2017,SIM," R$ 5.016,00 "," R$ 3.800,00 "
23088.008115/2017-81,2017,ELABORACÕA DE DOCUMENTOS TECNICOS PARA SUBSIDIAR O SUO DA IDENTIFICACAO UNICA DE PRODUTOS (UDI) E O GERENCIAMENTO DE RISCO EM REDES MEDICAS DE TI NO PROJETO DE PRODUTOS PARA SAUDE DO GRUPO DE ENGENHARIA BIOMEDICA (GEB),JOSE ALBERTO FERREIRA FILHO,PRAD,11/11/2016,30/4/2017,NÃO," R$ 160.000,00 ",
23088.008806/2017-85,2017,ALIANCA BIBLICA UNIVERSITARIA DO BRASIL,PAULO FERNANDO RIBEIRO ,ISEE,22/5/2017,25/5/2018,SIM, R$ -   , R$ -   
23088.008687/2017-61,2017,PARTICIPACAO NO CURSO DE CURTA DURACAO - QPSE - GERACAO TERMICA II,VLADIMIR RAFAEL MELIAN COBAS,IEM,8/3/2017,10/3/2017,SIM," R$ 25.991,32 "," R$ 25.991,32 "
23088.007618/2017-30,2017,UNIFEI-SINTROPICA,ALAN BENDASOLI PAVAN,IFQ,26/4/2017,25/4/2018,SIM, R$ -   , R$ -   
23088.010479/2017-30,2017,DESPERTANDO PARA A PESQUISA,JOSE CARLOS GRILLO RODRIGUES,ISEE,24/2/2017,30/6/2017,NÃO, R$ -   , R$ -   
23088.010894/2017-85,2017,CURSO DE EXTENSAO EAD SOBRE TECNOLOGIAS E EDUCACAO,CARLOS ALBERTO MAXIMO PIMENTA,IEPG,12/6/2017,30/6/2017,SIM, R$ -   , R$ -   
23088.0010826/2017-16,2017,PROJETOS DE ENGENHARIA DE PRODUCAO,LOURIVAL J MENDES NETO,IEM,20/2/2017,14/7/2017,SIM, R$ -   , R$ -   
23088.008464/2017-01,2017,PROJETO SAE AERODESING - EQUIPE UIRA,JESUS ANTONIO GARCIA SANCHEZ,IEM,1/5/2017,30/4/2018,SIM," R$ 10.000,00 "," R$ 10.500,00 "
23088.008891/2017-81,2017,PROPECCAO TECNOLOGICA NO SETOR DE ENERGIA ELETRICA,PAULO FERNANDO RIBEIRO ,ISEE,1/3/2017,30/11/2017,SIM," R$ 12.000,00 "," R$ 12.000,00 "
23088.011058/2017-18,2017,PARTICIPACAO NO CURSO DE CURTA DURACAO - QPSE - ANALISE DE SISTEMAS DE POTENCIA,CLAUDIO FERREIRA,ISEE,5/6/2017,7/6/2017,SIM," R$ 12.991,02 "," R$ 15.630,84 "
23088.011117/2017-58,2017,ESTUDO DE CONFIABILIDADE DA SE TUCURUI 1ª ETAPA – 550 KV,AIRTON VIOLIN,ISEE,13/3/2017,12/6/2017,SIM," R$ 27.999,94 "," R$ 19.779,49 "
23088.007146/2017-15,2017,PCH-I HIDROLOGIA APLICADA À GERACAO HIDRELETRICA,GERALDO LUCIO TIAGO FILHO,IRN,24/4/2017,27/4/2017,SIM," R$ 15.253,00 "," R$ 11.848,54 "
23088.011295/2017-89,2017,FUNDAMENTOS DE EMPREENDEDORISMO,CIBELE MOREIRA MONTEIRO ROSA,IFQ,19/6/2017,17/7/2017,SIM, R$ -   , R$ -   
23088.011296/2017-23,2017,TENDENCIAS CONTEMPORANEAS DE GESTAO ORGANIZACIONAL,CIBELE MOREIRA MONTEIRO ROSA,IFQ,19/6/2017,17/7/2017,SIM, R$ -   , R$ -   
23088.012020/2017-62,2017,AVALIACAO DE IMPACTOS AMBIENTAIS PARQUE MUNICIPAL DE ITAJUBA,CAMILA ROCHA GALHARDO,IRN,13/4/2017,30/6/2017,NÃO, R$ -   , R$ -   
23088.012708/2017-42,2017,EMISSAO DE PARECER TECNICO PARA FUNCIONAMENTO INISTERRUPTO,RICARDO RISSO CHAVES,IEM,28/6/2017,27/6/2018,SIM," R$ 36.000,00 "," R$ 9.579,00 "
23088.006857/2017-72,2017,I SIMPOSIO DE EDUCACAO INCLUSIVA DA UNIFEI,PALOMA ALINNE ALVES RODRIGUES RUAS,IFQ,9/8/2017,11/8/2017,SIM, R$ -   , R$ -   
23088.004117/2017-00,2017,V ENCONTRO MINEIRO DE SISTEMAS DINAMICOS,BRAULIO AUGUSTO GARCIA,IMC,8/11/2017,10/11/2017,SIM," R$ 25.940,00 ", R$ -   
23088.011290/2017-56,2017,ETICA E RESPONSABILIDADE SOCIAL NAS ORGANIZACÕES,CIBELE MOREIRA MONTEIRO ROSA,IFQ,19/6/2017,17/7/2017,SIM, R$ -   , R$ -   
23088.013334/2017-82,2017,"PARTICIPACAO EM PROGRAMA DE FORMACAO E CAPACITACAO EM INOVACAO DE PROCESSOS DE FINANCAS CORPORATIVAS, CONTABILIDADE GERENCIAL E VALORACAO DE EMPRESAS (VALUATION) A SER REALIZADO PELA FUPAI",EDSON DE OLIVEIRA PAMPLONA,IEPG,14/8/2017,18/8/2017,SIM," R$ 9.200,00 "," R$ 7.863,25 "
23088.002278/2017-51,2017,12º SEMINARIO DE MEIO AMBIENTE E ENERGIAS RENOVAVEIS - SEMEAR,GERALDO LUCIO TIAGO FILHO,IRN,7/6/2017,8/6/2017,SIM, R$ -   , R$ -   
23088.008647/2017-19,2017,PARTICIPACAO MO CURSO DE CURTA DURACAO - QPSE - GERACAO HIDRAULICA,BENEDITO CLAUDIO DA SILVA,IRN,15/5/2017,19/5/2017,SIM," R$ 12.600,00 "," R$ 12.995,66 "
23088.011619/2017-89,2017,PARTICIPACAO NO CURSO DE CURTA DURACAO – QPSE – ECONOMIA DO SETOR ELETRO-ENERGETICO ,EDUARDO GUARDIA CRESTANA,ISEE,26/6/2017,30/6/2017,SIM," R$ 5.195,66 "," R$ 5.230,84 "
23088.012705/2017-17,2017,"EMISSAO DE PARECER TECNICO SOBRE QUESTÕES DE PROVA PARA FINS JURIDICOS, POR SOLICITACAO DE PESSOA FISICA",RICARDO RISSO CHAVES,IEM,28/6/2017,30/8/2017,SIM, R$ -   ," R$ 2.000,00 "
23088.013563/2017-05,2017,CONSULTORIA EM CERTIFICACAO AERONAUTICA,ROGERIO FRAENDORF DE FARIA COIMBRA,IEM,15/7/2017,15/10/2017,SIM," R$ 7.200,00 "," R$ 7.200,00 "
23088.013695/2017-29,2017,ANALISE DE FALHAS EM MOTORES DE INDUCAO TRIFASICOS ALIMENTADOS POR INVERSORES DE FREQUENCIA,ANGELO JOSE JUNQUEIRA RESEK,ISEE,17/7/2017,17/1/2018,SIM," R$ 12.000,00 ",
23088.013590/2017-70,2017,"PARTICIPACAO NO CURSO DE CURTA DURACAO - BOMBAS CENTRIFUGAS, SUBMERSIVEIS, FUSO, DOSADORAS",HELCIO FRANCISCO VILLA NOVA,IEM,25/7/2017,27/7/2017,SIM," R$ 3.570,00 "," R$ 3.058,80 "
23088.013805/2017-52,2017,ENSAIO ELETRICOS,ESTACIO TAVARES WANDERLEY NETO,ISEE,1/7/2017,31/12/2017,SIM," R$ 200.000,00 "," R$ 139.903,35 "
23088.013850/2017-15,2017,INSPECAO DE ENSAIOS EM ISOLADORES E TRANSFORMADORES,ESTACIO TAVARES WANDERLEY NETO,ISEE,1/7/2017,31/12/2017,SIM," R$ 41.464,51 ", R$ -   
23088.013967/2017-91,2017,"WORKSHOP ""SMART GRIDS E METRICAS INTEGRADAS DE DESEMPENHO ELETRICO",PAULO FERNANDO RIBEIRO ,ISEE,10/8/2017,11/8/2017,SIM, R$ -   , R$ -   
23088.013963/2017-11,2017,"PROJETO ""VIDEOLABS""",BENEDITO DONIZETI BONATTO,ISEE,31/7/2017,15/9/2017,SIM, R$ -   , R$ -   
23499.001427/2016-41,2016,GRUPO VOCAL UNIFEI-ITABIRA,JOAO LUCAS DA SILVA,ITABIRA,19/9/2016,18/9/2017,SIM, R$ -   ," R$ 2.441,63 "
23088.014206/2017-56,2017,SEGUNDA SEMANA DE ENGENHARIA ELETRICA,MAURICIO CAMPOS PASSARO,ISEE,28/8/2017,6/9/2017,SIM," R$ 2.000,00 "," R$ 2.000,00 "
23088.014375/2017-96,2017,CURSO DE CURTA DURACAO EM TERMOGRAFIA INFRAVERMELHA,EDSON DA COSTA BORTONI,ISEE,7/8/2017,9/8/2017,SIM, R$ -   ," R$ 6.726,60 "
23088.014398/2017-09,2017,ENSAIOS LABORATORIAIS EM EQUIPAMENTOS DFE MEDIA E ALTA TENSAO,ESTACIO TAVARES WANDERLEY NETO,ISEE,1/7/2017,31/12/2017,SIM," R$ 150.000,00 "," R$ 39.553,46 "
23088.011903/2017-55,2017,IV SEMANA DOS RECURSOS ENERGETICOS ,MARIA LUIZA GRILLO RENO,IEM,29/5/2017,2/6/2017,SIM," R$ 7.080,27 "," R$ 7.080,27 "
23088.015219/2017-42,2017,BUSINESS MEETING WEEK,BRUNO SILVA DE SOUSA,IEM,21/8/2017,25/8/2017,SIM, R$ -   , R$ -   
23088.015453/2017-70,2017,CLUBE DE CONSULTORIA DE ITAJUBA,FABIO FAVARETTO,IEPG,10/8/2017,10/8/2018,SIM, R$ -   , R$ -   
23088.014335/2017-44,2017,PROCEDIMENTOS PARA TESTE DE USABILIDADE,ANA PAULA SIQUEIRA SILVA DE ALMEIDA,IESTI,1/8/2017,20/2/2018,SIM," R$ 2.500,00 "," R$ 2.500,00 "
23088.015890/2017-93,2017,SEMANA DE TECNOLOGIAS AERONAUTICAS (STA),PATRICIA SILVA LOPES ALEXANDRINO,IEM,28/8/2017,2/9/2017,SIM, R$ -   , R$ -   
23088.008481/2017-31,2017,FASE REGIONAL DA MARATONA DE PROGRAMACAO,ROBERTO AFFONSO DA COSTA JUNIOR,IESTI,9/9/2017,9/9/2017,SIM, R$ -   , R$ -   
23088.010850/2017-55,2017,ENEDS -  ENCONTRO NACIONAL DE ENGENHARIA E DESENVOLVIMENTO SOCIAL,LUIZ FELIPE SILVA,IRN,17/10/2017,20/10/2017,SIM," R$ 56.127,00 ", R$ -   
23088.015267/2017-31,2017,CAPACITACAO EM AMBIENTE VIRTUAL PARA EAD,ANA PAULA SILVA FIGUEIREDO,IRN,12/6/2017,19/8/2017,SIM, R$ -   , R$ -   
23088.015115/2017-58,2017,"PARTICIPACAO EM PROGRAMA DE FORMACAO E CAPACITACAO EM INOVACAO DE PROCESSOS DE FINANCAS CORPORATIVAS, CONTABILIDADE GERENCIAL E VALORACAO DE EMPRESAS (VALUATION) A SER REALIZADO PELA FUPAI",CLEBER GONCALVES JUNIOR,IEPG,14/8/2017,18/8/2017,SIM," R$ 5.750,00 "," R$ 3.205,13 "
23088.0012702/2017-15,2017,SEMANA DE ENGENHARIA DE MATERIAIS,GERSON AVELINO FERNANDES,IEM,23/5/2017,14/8/2017,SIM, R$ -   , R$ -   
23088.015988/2017-41,2017,PARTICIPACAO EM FORMACAO E CAPACITACAO EM INOVACAO DE PROCESSOS PARA DESENVOLVIMENTO DE EAD COM CONCEITOS DE ENGENHARIA EM SISTEMAS ELETRICOS DE DISTRIBUICAO,MARCOS VINICIUS XAVIER DIAS,ISEE,13/4/2017,16/1/2019,SIM," R$ 286.207,56 "," R$ 77.805,33 "
23088.016243/2017-07,2017,OFICINA PILOTO DE ENGENHARIA QUIMICA: ADEQUACAO E RESTAURACAO DE TROCADORES DE CALOR CASCO E TUBO,HUGO PERAZINNI,IRN,1/9/2017,1/3/2018,SIM, R$ -   , R$ -   
23088.016247/2017-87,2017,OFICINA PILOTO DE ENGENHARIA QUIMICA: CONSTRUCAO DE UM VISCOSIMETRO DE STOKES,HUGO PERAZINNI,IRN,1/9/2017,1/3/2018,SIM, R$ -   , R$ -   
23088.016253/2017-34,2017,OFICINA PILOTO DE ENGENHARIA QUIMICA: ADEQUACAO E RESTAURACAO DE TROCADOR DE CALOR TURBULAR,HUGO PERAZINNI,IRN,1/9/2017,1/3/2018,SIM, R$ -   , R$ -   
23088.016875/2017-62,2017,DESENVOLVIMENTO DE UMA ESTRUTURA PARA TESTES NO SISTEMAS DE CONTROLE DE UM EQUIPAMENTO MULTINIVEL PARA MITIGACAO HARMONICA,LUIZ EDUARDO BORGES DA SILVA,IESTI,1/9/2017,30/4/2018,SIM," R$ 57.600,00 "," R$ 50.400,00 "
23088.016914/2017-21,2017,SIMULACAO DA INTRODUCAO DE UM EQUIPAMENTO SERIE EM SISTEMAS DE DISTRIBUICAO,LUIZ EDUARDO BORGES DA SILVA,IESTI,1/9/2017,30/4/2018,SIM," R$ 57.600,00 "," R$ 50.400,00 "
23088.017318/2017-69,2017,DISSEMINACAO DE INFORMACÕES NO AMBITO DOCENTE  DA UNIFEI SOBRE O MOSQUITO AEDES AEGYPTI E AS DOENCAS POR ELE TRANSMITIDAS,DANIELA ROCHA TEIXEIRA RIONDET COSTA,IRN,7/3/2017,27/6/2017,SIM, R$ -   , R$ -   
23088.017359/2017-55,2017,OFICINAS DE GERACAO DE SABAO A PARTIR DE OLEO DE COZINHA USADO NAS REPUBLICAS ESTUDANTIS DE ITAJUBA - MG,DANIELA ROCHA TEIXEIRA RIONDET COSTA,IRN,7/3/2017,27/6/2017,SIM, R$ -   , R$ -   
23088.017360/2017-80,2017,COMBATE AO MOSQUITO AEDES AEGYPTI NA UNIFEI - ALUNOS,DANIELA ROCHA TEIXEIRA RIONDET COSTA,IRN,7/3/2017,27/6/2017,SIM, R$ -   , R$ -   
23088.017646/2017-65,2017,CURSO DE CAPACITACAO EM MOOC,CLAUDIO KIRNER,IMC,12/9/2017,23/11/2017,SIM, R$ -   , R$ -   
23088.017717/2017-20,2017,INCENTIVO À LEITURA COMO FORMA DE DESENVOLVIMENTO LOCAL,DANIELA ROCHA TEIXEIRA RIONDET COSTA,IRN,17/4/2017,4/7/2017,SIM, R$ -   , R$ -   
23088.017718/2017-74,2017,PROJETO COMPOSTEIRA NA ESCOLA MUNICIPAL SAO SEBASTIAO - ITAJUBA MG,DANIELA ROCHA TEIXEIRA RIONDET COSTA,IRN,7/3/2017,27/6/2017,SIM, R$ -   , R$ -   
23088.017793/2017-35,2017,CONCIENTIZACAO DO USO DA AGUA PARA ALUNOS DO ENSINO FUNDAMENTAL 1,DANIELA ROCHA TEIXEIRA RIONDET COSTA,IRN,7/3/2017,27/6/2017,SIM, R$ -   , R$ -   
23088.017807/2017-11,2017,"PROJETO MEIO AMBIENTE: A IMPORTANCIA DA RECICLAGEM, DA REUTILIZACAO, DA REDUCAO E DA RECUPERACAO PARA O NOSSO PLANETA",DANIELA ROCHA TEIXEIRA RIONDET COSTA,IRN,7/3/2017,27/6/2017,SIM, R$ -   , R$ -   
23088.017809/2017-18,2017,"PROJETO DE EXTENSAO PARA SENSIBILIZACAO DOS ALUNOS DE UMA ESCOLA MUNICIPAL RURAL DE ITAJUBA - MG, A RESPEITO DA SEPARACAO E DESTINACAO AMBIENTALMENTE ADEQUADA DOS RESIDUOS DOMESTICOS",DANIELA ROCHA TEIXEIRA RIONDET COSTA,IRN,17/4/2017,4/7/2017,SIM, R$ -   , R$ -   
23088.017724/2017-21,2017,HORTA ESCOLAR,DANIELA ROCHA TEIXEIRA RIONDET COSTA,IRN,7/3/2017,27/6/2017,SIM, R$ -   , R$ -   
23088.017965/2017-71,2017,CODE WEEK,THATYANA DE FARIA PIOLA SERAPHIM,IESTI,16/10/2017,22/10/2017,SIM, R$ -   , R$ -   
23088.018000/2017-03,2017,O QUITRUPE EM CENA: DIVULGACAO CIENTIFICA POR MEIO DO TEATRO,JANE RAQUEL SILVA DE OLIVEIRA,IFQ,1/6/2017,30/12/2017,SIM, R$ -   , R$ -   
23088.017904/2017-11,2017,DESENVOLVIMENTO DE ANALISE E CALCULO ESTRUTURAL PRELIMINAR EM FEM PARA UMA PECA DE APLICACAO NA AREA DE OLEO E GAS,ANTONIO CARLOS ANCELOTTI JUNIOR,IEM,18/9/2017,28/2/2019,SIM," R$ 55.000,00 "," R$ 55.000,00 "
23088.017910/2017-61,2017,DESENVOLVIMENTO DE PROTOTIPOS DE INSERTOS EM COMPOSITO PEEK/CARBONO,ANTONIO CARLOS ANCELOTTI JUNIOR,IEM,18/9/2017,18/2/2018,NÃO," R$ 60.600,00 ",
23088.015051/2017-75,2017,PARTICIPACAO NO CURSO DE CURTA DURTACAO - QPSE - QUALIDADE DE ENERGIA ELETRICA,JOSE MARIA DE CARVALHO FILHO,ISEE,13/3/2017,17/3/2017,SIM, R$ -   ," R$ 51.865,00 "
23088.017260/2017-53,2017,"CARACTERIZACAO DA CONDUTIVIDADE TERMICA, ELETRICA E MICROESTRUTURAL DE MATERIAIS",MARIA VIRGINIA GELFUSI,IEM,1/9/2017,30/8/2019,SIM," R$ 15.500,00 "," R$ 1.538,12 "
23088.018139/2017-79,2017,APLICACAO DE TECNICAS BIG DATA EM DADOS GERADOS POR SISTEMAS DE TELEMETRIA E GERENCIAMENTO DE OPERACOES DE CAMPO ,BRUNO TARDIOLE KUEHNE,IESTI,1/9/2017,28/2/2019,NÃO," R$ 29.865,00 ",
23088.015958/2017-34,2017,EQUIPE UAI!RRIOR DE ROBOTICA,TALES CLEBER PIMENTA,IESTI,22/8/2017,22/8/2018,SIM," R$ 52.500,00 "," R$ 10.000,00 "
23088.013984/2017-28,2017,PARTICIPACAO NO CURSO DE CURTA DURACAO - QPSE - METIDOS COMPUTACIONAIS APLICADOS E SISTEMAS ELETRICOS,BENEDITO ISAIAS DE LIMA LOPES,ISEE,6/6/2016,10/6/2016,SIM, R$ -   ," R$ 8.795,66 "
23088.014211/2017-69,2017,PARTICIPACAO NO CURSO DE CURTA DURACAO – QPSE – ESTABILIDADE E DINAMICA DE SISTEMAS ELETRICOS,MAURICIO CAMPOS PASSARO,ISEE,24/7/2017,28/7/2017,SIM," R$ 8.395,66 "," R$ 8.430,84 "
23088.017611/2017-26,2017,PARTICIPACAO EM CURSO DE CURTA DURACAO EM TERMOGRAFIA INFRAVERMELHA,GUILHERME SOUSA BASTOS,IESTI,23/8/2017,25/10/2017,SIM, R$ -   ," R$ 77.444,49 "
23088.013966/2017-46,2017,PROJETO “SIMUAULAS”,BENEDITO DONIZETI BONATTO,ISEE,31/7/2017,15/9/2017,SIM, R$ -   , R$ -   
23088.019634/2017-75,2017,PARTICIPACAO EM CURSO DE CURTA DURACAO EM MANUTENCAO EM TRANSFORMADORES,ROSSANO GIMENES,IFQ,26/9/2017,29/9/2017,SIM," R$ 1.367,52 "," R$ 2.051,28 "
23088.019664/2017-81,2017,ESTUDO DE CARGAS E RESISTENCIA PARA IMPLANTACAO DE PORTICO METALICO,GERALDO LUCIO TIAGO FILHO,IRN,21/7/2017,29/10/2017,SIM," R$ 9.700,00 "," R$ 11.341,25 "
23088.016176/2017-12,2017,ENSAIO DE EFICENCIA DE BOMBAS CENTRIFUGAS,ROBERTO ALVES DE ALMEIDA,IRN,1/7/2017,31/12/2017,SIM," R$ 111.780,00 "," R$ 199.795,26 "
23088.019538/2017-27,2017,GRUPOS COLABORATIVOS NA FORMACAO DE PROFESSORES: CONSTRUINDO PRATICAS INOVADORAS NO ENSINO DE CIENCIAS E MATEMATICA,JOAO RICARDO NEVES DA SILVA,IFQ,21/8/2017,4/12/2017,SIM, R$ -   , R$ -   
23088.020265/2017-63,2017,MINICUESO DE INTRODUCAO À LATEX,THATYANA DE FARIA PIOLA SERAPHIM,IESTI,14/10/2017,21/10/2017,SIM, R$ -   , R$ -   
23088.020398/2017-30,2017,ELABORACAO DE MAPAS COM AS MANCHAS DE INUNDACAO DO MUNICIPIO DE SANTA RITA DO SAPUCAI,ANA PAULA MONI SILVA,IRN,16/10/2017,31/12/2017,SIM, R$ -   , R$ -   
23088.020464/2017-71,2017,CURSO: A DIFRACAO DE RAIOS X APLICADA À CARACTERIZACAO DE MATERIAIS,GEOVANI RODRIGUES,IEM,30/10/2017,15/12/2017,SIM, R$ -   , R$ -   
23088.019391/2017-75,2017,WORKSHOP PROJETO SEMESTRAL 2017,LOURIVAL JORGE MENDES NETO,IEM,15/10/2017,4/12/2017,NÃO," R$ 2.000,00 ",
23088.020312/2017-79,2017,PARTICIPACAO EM CURSO DE CURTA DURACAO QPSE - MODULO CONFIABILIDADE DOS SISTEMAS ELETRICOS,JOAO GUILHERME DE CARVALHO  COSTA,ISEE,2/10/2017,6/10/2017,SIM," R$ 6.400,00 "," R$ 6.781,85 "
23088.014560/2017-81,2017,PARTICIPACAO NO CURSO DE CURTA DURACAO - QPSE ANALISE DE SISTEMA DE POTENCIA,CLAUDIO FERREIRA,ISEE,27/6/2016,1/7/2016,SIM, R$ -   ," R$ 12.995,66 "
23088.021104/2017-97,2017,VIVENCIA EM LABORATORIO DE MICROBIOLOGIA VOLTADA PARA ESTUDANTES DE NIVEL TECNICO,MARCELO CHUEI MATSUDO,IRN,1/11/2017,10/11/2017,SIM, R$ -   , R$ -   
23088.019639/2017-06,2017,II SEMANA DA ESPERANCA,PAULO FERNANDO RIBEIRO ,ISEE,6/11/2017,10/11/2017,SIM, R$ -   , R$ -   
23088.021197/2017-50,2017,JAVA WEB,THATYANA DE FARIA PIOLA SERAPHIM,IESTI,21/10/2017,14/11/2017,SIM, R$ -   , R$ -   
23088.007805/2017-13,2017,CURSO ASSISTENCIAL THEODOMIRO SANTIAGO - CATS,EDMILSON MARMO MOREIRA,IESTI,1/4/2017,31/12/2017,SIM, R$ -   , R$ -   
23088.021855/2017-11,2017,ANALISE DE DESEMPENHO DE EMPRESAS DE DISTRIBUICAO,EDUARDO CRESTANA GUARDIA,ISEE,20/10/2017,31/7/2018,SIM," R$ 80.892,00 "," R$ 89.280,00 "
23088.018544/2017-67,2017,PROJETOS DE ENGENHARIA DE PRODUCAO,LOURIVAL JORGE MENDES NETO,IEM,31/7/2017,1/12/2017,SIM, R$ -   , R$ -   
23088.021972/2017-77,2017,FUNDACAO ROBOK,LEONARDO BRESEGHELLO ZOCCAL,IESTI,30/10/2017,30/10/2018,SIM, R$ -   , R$ -   
23088.022948/2017-55,2017,ENSAIOS DE LABORATORIAIS - ANANLISE TERMICA E REOLOGICA,ANTONIO CARLOS ANCELOTTI JUNIOR,IEM,6/11/2017,17/11/2018,SIM," R$ 33.101,00 "," R$ 33.101,00 "
23088.023227/2017-62,2017,PARTICIPACAO NO CURSO DE CURTA-DURACAO - OPERACAO DE CENTRAIS TERMELETRICAS ,OSVALDO JOSE VENTURINI,IEM,27/11/2017,1/12/2017,SIM," R$ 35.197,10 "," R$ 40.426,72 "
23088.023613/2017-54,2017,PARTICIPACAO NO CURSO DE CURTA DURACAO - VENTILACAO INDUSTRIAL,OSVALDO JOSE VENTURINI,IEM,18/12/2017,22/12/2017,SIM," R$ 28.766,62 "," R$ 29.275,60 "
23088.023615/2017-43,2017,PARTICIPACAO NO CURSO DE CURTA DURACAO - GERACAO TERMICA I,OSVALDO JOSE VENTURINI,IEM,23/10/2017,27/10/2017,SIM," R$ 6.929,62 "," R$ 6.929,62 "
23499.001106/2017-28,2017,III SEPROD - TERCEIRA SEMANA DE ENGENHARIA DE PRODUCAO,HENRIQUE DUARTE CARVALHO,ITABIRA,8/5/2017,27/10/2017,SIM, R$ -   , R$ -   
23499.001698/2017-88,2017,PASTOREIO UNIVERSITARIO II : VIVENCIA DA ESPIRUTUALIDADE CRISTA,RENATA DOS SANTOS,ITABIRA,19/2/2018,19/2/2019,SIM, R$ -   , R$ -   
23499.000644/2017-03,2017,"IV SEMANA DE ENGENHARIA ELETRICA, AUTOMACAO E CONTROLE",IVAN PAULO DE FARIA,ITABIRA,15/5/2017,15/9/2017,SIM, R$ -   , R$ -   
23088.019730/2017-13,2017,"DESENVOLVIMENTO DE PESQUISA APLICADA PARA A CONFECCAO DE LEVANTAMENTO PLANIALTIMETRICO, MODELO DIGITAL DE TERRENO E MOISAICO DIGITAL DA CIDADE DE ITAMONTE",BENEDITO CLAUDIO DA SILVA,IRN,17/10/2017,30/9/2018,SIM," R$ 65.000,00 "," R$ 67.304,11 "
23088.020651/2017-55,2017,CAMPEONATO DE CUBO MAGICO - ETAPA NACIONAL,FREDERICO OLIVEIRA PASSOS,ISEE,10/3/2018,11/3/2018,SIM, R$ -   , R$ -   
23088.023520/2017-20,2017,CURSO QPSE – ESTABILIDADE E DINAMICA DE SISTEMAS ELETRICOS II,BENEDITO ISAIAS DE LIMA LOPES,ISEE,21/8/2017,25/8/2017,SIM," R$ 5.520,00 "," R$ 5.181,85 "
23088.023528/2017-96,2017,PARTICIPACAO NO CURSO DE CURTA DURACAO – INTERACAO DO GERADOR AO SISTEMA ELETRICO,ZULMAR SOARES MACHADO JUNIOR ,ISEE,21/8/2017,25/8/2017,SIM," R$ 5.520,00 "," R$ 5.048,15 "
23088.024127/2017-53,2017,PARTICIPACAO NO CURSO DE CURTA DURACAO – AJUSTES DE PARAMETROS DE RELES DE PROTECAO,PAULO MARCIO DA SILVEIRA,ISEE,7/11/2017,9/11/2017,SIM," R$ 9.880,05 "," R$ 12.123,42 "
23088.024134/2017-55,2017,PARTICIPACAO NO CURSO DE CURTA DURACAO – AJUSTES DE PARAMETROS DE RELES DE PROTECAO (IN COMPANY),PAULO MARCIO DA SILVEIRA,ISEE,27/11/2017,1/12/2017,SIM," R$ 15.204,27 "," R$ 17.809,99 "
23088.024183/2017-98,2017,PARTICIPACAO NO CURSO DE CURTA DURACAO – PROTECAO DE SISTEMAS ELETRICOS,PAULO MARCIO DA SILVEIRA,ISEE,23/10/2017,27/10/2017,SIM," R$ 15.078,28 "," R$ 15.078,28 "
23088.024185/2017-87,2017,PARTICIPACAO NO CURSO DE CURTA DURACAO – QUALIDADE DA ENERGIA ELETRICA,PAULO MARCIO DA SILVEIRA,ISEE,20/11/2017,24/11/2017,SIM," R$ 14.973,30 "," R$ 14.973,30 "
23088.024409/2017-51,2017,PARTICIPACAO NO CURSO DE CURTA DURACAO - INSTRUMENTACAO INSDUSTRIAL,EDSON DA COSTA BORTONI,ISEE,16/10/2017,20/10/2017,SIM, R$ -   ," R$ 10.322,56 "
23499.001360/2016-45,2016,CLUBE DE XADREZ,GILBERTO DUARTE CUZZUOL,ICPA,5/10/2016,10/12/2016,SIM, R$ -   , R$ -   
23088.002063/2018-11,2018,BEYOND ROCKET DESING,ANTONIO AUGUSTO ARAUJO PINTO DA SILVA,IRN,1/1/2018,31/12/2018,SIM, R$ -   ," R$ 10.000,00 "
23088.002223/2018-21,2018,PROJETO CHEETAH E-RACING DE FORMULA SAE ELETRICO,JULIANA CAMINHA NORONHA,IEPG,30/1/2018,29/1/2019,SIM, R$ -   , R$ -   
23088.002318/2018-45,2018,DESENVOLVIMENTO DE PESQUISA APLICADA PARA A ELABORACAO DOS ESTUDOS PARA IMPLANTACAO DE UMA NOVA POLICLINICA MUNICIPAL,GERALDO LUCIO TIAGO FILHO,IRN,26/1/2018,26/4/2018,SIM," R$ 45.767,14 "," R$ 41.100,00 "
23088.001813/2018-37,2018,EQUIPE UIRA - PROJETO SAE AERODESING,YOHAN ALI DIAZ MENDEZ,IEM,21/11/2018,30/1/2019,SIM, R$ -   ," R$ 10.000,00 "
23088.023618/2017-87,2017,PARTICIPACAO NO CURSO DE CURTA DURACAO - QPSE 2017 - GERACAO TERMICA II,OSVALDO JOSE VENTURINI,IEM,6/3/2017,10/3/2017,SIM," R$ 10.158,35 "," R$ 10.158,36 "
23088.024868/2017-34,2017,TESTE DE USABILIDADE PARA EQUIPAMENTO DE TERAPIA A LASER DIODO,ANA PAULA SIQUEIRA SILVA DE ALMEIDA,IESTI,13/12/2017,20/2/2018,SIM," R$ 5.000,00 ", R$ -   
23088.000654/2018-53,2018,PROPOSTA E ANALISE DO GERENCIAMENTO DE RISCO NO SISTEMA DE GESTAO DA QUALIDADE - TRANSICAO DA NORMA NBR ISO 9001:2008 PARA A NBR ISO 9001:2015 - ENFASE NA REDUCAO DE REGISTROS E DOCUMENTACAO POR MEIO DO DESENVOLVIMENTO E IMPLANTACAO DE SISTEMA DE TESTE E RASTREABILIDADE AUTOMATIZADOS PARA AS LINHAS DE PRODUCAO - PARTE DO PROJETO DE PESQUISA MODELO AUTOMATIZADO DE MEDICAO E MONITORAMENTO DO SISTEMA DE GESTAO DA QUALIDADEE RASTREABILIDADE AUTOMATIZADOS PARA AS LINHAS DE PRODUCAO - PARTE DO PROJETO DE PESQUISA MODELO AUTOMATIZADO DE MEDICAO E MONITORAMENTO DO SISTEMA DE GESTAO DA QUALIDADE,CARLOS EDUARDO SANCHES DA SILVA,IEPG,15/1/2018,31/8/2018,SIM," R$ 8.500,00 "," R$ 8.500,00 "
23088.001095/2018-07,2018,OFICINA PILOTO DE ENGENHARIA QUIMICA: INTERACAO COM A REDE PUBLICA DE ENSINO DO MUNICIPIO DE ITAJUBA,HUGO PERAZINNI,IRN,1/2/2018,1/8/2018,SIM, R$ -   , R$ -   
23088.001094/2018-54,2018,BENEFICIOS E POTENCIAIS RISCOS DE PLANTAS ORNAMENTAIS EM AMBIENTES ESCOLARES,KATIUCIA DIAS FERNANDES,IRN,1/6/2016,23/10/2017,SIM, R$ -   , R$ -   
23088.001043/2018-22,2018,ENSAIOS ELETRICOS,ESTACIO TAVARES WANDERLEY NETO,ISEE,1/1/2018,31/06/18,SIM," R$ 51.000,00 "," R$ 50.972,52 "
23088.001178/2018-98,2018,PROJETO ARQUITETONICO E COMPLEMENTARRES PARA EXECUCAO DE OBRA PREDIAL NA PAROQUIA SAO BENEDITO/ITAJUBA-MG,PAULO CESAR GONCALVES,IRN,5/12/2017,30/1/2019,SIM, R$ -   , R$ -   
23088.001528/2018-16,2018,CONTRATO DE REVISAO TECNICA EM LIVRO COM CESSAO DE DIREITOS AUTORAIS,BENEDITO DONIZETI BONATTO,ISEE,1/3/2018,8/11/2018,SIM," R$ 14.652,00 ",
23088.001679/2018-74,2018,COYOTES MOTORACING UNIFEI,PAULO PEREIRA JUNIOR,IEM,1/1/2018,31/12/2018,SIM," R$ 9.268,72 "," R$ 9.268,72 "
23088.001679/2018-74,2018,COYOTES MOTORACING UNIFEI,ANTONIO CARLOS ANCELOTTI JUNIOR,IEM,1/1/2018,31/12/2018,SIM, R$ -   , R$ -   
23088.001749/2018-94,2018,CURSO ASSISTENCIAL THEODOMIRO SANTIAGO - CATS,EDMILSON MARMO MOREIRA,IESTI,19/3/2018,14/12/2018,SIM," R$ 5.191,94 ",
23088.00473/2018-27,2018,FISCALIZACAO DE APURACAO DOS INDICADORES DE QUALIDADE DE SERVICO NA CONCESSIONARIA DE DISTRIBUICAO DE ENERGIA ELETRICA - COCEL - UNIFEI ,ROBERTO AKIRA YAMACHITA,ISEE,28/8/2017,31/1/2018,SIM, R$ -   , R$ -   
23088.024393/2017-86,2018,ECOVEICULO,JOSE HAMILTON CHAVES GORGULHO JUNIOR,IEPG,1/1/2018,31/12/2018,SIM, R$ -   , R$ -   
23088.001817/2018-15,2018,AEROESCOLA,JESUS ANTONIO GARCIA SANCHEZ,IEM,1/3/2018,31/12/2018,SIM, R$ -   , R$ -   
23088.001877/2018-38,2018,CURSOS EAD DE CURTA DURACAO,RITA DE CASSIA MAGALHAES TRINDADE STANO,IEPG,29/1/2018,30/7/2018,SIM, R$ -   , R$ -   
23088.002097/2018-13,2018,PROJETO FSAE - EQUIPE CHEETAH RACING,BRUNO SILVA DE SOUSA,IEM,1/1/2018,31/12/2018,SIM," R$ 10.000,00 ",
23088.002197/2018-31,2018,PROJETO BAJA- EQUIPE SACI,DIEGO MAURICIO YEPES MAYA,IEM,1/1/2018,31/12/2018,SIM, R$ -   , R$ -   
23088.002542/2018-37,2018,DESENVOLVIMENTO DE PESQUISA APLICADA PARA A ELABORACAO DE PLANO DIRETOR,GERALDO LUCIO TIAGO FILHO,IRN,1/2/2018,1/2/2019,SIM," R$ 92.220,00 "," R$ 71.770,00 "
23088.019727/2017-08,2017,CHEETAH RACING UNIFEI,BRUNO SILVA DE SOUSA,IEM,1/1/2017,31/12/2017,SIM, R$ -   , R$ -   
23088.001439/2018-70,2018,DESENVOLVIMENTO E APERFEICOAMENTO DE MODULOS DE RADIO PARA INTERNET DAS COISAS,DANILO HENRIQUE SPADOTI,IESTI,23/1/2018,30/5/2019,SIM," R$ 12.000,00 "," R$ 22.937,29 "
23088.001195/2018-25,2018,ENSAIOS ELETRICOS EM TRANSFORMADORES,ESTACIO TAVARES WANDERLEY NETO,ISEE,1/1/2018,31/12/2018,SIM," R$ 225.600,00 "," R$ 16.209,25 "
23088.002669/2018-56,2018,PARTICIPACAO NO CURSO DE CURTA DURACAO - INSTRUMENTO DE MEDICAO E CALIBRACAO,EDSON DA COSTA BORTONI,ISEE,19/9/2017,20/9/2017,NÃO," R$ 12.222,55 "," R$ 12.222,55 "
23499.000431/2017-73,2018,LOTS AERODESING,RUBEN ALEXIS MIRANDA CARRILHO,ITABIRA,10/4/2017,1/9/2017,SIM, R$ -   , R$ -   
23499.001031/2017-85,2018,CURSO PREPARATORIO PARA ENEM,EVANDRO AUGUSTO DE MORAIS,ITABIRA,14/8/2017,3/12/2017,SIM, R$ -   , R$ -   
23499.001071/2017-27,2018,SEMECO - SEMANA DA ENGENHARIA DE COMPUTACAO,WALTER AOIAMA NAGAI,ITABIRA,15/5/2017,1/9/2017,SIM, R$ -   , R$ -   
23499.001087/2017-30,2018,PRODUCAO DE MATERIAL DIDATICO SOBRE CARLOS DRUMOND PARA EDUCACAO BASICA,RICARDO SHITSUKA,ITABIRA,14/9/2017,11/12/2017,SIM, R$ -   , R$ -   
23499.001168/2017-30,2018,CURSO ACLS PARA A REGINAL DO CRM-MG,GUILHERME OLIVEIRA SIQUEIRA,ITABIRA,4/9/2017,1/10/2017,SIM, R$ -   , R$ -   
23499.001592/2017-84,2018,CURSO DE INTRIDUCAO AO ARGIS APLICADO A ANALISES AMBIENTAIS,ELIANE MARIA VIEIRA,ITABIRA,30/11/2017,12/12/2017,SIM, R$ -   , R$ -   
23499.001708/2017-85,2018,DESAFIO DO CONCRETO,CARLOS AUGUSTO DE SOUZA OLIVEIRA,ITABIRA,1/11/2017,29/12/2017,SIM, R$ -   , R$ -   
23499.001475/2016-30,2018,ENACTUS UNIFEI-ITABIRA,FERNANDA RODRIGUES DA SILVA,ITABIRA,31/10/2016,30/6/2017,SIM, R$ -   , R$ -   
23499.001532/2016-81,2018,PASTOREIO UNIVERSITARIO : VIVENCIA DA ESPIRITUALIDADE CRISTA,RENATA DOS SANTOS,ITABIRA,14/11/2016,14/11/2017,SIM, R$ -   , R$ -   
23499.000974/2017-91,2018,PLANETARIO ITINERANTE,EVANDRO AUGUSTO DE MORAIS,ITABIRA,20/2/2017,20/12/2017,SIM, R$ -   , R$ -   
23499.000799/2017-31,2018,PROJETO SOLVEIT! CRIACAO DE UMA PLATAFORMA COMPETITIVA DE RESOLUCAO DE PROBLEMAS REAIS,HENRIQUE DUARTE CARVALHO,ITABIRA,9/6/2017,8/12/2017,SIM, R$ -   , R$ -   
23499.000954/2017-10,2018,4º ARTE - FESTIVAL DE INVERNO DE ITABIRA,JOAO LUCAS SILVA,ITABIRA,16/7/2017,30/7/2017,SIM, R$ -   , R$ -   
23499.000954/2017-10,2018,4º ARTE - FESTIVAL DE INVERNO DE ITABIRA,JULIANO DE ALMEIDA MONTE-MOR,ITABIRA,16/7/2017,30/7/2017,SIM, R$ -   , R$ -   
23499.000973/2017-46,2018,POPESIA E CIENCIA,EVANDRO AUGUSTO DE MORAIS,ITABIRA,1/4/2017,30/12/2017,SIM, R$ -   , R$ -   
23088.021801/2017-48,2017,"IV ENCONTRO DE PESQUISA SOBRE O DESEMVOLVIMENTO, TECNOLOGIAS E SOCIEDADE E ENCONTRO INTERNACIONAL EM PESQUISA SOBRE DESENVOLVIMENTO REGIONAL E ECONOMIA SOCIAL",CARLOS ALBERTO MAXIMO PIMENTA,IFQ,13/11/2017,22/11/2017,SIM, R$ -   , R$ -   
23088.003224/2018-93,2018,TODOS SOMOS LEITORES,CLAUDIA ELIANE DA MATTA,ISEE,7/3/2018,12/12/2018,SIM, R$ -   , R$ -   
23088.003358/2018-12,2018,"12ª EDICAO DA CONFERENCIA DE PEQUENAS CENTRAIS HIDRELETRICAS, MERCADO & MEIO AMBIENTE",GERALDO LUCIO TIAGO FILHO,IRN,7/8/2018,8/8/2018,SIM, R$ -   , R$ -   
23088.003360/2018-83,2018,XIII SEMINARIO DE MEIO AMBIENTE E ENERGIAS RENOVAVEIS - SEMEAR,GERALDO LUCIO TIAGO FILHO,IRN,6/6/2018,7/6/2018,SIM, R$ -   , R$ -   
23499.000536/2017-22,2018,ENGENHEIROS DO FUTURO: UMA PESQUISA-ACAO VISANDO A DIFUSAO DA CIENCIA E ENGENHARIA DE MATERIAIS NO CICLO FUNDAMENTAL E ENSINO DO METODO CIENTIFICO,MARCIO ROBERTO DE FREITAS,ITABIRA,29/5/2017,20/12/2017,SIM," R$ 4.800,00 ",
23499.000492/2017-31,2018,TERCA LITERARIA,FERNANDA RODRIGUES SILVA,ITABIRA,7/4/2017,15/12/2017,SIM, R$ -   , R$ -   
23499.000492/2017-31,2018,TERCA LITERARIA,VINICIUS SOUZA NASCIMENTO,ITABIRA,7/4/2017,15/12/2017,SIM, R$ -   , R$ -   
23499.000302/2017-85,2018,RONDOM ITABIRA,MARCIO TSUYOSHI YASUDA,ITABIRA,2/3/2017,14/12/2017,SIM, R$ -   , R$ -   
23499.000302/2017-85,2018,RONDOM ITABIRA,BIANCA CABRAL CALDEIRA,ITABIRA,2/3/2017,14/12/2017,SIM, R$ -   , R$ -   
23499.000378/2017-19,2018,CAFE AMBIENTAL,BIANCA CABRAL CALDEIRA,ITABIRA,27/4/2017,25/10/2017,SIM, R$ -   , R$ -   
23499.000550/2017-26,2018,"POPTEC POPULARIZACAO DE CONCEITOS E TECNOLOGIAS DE GERACAO DE ENERGIA COM FONTES RENOVAVEIS E EFICIENCIA ENERGETICA, EM ESCOLAS DE ENSINO MEDIO DE ITABIRA - MG",RAFAEL BALBINO CARDOSO,ITABIRA,1/5/2017,19/12/2017,SIM, R$ -   , R$ -   
23499.000646/217-94,2018,V COMPETICAO DE CARRINHOS DE ROLIMA UNIFEI/ITABIRA,GLAUBER ZERBINI COSTAL,ITABIRA,17/5/2017,5/9/2017,SIM, R$ -   , R$ -   
23499.000748/2017-18,2018,#INCLUDE - SALA VIRTUAL - ECO,SANDRO CARVALHO IZIDORO,ITABIRA,12/6/2017,1/12/2017,SIM, R$ -   , R$ -   
23499.001191/2017-24,2018,UNIFEI PORTAS ABERTAS _ENSINO MEDIO,BIANCA CABRAL CALDEIRA,ITABIRA,31/8/2017,22/9/2017,SIM, R$ -   , R$ -   
23499.001191/2017-24,2018,UNIFEI PORTAS ABERTAS _ENSINO MEDIO,GUILHERME OLIVEIRA SIQUEIRA,ITABIRA,31/8/2017,22/9/2017,SIM, R$ -   , R$ -   
23088.021269/2017-69,2018,PALESTRA MOVIMENTO BRASIL LIVRE,CARLOS EDUARDO CORREA MOLINA,IEM,9/11/2017,9/11/2017,SIM, R$ -   , R$ -   
23499.001749/2017-71,2018,SEMANA DO CURSO DE ENGENHARIA MECANICA - CAMPUS DA UNIFEI GOMIDES,TARCISIO GONCALVES DE BRITO,ITABIRA,6/10/2017,10/11/2017,SIM, R$ -   , R$ -   
23499.001749/2017-71,2018,SEMANA DO CURSO DE ENGENHARIA MECANICA - CAMPUS DA UNIFEI GOMIDES,LUCIANA DE MELO GOMIDES,ITABIRA,6/10/2017,10/11/2017,SIM, R$ -   , R$ -   
23088.007820/2017-17,2017,QUANTO VALE O DINHEIRO PARA OS JOVENS? CONSTRUCAO E CONSOLIDACAO DO CONHECIMENTO DE EDUCACAO FINANCEIRA ENTRE ALUNOS UNIVERSITARIOS,ANDRE LUIZ MEDEIROS,IEPG,1/4/2017,31/12/2017,SIM, R$ -   , R$ -   
23088.014963/2017-20,2018,PRIMEIRO SIMPOSIO DE FISICA TEORICA GIFT,ALEXIS ROA AGUIRRE,IFQ,16/11/2017,18/11/2017,SIM, R$ -   ," R$ 2.370,00 "
23088.005034/2018-19,2018,O MUNDO DA AERONAUTICA - PROJETO DE ESPECIALIDADES AERONAUTICAS,PATRICIA DA SILVA LOPES ALEXANDRINO,IEM,19/3/2018,31/12/2018,SIM," R$ 10.000,00 "," R$ 640,20 "
23088.005364/2018-04,2018,IMPLANTACAO DE UM SISTEMA DE AQUAPONIA NO CAMPUS UNIFEI COM FINS EDUCACIONAIS E DE EMPODERAMENTO SOCIAL PARA O MUNICIPIO DE ITAJUBA,ANDREIA ARANTES BORGES,IRN,19/3/2018,31/12/2018,SIM," R$ 10.000,00 ",
23499.001374/2017-40,2018,CAPOEIRA: PRATICA DE TRANSFORMACAO SOCIAL DO INDIVIDUO,CAROLINA LIPPARELLI MORELLI,ITABIRA,1/3/2018,31/12/2018,SIM," R$ 7.084,00 ",
23088.004726/2018-31,2018,INTEGRAMAT 2018,RICK ANTONIO RISCHER,IMC,27/3/2018,28/3/2018,SIM, R$ -   , R$ -   
23088.004892/2018-38,2018,"COMPARTILHAMENTO DE ESTRUTURAS DE LINHAS DE SUBTRANSMISSAO CLASSES 72,5KV E 145 KV COM REDES DE DISTRIBUICAO DE MEDIA TENSAO CLASSE 15 KV - ESTUDOS DE TRANSITORIOS ELETROMAGNETICOS",GUSTAVO PAIVA LOPES,ISEE,1/4/2018,31/11/18,SIM," R$ 127.876,52 "," R$ 127.876,50 "
23088.001454/2018-18,2018,ENSAIOS ELETRICOS,ESTACIO TAVARES WANDERLEY NETO,ISEE,1/1/2018,31/12/2018,SIM," R$ 319.564,00 "," R$ 38.032,34 "
23088.005647/2018-48,2018,GESTAO DE RESIDUOS INDUSTRIAIS,ROGERIO JOSE DA SILVA,IEM,20/3/2018,31/12/2018,SIM," R$ 9.304,00 ",
23088.005647/2018-48,2018,GESTAO DE RESIDUOS INDUSTRIAIS,ROGERIO JOSE DA SILVA,IEM,20/10/2018,20/10/2018,SIM, R$ -   , R$ -   
23088.005647/2018-48,2018,GESTAO DE RESIDUOS INDUSTRIAIS,ROGERIO JOSE DA SILVA,IEM,29/9/2018,29/9/2018,SIM, R$ -   , R$ -   
23088.005647/2018-48,2018,GESTAO DE RESIDUOS INDUSTRIAIS,ROGERIO JOSE DA SILVA,IEM,10/11/2018,10/11/2018,SIM, R$ -   , R$ -   
23088.005527/2018-41,2018,"PROGRAMA DE FORMACAO INICIAL E CONTINUADA DE PROFESSORES EM CIENCIAS, MATEMATICA E SAUDE: UMA PROPOSTA DE ACÕES COLOBORATIVAS EM PARCERIA COM PROFESSORES DE EDUCACAO BASICA",ELIANE MATESCO CRISTOVAO,IMC,19/3/2018,31/12/2018,SIM, R$ -   , R$ -   
23088.005765/2018-56,2018,ONG ENGENHEIROS DA ALEGRIA ,ANA PAULA MONI SILVA,IRN,1/3/2018,31/12/2018,SIM," R$ 2.457,50 "," R$ 2.227,69 "
23088.005869/2018-61,2018,PROJETO AQUECEDOR SOLAR SUSTENTAVEL,DANIELE ORNAGHI SANT’ANNA,IRN,11/4/2018,31/12/2018,SIM," R$ 4.460,08 "," R$ 3.200,00 "
23088.004718/2018-95,2018,SEMINARIOS GFIT 2018,ALEXIS ROA AGUIRRE,IFQ,14/3/2018,30/11/2018,SIM, R$ -   , R$ -   
23088.005228/2018-14,2018,QUANTO VALE O DINHEIRO PARA OS JOVENS? CONSTRUCAO E CONSOLIDACAO DO CONHECIMENTO DE EDUCACAO FINANCEIRA ENTRE ALUNOS UNIVERSITARIOS,ANDRE LUIZ MEDEIROS,IEPG,19/3/2018,31/12/2018,SIM," R$ 9.992,00 "," R$ 9.992,00 "
23088.006037/2018-61,2018,FORTALECIMENTO E AMPLIACAO DO PROGRAMA DE INCUBACAO TECNOLOGICA DE COOPERATIVAS POPULARES DE ITAJUBA (INTECOOP),CARLOS EDUARDO CORREA MOLINA,IEM,19/3/2018,31/12/2018,SIM," R$ 9.600,00 "," R$ 9.600,00 "
23088.004959/2018-34,2018,LEDICAMP: LETRAMENTO DIGITAIS NO CAMPUS,ALESSANDRA RODRIGUES,IFQ,21/3/2018,13/12/2018,SIM," R$ 8.000,00 ",
23088.006226/2018-34,2018,CURSO DE DESIGN DE LOGOTIPOS,ADRIANA PREST MATTEDI,IMC,5/5/2018,31/5/2018,SIM, R$ -   , R$ -   
23088.006226/2018-34,2018,CURSO DE DESIGN DE LOGOTIPOS,ELISA DE CASSIA SILVA RODRIGUES,IMC,5/5/2018,31/5/2018,SIM, R$ -   , R$ -   
23088.006226/2018-34,2018,CURSO DE DESIGN DE LOGOTIPOS,HEVILLA NOBRE CEZAR,IMC,5/5/2018,31/5/2018,SIM, R$ -   , R$ -   
23088.024902/2017-71,2018,PARTICIPACAO NO CURSO DE CURTA DURACAO - OPERACAO E PLANEJAMENTO DE SISITEMAS DE POTENCIA,ROBSON CELSO PIRES,ISEE,11/12/2017,15/12/2017,SIM," R$ 6.781,85 "," R$ 6.781,85 "
23088.005996/2018-60,2018,CURSO DE RESOLUCAO DE CASES,FABIO FAVARETTO,IEPG,21/3/2018,23/3/2018,SIM, R$ -   , R$ -   
23088.006190/2018-99,2018,COLOQUIOS INTERDISCIPLINARES ,EDUARDO HENRIQUE SILVA BITTENCOURT,IFQ,10/5/2018,29/11/2018,SIM," R$ 9.059,10 ",
23088.006374/2018-59,2018,CULTIVAR-TE,ADHIMAR FLAVIO OLIVEIRA,IFQ,19/3/2018,31/12/2018,SIM," R$ 9.999,27 ",
23088.006377/2018-92,2018,PRATICAS INCLUSIVAS NO ENSINO DE CIENCIAS,PALOMA ALINNE ALVES RODRIGUES RUAS,IFQ,1/5/2018,3/12/2018,SIM," R$ 10.000,00 ",
23088.006382/2018-03,2018,QUITRUPE APRESENTA: ALICE CIENTIFICAMENTE COOMPROVADA,JANE RAQUEL SILVA DE OLIVEIRA,IFQ,1/3/2018,31/12/2018,SIM," R$ 10.000,00 "," R$ 10.000,00 "
23088.006429/2018-21,2018,RECUPERACAO DA AREA DE RECARGA DA NASCENTE DO BAIRRO PEDRAO (PEDRALVA/MG) UTILIZADA COMO FONTE DE ABASTECIMENTO DE AGUA PELA COMUNIDADE RURAL,ANA LUCIA FONSECA,IRN,19/3/2018,31/12/2018,SIM," R$ 10.000,00 ",
23499.000566/2017-39,2018,"PROJETO ""RONDON CINQUENTENARIO""",ELCIO FRANKLIN DE ARRUDA,ITABIRA,5/4/2017,31/8/2017,SIM, R$ -   , R$ -   
23499.000738/2017-74,2018,SEMANA DO MEIO AMBIENTE,BIANCA CABRAL CALDEIRA,ITABIRA,5/6/2017,8/6/2017,SIM, R$ -   , R$ -   
23499.000259/2018-39,2018,CURSO DE PREVENCAO RESPIRATORIA,LEONARDO FERREIRA REIS,ITABIRA,26/2/2018,8/3/2018,SIM, R$ -   , R$ -   
23088.005238/2018-41,2018,3ª SEMANA DE EDUCACAO FINANCEIRA PARA ITAJUBA E REGIAO,ANDRE LUIZ MEDEIROS,IEPG,15/5/2018,17/5/2018,SIM, R$ -   , R$ -   
23088.005851/2018-69,2018,EPICS CODERS - MARTONA DE PROGRAMACAO,ROBERTO AFFONSO DA COSTA JUNIOR,IMC,1/1/2018,31/12/2018,SIM," R$ 8.095,44 "," R$ 8.095,44 "
23499.000088/2018-48,2018,MINICURSO DE DESENHO AUXILIADO POR COMPUTADOR,MARCO AURELIO MOURA SURIANI,ITABIRA,5/2/2018,29/6/2018,SIM, R$ -   , R$ -   
23499.000126/2018-62,2018,EQUIPE MOUNTAINBAJA,JOSE CARLOS DE LACERDA,ITABIRA,1/1/2018,31/12/2018,SIM," R$ 10.000,00 ",
23088.004567/2018-51,2018,TECNOLOGIAS EMERGENTES A SERVICO DA APRENDIZAGEM,CLAUDIA ELIANE DA MATTA,ISEE,19/3/2018,31/12/2018,SIM, R$ -   , R$ -   
23499.000331/2018-28,2018,CONJUNTO DE PALESTRAS DA AREA DE ENGENHARIA ELETRICA,ELCIO FRANKLIN DE ARRUDA,ITABIRA,14/3/2018,20/11/2018,SIM, R$ -   , R$ -   
23499.000381/2018-13,2018,LIGA ESTUDANTIL DE EMPREENDEDORISMO & NEGOCIOS (LESTE&NEGOCIOS),LILIAN CAMPOS,ITABIRA,19/3/2018,30/6/2018,SIM, R$ -   , R$ -   
23499.000381/2018-13,2018,LIGA ESTUDANTIL DE EMPREENDEDORISMO & NEGOCIOS (LESTE&NEGOCIOS),HENRIQUE DUARTE CARVALHO,ITABIRA,19/3/2018,30/6/2018,SIM, R$ -   , R$ -   
23499.000394/2018-84,2018,MARE VERDE SOCIAL,MARCIO TSUYOSHI YASUDA,ITABIRA,2/4/2018,17/12/2018,SIM, R$ -   , R$ -   
23088.006406/2018-16,2018,PINT OF SCIENCE FESTIVAL DA CIENCIA,JULIANA FEDOCE LOPES,IFQ,19/3/2018,31/12/2018,SIM," R$ 8.500,00 ",
23088.006812/2018-89,2018,ROBOK - FUTEBOL DE ROBOS,LUIZ LENARTH GABRIEL VERMAAS,IESTI,1/1/2018,31/12/2018,SIM, R$ -   , R$ -   
23499.000450/2017-08,2017,MAQUINAS DE LEONARDA DA VINCI,EDELMA ELETO DA SILVA,ITABIRA,1/5/2017,31/11/17,SIM, R$ -   , R$ -   
23088.006945/2018-55,2018,COLETA SELETIVA - CAMPANHA DE CONSCIENTIZACAO E ENGANJAMENTO DO CIDADAO ITAJUBENSE,JULIANA CAMINHA NORONHA,IEPG,19/3/2018,20/12/2018,SIM, R$ -   , R$ -   
23088.006947/2018-44,2018,ENTRE O SABER E O FAZER DA CULTURA: A FORMACAO DE AGENTES CULTURAIS EM ITAJUBA/MG,ADILSON DA SILVA MELLO ,IEPG,27/3/2018,20/12/2018,SIM, R$ -   , R$ -   
23088.006993/2018-43,2018,PROJETO PLAY - EMPREENDEDORISMO SOCIAL,PAULO HENRIQUE DA SILVA CAMPOS,IEPG,2/4/2018,7/12/2018,SIM, R$ -   , R$ -   
23088.006646/2018-11,2018,AS DOENCAS TEM HOSTORIA,MILTON JOSE ZAMBONI,IMC,19/4/2018,5/7/2018,SIM, R$ -   , R$ -   
23088.006648/2018-18,2018,NEGRITUDES POSSIVEIS,MILTON JOSE ZAMBONI,IMC,18/4/2018,20/6/2018,SIM, R$ -   , R$ -   
23088.007373/2018-21,2018,AIRCRAFT STRUCTURAL ANALYSIS USING THE FINITE ELEMENT METHOD - SHORT COURSE,ROGERIO FRAENDORF DE FARIA COIMBRA,IEM,20/3/2018,30/3/2018,SIM, R$ -   , R$ -   
23088.007540/2018-34,2018,LONGE DE CASA - ANSIEDADE EM PROVAS E APRESENTACÕES,FLAVIA LUDOVICO DE MATOS,DAE,19/6/2018,19/6/2018,PARCIAL, R$ -   , R$ -   
23088.007540/2018-34,2018,LONGE DE CASA - ANSIEDADE EM PROVAS E APRESENTACÕES,LUCIANA DA SILVA CARETTI,DAE,19/6/2018,19/6/2018,PARCIAL, R$ -   , R$ -   
23088.007540/2018-34,2018,LONGE DE CASA - ANSIEDADE EM PROVAS E APRESENTACÕES,THAMIRIS DANIEL DOS SANTOS,DAE,19/6/2018,19/6/2018,PARCIAL, R$ -   , R$ -   
23088.007540/2018-34,2018,LONGE DE CASA - ANSIEDADE EM PROVAS E APRESENTACÕES,FLAVIA LUDOVICO DE MATOS,DAE,18/4/2018,18/4/2018,PARCIAL, R$ -   , R$ -   
23088.007540/2018-34,2018,LONGE DE CASA - ANSIEDADE EM PROVAS E APRESENTACÕES,LUCIANA DA SILVA CARETTI,DAE,18/4/2018,18/4/2018,PARCIAL, R$ -   , R$ -   
23088.007540/2018-34,2018,LONGE DE CASA - ANSIEDADE EM PROVAS E APRESENTACÕES,THAMIRIS DANIEL DOS SANTOS,DAE,18/4/2018,18/4/2018,PARCIAL, R$ -   , R$ -   
23088.007676/2018-44,2018,DEV-U,RAFAEL DE MOURA MOREIRA,IESTI,2/3/2018,31/12/2018,SIM, R$ -   , R$ -   
23088.007676/2018-44,2018,DEV-U,JOAO PAULO REUS RODRIGUES LEITE,IESTI,2/3/2018,31/12/2018,SIM, R$ -   , R$ -   
23088.007833/2018-11,2018,EX MACHINA,ANTONIO CARLOS ANCELOTTI JUNIOR,IEM,1/1/2018,31/12/2018,SIM, R$ -   , R$ -   
23088.007656/2018-73,2018,TIME ENACTUS - ENTREPRENEURIAL ACTION US,LUIZ EUGENIO VENEZIANI PASIN,IEPG,5/2/2018,30/12/2018,SIM, R$ -   , R$ -   
23088.007657/2018-18,2018,EMPREENDEDORISMO SOCIOAMBIENTAL E DESENVOLVIMENTO REGIONAL SUSTENTAVEL COM BASE NA PRODUCAO DE PRODUTOS ORGANICOS,LUIZ EUGENIO VENEZIANI PASIN,IEPG,5/2/2018,30/12/2018,SIM, R$ -   , R$ -   
23499.001374/2017-40,2018,CAPOEIRA  - PRATICA DE TRANSFORMACAO SOCIAL E DO INDIVIDUO,CAROLINA LIPPARELLI MORELLI,ITABIRA,2/10/2017,31/12/2018,SIM, R$ -   , R$ -   
23499.000522/2018-90,2018,MAQUINAS DE LEONARDA DA VINCI 2018,EDELMA ELETO DA SILVA,ITABIRA,27/3/2018,31/12/2018,SIM, R$ -   , R$ -   
23088.006211/2018-76,2018,PROJETO DE COMPETICAO TECNOLOGICA BLACK BEE DRONES,ALEXANDRE CARLOS BRANDAO RAMOS,IMC,26/3/2018,26/3/2019,SIM, R$ -   ," R$ 30.202,80 "
23088.008417/2018-31,2018,MIDIA EM METEOROLOGIA,MARCELO DE PAULA CORREA,IRN,1/3/2018,30/6/2018,SIM, R$ -   , R$ -   
23088.008415/2018-41,2018,CRIACAO DE LABORATORIO VIRTUAL DA ENGENHARIA QUIMICA POR FLUIDODINAMICA COMPUTACIONAL (CFD),MAXIMILIAN JOACHIM HODAPP,IRN,2/5/2018,2/5/2019,SIM, R$ -   , R$ -   
23088.007758/2018-99,2018,CURSO DE GOOGLE APPS,JULIANA CAMINHA NORONHA,IEPG,29/3/2018,29/3/2018,SIM, R$ -   , R$ -   
23088.008628/2018-73,2018,TECNICAS DE DEEP LEARNING,LUIZ EDUARDO BORGES DA SILVA,IESTI,21/5/2018,13/6/2018,SIM, R$ -   , R$ -   
23088.008634/2018-21,2018,MEDICAO DA CONDUTIVIDADE TERMICA,SANDRO MENTREVELLE MARCONDES DE LIMA E SILVA,IEM,1/4/2018,31/12/2018,SIM, R$ -   ," R$ 4.597,70 "
23088.008494/2018-91,2018,EXPOSICAO DE KITS DIDATICOS DE ENERGIAS RENOVAVEIS,BENEDITO DONIZETI BONATTO,ISEE,27/2/2018,28/2/2018,SIM, R$ -   , R$ -   
23499.000412/2017-47,2018,MINI CURSO DE SIMULACAO DE TRAFEGO UTILIZANDO O SOFTWARE AIMSUN,EMERSON JOSE DE PAIVA,ITABIRA,31/3/2017,1/4/2017,SIM, R$ -   , R$ -   
23499.000981/2017-92,2018,LIGA ESTUDANTIL DE EMPREENDEDORISMO & NEGOCIOS,LILIAM CAMPOS,ITABIRA,21/7/2017,1/12/2017,SIM, R$ -   , R$ -   
23499.000981/2017-92,2018,LIGA ESTUDANTIL DE EMPREENDEDORISMO & NEGOCIOS,HENRIQUE DUARTE CARVALHO,ITABIRA,21/7/2017,1/12/2017,SIM, R$ -   , R$ -   
23088.018492/2017-29,2018,PARTICIPACAO NO CURSO DE CURTA DURACAO - QPSE 20017 - ELETRONICA DE POTENCIA APLICADA A SISTEMAS ELETRICOS,RONDINELI RODRIGUES PEREIRA,IESTI,11/9/2017,15/9/2017,SIM, R$ -   ," R$ 10.769,13 "
23088.008182/2018-87,2018,METODOLOGIAS ATIVAS E NOVAS TECNOLOGIAS EDUCACIONAIS NO ENSINO DE CIENCIAS E MATEMATICA: OFICINA NARRATIVAS DIGITAIS,DENISE PEREIRA DE ALCANTARA FERRAZ,IFQ,18/4/2018,30/11/2018,SIM, R$ -   , R$ -   
23499.000486/2018-64,2018,TERCA LITERARIA,FERNANDA RODRIGUES SILVA,ITABIRA,11/4/2018,15/12/2018,SIM, R$ -   , R$ -   
23499.000486/2018-64,2018,TERCA LITERARIA,VINICIUS SOUZA NASCIMENTO,ITABIRA,11/4/2018,15/12/2018,SIM, R$ -   , R$ -   
23088.009191/2018-95,2018,INTRODUCAO AO PYTHON,MAURILIO PEREIRA COUTINHO,IESTI,4/6/2018,6/6/2018,SIM, R$ -   , R$ -   
23499.000376/2018-01,2018,STAR UP WEEKEND MAKER 2018,LILIAN BARROS PEREIRA CAMPOS,ITABIRA,1/12/2018,15/4/2019,SIM, R$ -   , R$ -   
23499.000411/2018-83,2018,ARTESANATO SUSTENTAVEL,MARCIO TSUYOSHI YASUDA,ITABIRA,2/4/2018,17/12/2018,SIM, R$ -   , R$ -   
23499.000412/2018-28,2018,MARE VERDE PARA O ACESSO AO ENSINO SUPERIOR,MARCIO TSUYOSHI YASUDA,ITABIRA,5/4/2018,29/11/2018,SIM, R$ -   , R$ -   
23499.000426/2018-41,2018,MARE VERDE: EDUCANDO PARA O FUTURO,MARCIO TSUYOSHI YASUDA,ITABIRA,2/4/2018,1/12/2018,SIM, R$ -   , R$ -   
23499.000439/2018-11,2018,V SEMANA DA ENGENHARIA ELETRICA AUTOMACAO E CONTROLE (V SEEAC),MARCO AURELIO MOURA SURIANI,ITABIRA,9/4/2018,10/9/2018,SIM, R$ -   , R$ -   
23499.000439/2018-11,2018,V SEMANA DA ENGENHARIA ELETRICA AUTOMACAO E CONTROLE (V SEEAC),ELCIO FRANKLIN DE ARRUDA,ITABIRA,9/4/2018,10/9/2018,SIM, R$ -   , R$ -   
23499.000469/2018-27,2018,VI COMPETICAO DE CARRINHOS DE ROLIMA UNIFEI/ITABIRA,GLAUBER ZERBINI COSTAL,ITABIRA,6/4/2018,5/8/2018,SIM, R$ -   , R$ -   
23499.000470/2018-51,2018,UNIFEI PORTAS ABERTAS ENSINO FUNDAMENTAL 2018,MARTINELLY VIEIRA MARTINS,ITABIRA,5/4/2018,7/6/2018,SIM, R$ -   , R$ -   
23499.000493/2018-66,2018,A QUEIMADA E SEUS IMPACTOR NO MEIO URBANO: ABORDAGENS DIRECIONADAS AO ENSINO FUNDAMENTAL E MEDIO,ROSE MARIE BELARDI,ITABIRA,1/5/2018,31/12/2018,SIM, R$ -   , R$ -   
23499.000513/2018-07,2018,DESENVOLVIMENTO DE UM BLOG E UM CANAL SOBRE ERGONOMIA DA ATIVIDADE,RAONI ROCHA SIMÕES,ICPA,1/3/2018,1/12/2018,SIM, R$ -   , R$ -   
23499.000515/2018-98,2018,1º SEMINARIO INTERNACIONAL DE SAUDE E SEGURANCA DA UNIFEI-ITABIRA,RAONI ROCHA SIMÕES,ITABIRA,1/4/2018,26/4/2018,SIM, R$ -   , R$ -   
23088.009988/2018-92,2018,CINEMA & DEBATE,ROGERIO RODRIGUES,IFQ,28/8/2018,20/11/2018,SIM, R$ -   , R$ -   
23088.024496/2018-27,2018,CURSO DE GOOGLE APPS 2º  EDICAO,ISABEL CRISTINA DA SILVA ARANTES,IEPG,24/5/2018,24/5/2018,SIM, R$ -   , R$ -   
23499.000700/2018-82,2018,CAFE AMBIENTAL,GLAUCIO  MARCELINO MARQUES,ITABIRA,28/5/2018,29/6/2018,SIM, R$ -   , R$ -   
23499.000711/2018-62,2018,ENACTUS UNIFEI-ITABIRA,FERNANDA RODRIGUES DA SILVA,ITABIRA,28/5/2018,4/2/2019,SIM, R$ -   , R$ -   
23499.000401/2018-48,2018,"POPTEC- POPULARIZACAO DE CONCEITOS E TECNOLOGIAS DE GERACAO DE ENERGIA, COM FONTES RENOVAVEUS E EFICIENCIA ENERGETICA EM ESCOLAS DE ENSINO MEDIO DE ITABIRA - MG",RAFAEL BALBINO CARDOSO,ITABIRA,27/4/2018,13/12/2018,SIM," R$ 7.900,00 ",
23499.000761/2018-40,2018,ANALISE DAS CONDICÕES DE TRABALHO NA PRODUCAO DE ALGODAO EM CATUTI MG,LEONARDO FERREIRA REIS,ITABIRA,11/6/2018,15/6/2018,SIM, R$ -   , R$ -   
23088.010527/2018-62,2018,ASTROWORKSHOP: INTRODUCAO A FERRAMENTAS DA ASTROFISICA PARA ALUNOS DE GRADUACAO,HEKTOR STHENOS ALVES MONTEIRO,IFQ,15/7/2018,31/12/2018,SIM, R$ -   ," R$ 600,00 "
23088.015551/2017-15,2018,REVISTA AMAN-TI-KYR: ESTUDOS INTERDISCIPLINARES EM EDUCACAO,ALESSANDRA RODRIGUES,IFQ,21/8/2017,21/8/2018,SIM, R$ -   , R$ -   
23499.001032/2017-20,2018,III SEMOB -  SEMANA DA ENGENHARIA DA MOBILIDADE,CLAUDIO ERNANI MARTINS OLIVEIRA,ITABIRA,1/8/2017,3/10/2017,SIM, R$ -   , R$ -   
23088.008191/2018-78,2018,ENCONTRO DE FORMACAO EM LINGUA BRASILEIRA DE SINAIS LIBRAS,ANA CAROLINA SALES OLIVEIRA,IFQ,27/4/2018,27/4/2018,SIM, R$ -   , R$ -   
23499.000763/2018-39,2018,CPEE - CONGRESSO PESQUISA EXTENSAO E ENSINO,MARCOS ROBERTO DE ABREU ALVES,ITABIRA,1/5/2018,30/4/2019,SIM," R$ 37.248,00 "," R$ 31.476,45 "
23088.011487/2018-76,2018,"PARTICIPACAO EM CURSO DE ESPECIALIZACAO EM ENGENHARIA DE PROCESSOS, PRODUTIVIDADE E QUALIDADE",CARLOS HENRIQUE PEREIRA MELLO,IEPG,9/6/2018,15/12/2018,SIM," R$ 31.377,50 "," R$ 15.911,38 "
23088.011518/2018-99,2018,WRECKING BALL - COMPETICÕES EM CONCRETO,VALQUIRIA CLARET DOS SANTOS,IRN,26/2/2018,7/12/2018,SIM," R$ 10.000,00 "," R$ 15.331,91 "
23499.000737/2018-19,2018,PRODUCAO DE MATERIAL DIDATICO SOBRE CARLOS DRUMOND DE ANDRADE,RICARDO SHITSUKA,ITABIRA,1/6/2018,20/12/2018,SIM, R$ -   , R$ -   
23499.000591/2018-30,2018,IRON RACERS DE FORMULAS SAE 2018,GLAUBER ZERBINI COSTAL,ITABIRA,3/5/2018,2/3/2019,SIM, R$ -   ," R$ 10.000,00 "
23088.011539/2018-12,2018,ALIANCA BIBLICA UNIVERSITARIA DO BRASIL,PAULO FERNANDO RIBEIRO ,ISEE,12/6/2018,12/6/2019,SIM, R$ -   , R$ -   
23088.012104/2018-87,2018,"XIII ENCONTRO REGIONAL DE CATALISE: MINAS GERAIS, PARANA E SAO PAULO",KARINA ARRUDA ALMEIDA,IRN,14/6/2018,14/11/2018,SIM, R$ -   , R$ -   
23088.024639/2017-10,2018,INICIACAO À COMUNICACAO CIENTIFICA,GILBERT SILVA,IEM,28/8/2017,3/12/2017,SIM, R$ -   , R$ -   
23088.005984/2018-35,2018,INSPECAO EM ENSAIOR EM ISOLADORES E TRANSFORMADORES,ESTACIO TAVARES WANDERLEY NETO,ISEE,1/1/2018,30/6/2018,SIM," R$ 14.056,55 "," R$ 52.084,70 "
23088.012345/2018-26,2018,CENTRO DE ESTUDANTES VOLUNTARIOS AMIGOS DE ITAJUBA,LUIZ EUGENIO VENEZIANI PASIN,IEPG,1/2/2018,30/12/2018,SIM, R$ -   , R$ -   
23088.012458/2018-21,2018,"III CURSO DE INTRODUCAO A SISTEMAS FOTOLAICOS: DIMENSIONAMENTO DE SISTEMAS EM E OFF GRID. TREINAMENTO EM BANCADA, ANALISE TECNICO ECONOMICA, ESTUDOS DE CASO E SIMULACAO COMPUTACIONAL EM PVSYST",CHRISTIAN J CORONADO RODRIGUEZ,IEM,20/9/2018,30/11/2018,SIM," R$ 11.885,00 "," R$ 10.130,00 "
23499.000520/2018-09,2018,QUARTA ARTE,FERNANDO NEVES LIMA,IEI,4/6/2018,30/12/2018,SIM, R$ -   , R$ -   
23499.000520/2018-09,2018,QUARTA ARTE,JOAO LUCAS DA SILVA,ICT,4/6/2018,30/12/2018,SIM, R$ -   , R$ -   
23499.000788/2018-32,2018,EQUIPE DESAFIO SAMPE ITABIRA,ANDREZA DE SOUSA ANDRADA,ITABIRA,10/3/2018,10/12/2018,SIM, R$ -   , R$ -   
23088.013127/2018-17,2018,ECONOMIA SOLIDARIA NA PEROBA - ITAJUBA - MG: FORTALECENDO AS PRATICAS DE COMERCIALIZACAO DA AGRICULTURA FAMILIA,VIVIANE GUIMARAES PEREIRA,IEPG,9/7/2018,11/2/2019,SIM, R$ -   , R$ -   
23088.013285/2018-69,2018,TERINAMENTO DE USABILIDADE EM EQUIPAMENTOS MEDICOS - PELOTAS,ANA PAULA SIQUEIRA SILVA DE ALMEIDA,IESTI,21/6/2018,30/10/2018,SIM," R$ 4.180,00 "," R$ 4.513,80 "
23088.013163/2018-72,2018,FLUIR MANDU: EXPRESSÕES CULTURAIS NO BAIRRO SAO GERALDO,CARLOS ALBERTO MAXIMO PIMENTA,IEPG,2/7/2018,20/12/2018,SIM, R$ -   , R$ -   
23088.013744/2018-12,2018,PESQUISA APLICADA DE ANOMALIAS EM ESTRUTURAS DE CONCRETO ARMADO,ADINELE GOMES GUIMARAES,IRN,1/6/2018,30/8/2018,SIM," R$ 8.730,00 "," R$ 8.730,00 "
23088.013752/2018-51,2018,PARTICIPACAO EM CURSO DE CURTA DURACAO EM MANUTENCAO EM TRANSFORMADORES,ROSSANO GIMENES,IFQ,3/7/2018,2/7/2019,SIM," R$ 3.200,00 "," R$ 8.806,84 "
23088.013838/2018-83,2018,ELABORACAO DE ESTUDO SIMPLIFICADO DE GESTAO INTEGRADA DE RESIDUOS SOLIDOS,HERLANE COSTA CALHEIROS,IRN,1/4/2018,30/8/2018,SIM," R$ 12.471,40 "," R$ 14.000,00 "
23088.012233/2018-75,2018,"V ENCONTRO SOBRE DESENVOLVIMENTO, TECNOLOGIAS E SOCIEDADE",DANIELE ORNAGHI SANT’ANNA,IRN,18/6/2018,20/6/2018,SIM, R$ -   , R$ -   
23088.015268/2017-85,2018,WRECKING BALL - COMPETICÕES EM CONCRETO,VALQUIRIA CLARET DOS SANTOS,IRN,20/2/2017,1/12/2017,SIM, R$ -   , R$ -   
23499.001043/2018-91,2018,PROJETO DE APOIO PEDAGOGICO AO COLEGIO TIRADENTES ITABIRA,ELCIO FRANKLIN DE ARRUDA,ITABIRA,13/8/2018,30/11/2018,SIM, R$ -   ," R$ 4.800,00 "
23499.001044/2018-35,2018,CURSO PREPARATORIO PARA ENEM 2018,EVANDRO AUGUSTO DE MORAIS,ITABIRA,13/8/2018,30/11/2018,SIM," R$ 4.800,00 ",
23088.015043/2018-18,2018,"I SIMPOSIO DO MESTRADO PROFISSIONAL EM ADMINISTRACAO - MPA ""OPORTUNIDADES E TENDENCIAS PARA O MESTRADO PROFISSIONAL""",LUIZ EUGENIO VENEZIANI PASIN,IEPG,30/7/2018,31/7/2018,SIM," R$ 3.544,80 "," R$ 3.544,80 "
23088.015286/2018-48,2018,AERACAO DO LAGO DO CAMPUS DA UNIFEI,ROBERTO ALVES DE ALMEIDA,IRN,1/8/2018,10/9/2019,SIM, R$ -   , R$ -   
23088.013408/2018-61,2018,BIOTEC EM FOCO,GUILHERME YOUSSEF RODRIGUEZ,IRN,16/6/2018,17/6/2018,SIM, R$ -   , R$ -   
23088.015784/2018-91,2018,PROJETO DE EDUCACAO AMBIENTAL: HORTA ORGANICA,DANIELA ROCHA TEIXEIRA RIONDET COSTA,IRN,12/4/2018,19/2/2018,SIM, R$ -   , R$ -   
23088.016013/2018-11,2018,DETERMINACAO DA CONDUTIVIDADE TERMICA EM FUNCAO DO NUMERO DE FIOS E TEMPERATURA DE CABOS DE RUTHERFORD,SANDRO MENTREVELLE MARCONDES DE LIMA E SILVA,IEM,10/7/2018,31/12/2018,SIM," R$ 12.000,00 "," R$ 12.000,00 "
23088.015284/2018-59,2018,ESTUDOS AMBIENTAIS RELATIVOS E REVALIDACAO DO LICENCIAMENTO AMBIENTAL DO COMPLEXO DOSDIQUES E CONTENCA DE CHEIAS.,ANA PAULA MONI SILVA,IRN,1/6/2018,1/10/2018,SIM," R$ 43.740,00 "," R$ 43.740,00 "
23088.015285/2018-01,2018,ELABORACAO DE PLANO DIRETOR,BENEDITO CLAUDIO DA SILVA,IRN,1/6/2018,1/10/2018,SIM," R$ 89.640,00 "," R$ 86.238,00 "
23088.015858/2018-99,2018,"ENSAIOS PARA CARACTERIZACAO DE MATERIAIS - ANALISE TERMICA, REOLOGICA, FISICO-QUIMICA, MECANICA E NÃO DESTRUTIVA",ANTONIO CARLOS ANCELOTTI JUNIOR,IEM,1/8/2018,21/12/2018,NÃO," R$ 50.275,00 ",
23088.016082/2018-24,2018,TECNICAS DE DEEP LEARNING - DL 101,LUIZ EDUARDO BORGES DA SILVA,IESTI,20/8/2018,24/8/2018,SIM, R$ -   , R$ -   
23499.000658/2018-08,2018,MARATONA MINEIRA DE PROGRAMACAÕ,ERICK OLIVEIRA RODRIGUES,ITABIRA,10/5/2018,15/12/2018,SIM, R$ -   , R$ -   
23088.016350/2018-16,2018,POR QUE PRECISAMOS DE FOTOPROTECAO DIFERENCIADA NO BRASIL E NA AMERICA LATINA?,MARCELO DE PAULA CORREA,IRN,19/9/2018,19/9/2018,SIM, R$ -   , R$ -   
23499.000241/2016-75,2018,LOTS AERODESIGN,RUBEN ALEXIS MIRANDA CARRILHO,ITABIRA,1/1/2016,31/12/2016,SIM, R$ -   , R$ -   
23499.000539/2017-66,2018,EQUIPE DE DESENVOLVIMENTO DE JOGOS ELETRONICOS,Juliano De almeiDa monte mor ,ITABIRA,25/4/2017,24/4/2018,SIM, R$ -   , R$ -   
23088.015863/2018-00,2018,"ENSAIOS PARA CARACTERIZACAO DE MATERIAIS - ANALISE TERMICA, REOLOGICA, FISICO-QUIMICA, MECANICA E NAO DESTRUTIVA",ANTONIO CARLOS ANCELOTTI JUNIOR,IEM,1/8/2018,1/8/2019,SIM," R$ 50.275,00 "," R$ 22.364,85 "
23499.000088/2018-48,2018,MINICURSO DE DESENHO AUXILIADO POR COMPUTADOR,MARCO AURELIO MOURA SURIANI,ITABIRA,5/2/2018,29/6/2018,SIM, R$ -   , R$ -   
23499.000611/2018-36,2018,V WORSHOP DOP GRUPO DE PESQUISA EM SISTEMAS DE EXAUTAO (GPESE),JOSE CARLOS DE LACERDA,ITABIRA,8/5/2018,12/5/2018,SIM, R$ -   , R$ -   
23088.016250/2018-81,2018,V SEMINARIO DE RECURSOS NATURAIS,MARCELO DE PAULA CORREA,IRN,6/8/2018,10/8/2018,SIM, R$ -   , R$ -   
23088.017086/2018-20,2018,EMISSAO DE PARECER TECNICO PARA FUNCIONAMENTO ININTERRUPTO ,EDMILSON OTONI CORREA,IEM,8/8/2018,8/8/2019,SIM," R$ 36.000,00 "," R$ 10.000,00 "
23088.019728/2017-44,2018,PARTICIPACAO EM CURSO DE CURTA DURACAO QPSE - MODULO GERACAO HIDRAULICA,BENDITO CLAUDIO DA SILVA,IRN,2/10/2017,6/10/2017,SIM," R$ 14.000,00 "," R$ 14.830,84 "
23088.017234/2018-44,2018,TESTE DE USABILIDADE DE PRODUTOS PARA CURATIVOS,ANA PAULA SIQUEIRA SILVA DE ALMEIDA,IESTI,1/8/2018,31/12/2018,SIM," R$ 3.500,00 "," R$ 3.500,00 "
23088.017300/2018-48,2018,EMISSAO DE LAUDO TECNICO SOBRE DESEMPENHO DE EQUIPAMENTOS DE ALIMENTACAO DE BIOMASSA EM UTE,ELECTO EDUARDO SILVA LORA,IEM,3/9/2018,20/12/2018,SIM," R$ 40.000,00 "," R$ 40.000,00 "
23499.001226/2018-14,2018,ENSINO DE PROGRAMACAO BASICA/DESENVOLVIMENTO DE APLICATIVOS NO EEMZA -  ITABIRA,ERICK OLIVEIRA RODRIGUES,ITABIRA,14/8/2018,14/12/2018,SIM, R$ -   , R$ -   
23088.016625/2018-11,2018,MULTIRAO NO PARQUE NACIONAL SERRA DA BOCAINA COMO INSTRUMENTO DE EDUCACAO AMBIENTAL,DANIELA ROCHA TEIXEIRA RIONDET COSTA,IRN,31/8/2018,1/9/2018,SIM, R$ -   , R$ -   
23088.016626/2018-11,2018,PARTICIPACAO NO PROGRAMA DE POS GRADUACAO EM CIENCIAS DE ENGENHARIA AMBIENTAL (PPGSEA),MARIA RITA RAIMUNDO E ALMEIDA ,IRN,20/8/2018,19/8/2019,SIM, R$ -   , R$ -   
23088.016627/2018-11,2018,PARTICIPACAO NO PROGRAMA DE POS GRADUACAO EM QUALIDADE AMBIENTAL (PPGMQ),MARIA RITA RAIMUNDO E ALMEIDA ,IRN,20/8/2018,18/2/2019,SIM, R$ -   , R$ -   
23499.001202/2018-57,2018,LIGA ESTUDANTIL DE EMPREENDEDORISMO & NEGOCIOS (LESTE & NEGOCIOS),LILIAN CAMPOS,ITABIRA,10/8/2018,3/12/2018,NÃO, R$ -   , R$ -   
23499.001202/2018-57,2018,LIGA ESTUDANTIL DE EMPREENDEDORISMO & NEGOCIOS (LESTE & NEGOCIOS),HENRIQUE DUARTE CARVALHO,ITABIRA,10/8/2018,3/12/2018,NÃO, R$ -   , R$ -   
23088.016516/2018-96,2018,EQUIPE UAI!RRIOR DE ROBOTICA,TALES CLEBER PIMENTA,IESTI,22/8/2018,22/8/2019,SIM, R$ -   ," R$ 9.955,00 "
23088.016597/2018-24,2018,UNIFEI SINTROPICA,ALAN BENDASOLI PAVAN,IFQ,30/7/2018,15/12/2018,SIM, R$ -   , R$ -   
23088.017214/2018-35,2018,EDUCACAO AMBIENTAL E SUA IMPORTANCIA PARA A CIDADANIA,DANIELA ROCHA TEIXEIRA RIONDET COSTA,IRN,7/8/2018,7/8/2018,SIM, R$ -   , R$ -   
23499.001265/2018-11,2018,I DEMAT - DIA DE ENGENHARIA DE MATERIAIS,GUILHERME OLIVEIRA SIQUEIRA,ITABIRA,20/8/2018,31/8/2018,SIM, R$ -   , R$ -   
23499.001294/2018-75,2018,FEIRA DE ESTAGIO DE ENGENHARIA DE PRODUCAO - FEEP,TABATA FERNANDES PEREIRA,ITABIRA,18/10/2018,18/10/2018,SIM, R$ -   , R$ -   
23499.001317/2018-41,2018,SETEMBRO AMARELO NA UNIFEI - CAMPUS ITABIRA,MARCELLE NUNES ARAUJO,ITABIRA,13/9/2018,30/10/2018,SIM, R$ -   , R$ -   
23088.013998/2018-22,2018,METODOLOGIA DE ANALISE DE DESEMPENHO DE REGIONAIS DE EMPRESAS DE DISTRIBUICAO,EDUARDO CRESTANA GUARDIA,ISEE,7/7/2018,28/2/2019,NÃO," R$ 77.040,00 ",
23499.001322/2018-54,2018,CONSERVACAO E RESTAURACAO AMBIENTAL DE TERRITORIOS NA REGIAO DA SERRA DO ESPINHACO,ANA CAROLINA VASQUES FREITAS,ICPA,1/9/2018,1/9/2019,SIM, R$ -   , R$ -   
23499.000904/2017-32,2018,CHEERLEADERS,ROSE-MARIE BELARDI,ITABIRA,1/7/2017,1/7/2018,SIM, R$ -   , R$ -   
23088.018232/2018-34,2018,BANCADA DE TECNOLOGIAS DE IRRIGACAO,ROBERTO ALVES DE ALMEIDA,IRN,1/9/2018,31/12/2018,SIM, R$ -   , R$ -   
23088.016525/2018-87,2018,CICLO DE ESTUDOS SOBRE BNCC: PARCERIA ESCOLA-UNIVERSIDADE,ANA CAROLINA SALES OLIVEIRA,IFQ,1/8/2018,31/8/2018,SIM, R$ -   , R$ -   
23088.018333/2018-13,2018,SEMANA DE TECNOLOGIAS AERONAUTICAS (STA),PATRICIA SILVA LOPES ALEXANDRINO,IEM,10/9/2018,15/9/2018,SIM, R$ -   , R$ -   
23088.018386/2018-26,2018,GESTAO DA SEMANA DE ENGENHARIA MECANICA (SEMEC),JESUS ANTONIO GARCIA SANCHEZ,IEM,23/7/2018,10/12/2018,SIM," R$ 5.000,00 "," R$ 2.000,00 "
23088.018393/2018-28,2018,GESTAO DA SEMANA DE ENGENHARIA MECANICA (SEMEC),JESUS ANTONIO GARCIA SANCHEZ,IEM,23/7/2018,10/12/2018,SIM," R$ 5.000,00 "," R$ 2.000,00 "
23088.018485/2018-16,2018,DEBATE-MEIO AMBIENTE E ACÕES GLOBAIS SOBRE OS PROBLEMAS GERADOS PELA URBANIZACAO; O LIXO PLASTICO NOS OCEANOS,MARCELO DE PAULA CORREA,IRN,5/9/2018,5/9/2018,SIM, R$ -   , R$ -   
23088.018488/2018-41,2018,A TEMPERATURA ESTA AUMENTANDO! POR QUE A DEFESA DE UM CLIMA SEGURO E ESSENCIAL PARA A SAUDE DA CRIANCA?,MARCELO DE PAULA CORREA,IRN,14/9/2018,14/9/2018,SIM, R$ -   , R$ -   
EV013-2018,2018,STARTUP WEEKEND MAKER UNIFEI,JULIANA CAMINHA NORONHA,IEPG,31/8/2018,2/9/2018,SIM , R$ -   , R$ -   
EV012-2018,2018,I CIRCUITO DE ADMINISTRACAO,ISABEL CRISTINA DA SILVA ARANTES,IEPG,30/8/2018,13/9/2018,SIM, R$ -   , R$ -   
EV010-2018,2018,XIII JOB SHOP - FEIRA DE CARREIRA E RECRUTAMENTO DA UNIFEI,LAUREN FERREIRA COLVARA,IEPG,16/8/2018,24/8/2018,SIM, R$ -   , R$ -   
EV006-2018,2018,MAKER HACKLAB,JULIANA CAMINHA NORONHA,IEPG,19/5/2018,27/5/2018,SIM, R$ -   , R$ -   
EV005-2018,2018,WE INOVAI FORUM - DESENVOLVENDO AMBIENTES DE NEGOCIOS ENTRE INDUSTRIAS E STARTUPS,CARLOS HENRIQUE PEREIRA MELLO,IEPG,10/5/2018,10/5/2018,SIM, R$ -   , R$ -   
EV004-2018,2018,WE INOVAI CONFERENCE,CARLOS HENRIQUE PEREIRA MELLO,IEPG,4/4/2018,4/4/2018,SIM, R$ -   , R$ -   
EV001-2018,2018,"SEMINARIO ""PROPRIEDADE INTELECTUAL FOR NOOBS""",JULIANA CAMINHA NORONHA,IEPG,2/4/2018,4/4/2018,SIM, R$ -   , R$ -   
EV002-2017,2017,SEMANA DE ENGENHARIA PRODUCAO - SEMEPRO,CARLOS HENRIQUE PEREIRA MELLO,IEPG,16/8/2017,18/8/2017,SIM, R$ -   , R$ -   
CR008-2018,2018,ANALISE BIBLIOMETRICA: A PRODUCAO CIENTIFICA DE PERIODICO DA AREA INTERDISCIPLINAR,LAUREN FERREIRA COLVARA,IEPG,16/8/2018,16/8/2018,SIM, R$ -   , R$ -   
CR007-2018,2018,LIBRAS BASICO I,PALOMA ALINNE ALVES RODRIGUES RUAS,IFQ,30/8/2018,29/11/2018,SIM, R$ -   , R$ -   
CR004-2018,2018,CINETICA E TERMODINAMICA APLICADA AO PROCESSO HAPC PARA REVESTIMENTOS DE LIGAS PARA ALTAS TEMPERATURAS,GEOVANI RODRIGUES,IEM,18/6/2018,22/6/2018,SIM, R$ -   , R$ -   
23499.001449/2016-10,2018,MONTANHISMO UNIFEI,JULIANO DE ALMEIDA MONTE-MOR,ITABIRA,1/4/2017,31/12/2017,SIM, R$ -   , R$ -   
23088.013352/2018-45,2018,MANUTENCAO DOS COMPUTADORES DA POLICIA CIVIL DO ESTADO DE MINAS GERAIS,THATYANA DE FARIA PIOLA SERAPHIM,IESTI,3/4/2018,2/4/2019,SIM, R$ -   , R$ -   
23499.001458/2018-64,2018,EPR WEEKEND,TABATA FERNANDES PEREIRA,ITABIRA,11/9/2018,30/11/2018,SIM, R$ -   , R$ -   
23088.018803/2018-31,2018,SEMANA DE ENGENHARIA DE PRODUCAO - SEMEPRO,JOSE LEONARDO NORONHA,IEPG,20/8/2018,30/9/2018,SIM, R$ -   , R$ -   
23088.018759/2018-69,2018,REVISTA AMAN-TI-KIR: ESTUDOS INTERDISCIPLINARES EM EDUCACAO,ALESSANDRA RODRIGUES,IFQ,24/8/2018,24/8/2019,SIM, R$ -   , R$ -   
23088.016100/2018-78,2018,CERTIFICACAO E ENSAIOS DE PRODUTOS DE TECNOLOGIA DA INFORMACAO E TECECOMUNICACAO,JOSE CARLOS GRILLO RODRIGUES,ISEE,6/8/2018,31/8/2019,SIM," R$ 385.589,65 "," R$ 107.476,00 "
23088.014807/2018-40,2018,PARTICIPACAO NO COMITE DE AVALIACAO DOS PROJETOS PIPE-FAPESP,MARCELO DE PAULA CORREA,IRN,26/7/2018,26/7/2018,SIM, R$ -   ," R$ 850,00 "
23499.001231/2017-38,2018,L.O.T.S AERODESIGN,RUBEN ALEXIS MIRANDA CARRILHO,ITABIRA,11/9/2017,7/4/2018,SIM, R$ -   ," R$ 9.304,50 "
23499.000496/2018-08,2018,L.O.T.S AERODESIGN,RUBEN ALEXIS MIRANDA CARRILHO,ITABIRA,13/4/2018,31/12/2018,SIM, R$ -   , R$ -   
23088.015782/2018-00,2018,UM PANORAMA DA RADIACAO ULTRAVIOLETA NO BRASIL E SEUS IMPACTOR SOBRE A POPULACAO,MARCELO DE PAULA CORREA,IRN,30/8/2018,30/8/2018,SIM," R$ 4.500,00 "," R$ 4.744,44 "
23088.016521/2018-07,2018,I SIMPOSIO INTERNACIONAL DE EDUCACAO EM CIENCIAS E III SEMANA DAS LICENCIATURAS DA UNIFEI,DENISE PEREIRA DE ALCANTARA FERRAZ,IFQ,29/10/2018,1/11/2018,SIM," R$ 2.000,00 "," R$ 2.820,00 "
23088.017742/2018-94,2018,INSPECAO EM ENSAIOS EM ISOLADORES E TRANSFORMADORES,ESTACIO TAVARES WANDERLEY NETO,ISEE,1/7/2018,31/12/2018,SIM," R$ 14.056,55 ", R$ -   
23088.019046/2018-12,2018,"PARTICIPACAO NO CURSO DE ""CENTRAIS TERMELETRICAS - FUNDAMENTOS TERMODINAMICOS, EQUIPAMENTOS E OPERACAO""",OSVALDO JOSE VENTURINI,IEM,24/9/2018,23/9/2019,SIM," R$ 13.492,23 "," R$ 15.046,73 "
23088.018487/2018-05,2018,FOTOPROTECAO COM ENFASE EM LUZ VISIVEL,MARCELO DE PAULA CORREA,IRN,25/9/2018,25/9/2018,SIM," R$ 3.950,00 "," R$ 4.014,72 "
23499.001457/2018-10,2018,ENGENHARIA DA MOBILIDADE: TEORIA E PRATICA NO CONTEXTO ITABIRANO,PATRICIA BALDINI DE MEDEIROS GARCIA,ITABIRA,25/9/2018,25/9/2018,SIM, R$ -   , R$ -   
23088.019159/2018-18,2018,TREINAMEMBROS - ENTREPRENEURIAL ACTION US,LUIZ EUGENIO VENEZIANI PASIN,IEPG,25/8/2018,25/8/2018,SIM, R$ -   , R$ -   
PJ002-2018,2018,QUANTO VALE O DINHEIRO PARA OS JOVENS? CONSTRUCAO E CONSOLIDACAO DO CONHECIMENTO DE EDUCACAO FINANCEIRA ENTRE ALUNOS UNIVERSITARIOS,ANDRE LUIZ MEDEIROS,IEPG,19/3/2018,31/12/2018,SIM, R$ -   , R$ -   
23088.019200/2018-56,2018,TESTE DE BOMBEAMENTO EM CISTERNAS NA UNIFEI CAMPUS ITAJUBA,ANA PAULA MONI SILVA,IRN,21/9/2018,15/12/2018,NÃO, R$ -   , R$ -   
23088.018935/2018-62,2018,FISCALIZACAO DO CUMPRIMENTO DO PLANO DE MELHORIAS E PROVIDENCIAS DA DISTRIBUIDORA DE ENERGIA ELETRICA,ROBERTO AKIRA YAMACHITA,ISEE,25/6/2018,24/6/2019,SIM," R$ 50.000,00 "," R$ 50.000,00 "
23088.016497/2018-06,2018,MEDICAO E ANALISE DA QUALIDADE DOS PARAMETROS ELETRICOS (QUALIDADE DE ENERGIA),PAULO FERNANDO RIBEIRO ,ISEE,1/8/2018,1/8/2019,SIM," R$ 12.124,09 "," R$ 12.124,09 "
23499.001401/2018-65,2018,SAUDE E SEGURANCA PARA TODOS,LUCIANA DE MELO GOMIDES,ITABIRA,30/10/2018,30/10/2019,SIM, R$ -   , R$ -   
23088.018973/2018-15,2018,CURSO DE FORMACAO DE PRECEPTORES E RESIDENTES,JANAINA ROBERTA DOS SANTOS,IRN,17/8/2018,18/10/2018,SIM , R$ -   , R$ -   
23499.001348/2018-01,2018,METODOLOGIAS ATIVAS PARA APRIMORAMENTO DO PROCESSO DE ENSINO-APRENDIZAGEM NO ENSINO SUPERIOR,RENATA DOS SANTOS,ITABIRA,1/10/2018,20/12/2018,SIM, R$ -   , R$ -   
23088.019788/2018-48,2018,EMISSAO DE PARECER TECNICO PARA FUNCIONAMENTO INICTERRUPTO - DECRETO 27.048 DE 12/08/49,RICARDO RISSO CHAVES,IEM,13/9/2018,30/11/2018,SIM, R$ -   ," R$ 9.000,00 "
23088.020090/2018-75,2018,QUIMICA COM SEGURANCA,GEISE RIBEIRO,IFQ,26/10/2018,26/10/2018,SIM, R$ -   , R$ -   
23499.001346/2018-11,2018,BATERIA CALANGODUM,JULIANO DE ALMEIDA MONTE-MOR,ITABIRA,1/10/2018,30/9/2019,SIM, R$ -   , R$ -   
23088.020615/2018-72,2018,PROGRAMACAO FUNCIONAL 101,MAURILIO PEREIRA COUTINHO,IESTI,15/10/2018,17/10/2018,SIM, R$ -   , R$ -   
23499.001347/2018-58,2018,ESCALANGO - MONTANHISMO UNIFEI,JULIANO DE ALMEIDA MONTE-MOR,ITABIRA,1/10/2018,30/9/2019,SIM, R$ -   , R$ -   
23088.020893/2018-20,2018,"PROJETO, MONTAGEM E INSTRUMENTACAO DE UM PROTOTIPO EXPERIMENTAL PARA CONTROLE DE PROCESSOS",THIAGO VAZ DA COSTA,IRN,1/4/2018,1/4/2019,NÃO, R$ -   , R$ -   
23088.020897/2018-16,2018,DESENVOLVIMENTO DE UMA PLATAFORMA PARA MONITORAMENTO E APLICACAO EXPERIMENTAL DE TECNICAS DE CONTROLE AVANCADO,THIAGO VAZ DA COSTA,IRN,1/9/2018,1/2/2019,SIM, R$ -   , R$ -   
23499.001539/2017-83,2018,PROJETO TECNOLOGICO - IRON RACERS DE FORMULA SAE,GLAUBER ZERBINI COSTAL,ITABIRA,1/2/2017,31/1/2018,SIM, R$ -   , R$ -   
23088.021530/2018-10,2018,PROJETO ECOEFICIENTE PARAA ONG RESGACTI,MARIA CLAUDIA COSTA DE OLIVEIRA BOTAN,IRN,10/9/2018,9/4/2018,SIM, R$ -   , R$ -   
23088.021673/2018-13,2018,AS DOENCAS TEM HISTORIA II,MILTON JOSE ZAMBONI,IEPG,18/10/2018,29/11/2018,SIM, R$ -   , R$ -   
23088.021730/2018-64,2018,OFICINA PILOTO DE ENGENHARIA QUIMICA,HUGO PERAZINNI,IRN,1/8/2018,1/8/2019,SIM, R$ -   , R$ -   
23088.014328/2018-23,2018,ENSAIOS ELETRICOS,ESTACIO TAVARES WANDERLEY NETO,ISEE,1/7/2018,31/12/2018,SIM," R$ 51.094,00 "," R$ 57.564,39 "
23088.008929/2018-05,2018,PROJETOS DE ENGENHARIA DE PRODUCAO,LOURIVAL JORGE MENDES NETO,IEM,26/2/2018,29/6/2018,SIM, R$ -   , R$ -   
23088.020269/2018-77,2018,PARTICIPACAO NO CURSO DE CURTA DURACAO EM OPERACAO DE TURBINAS HIDRAULICAS E REGULADORES DE VELOCIDADE,HELCIO FRANCISCO VILLA NOVA,IEM,1/10/2018,30/9/2019,SIM," R$ 5.831,87 "," R$ 6.321,31 "
23088.020106/2018-40,2018,EDUCACAO PERMANENTE PARA FUNCIONARIOS EM ATENCAO BASICA À SAUDE DA PMI,ELIANA DE FATIMA SOUZA SALOMON,IEPG,1/9/2018,31/8/2019,SIM, R$ -   , R$ -   
23499.001736/2018-83,2018,ESOCIAL: IMPLEMANTACAO DA FERRAMENTA E SEUS EVENTOS JPRATICOS PARA A SAUDE E SEGURANCA DO TRABALHO,ANNA RITA TOMICH M FELIPPE,ITABIRA,16/11/2018,16/12/2018,SIM, R$ -   , R$ -   
23499.001722/2018-60,2018,CHEERLEADERS,ROSE-MARIE BELARDI,ITABIRA,12/9/2018,12/9/2019,SIM, R$ -   , R$ -   
23088.020105/2018-03,2018,"PALESTRA ""ENGENHARIA DE PRODUCAO: NOVAS TENDENCIAS E AVANCOS"" - UNIVERSIDADE DE RIO VERDE GO",CARLOS EDUARDO SANCHES DA SILVA,IEPG,26/9/2018,26/9/2018,SIM," R$ 2.000,00 "," R$ 2.000,00 "
23499.001750/2018-87,2018,PROGRAMA DE FOMENTO AO EMPREENDEDORISMO - BELMONT LAB,LILIAN BARROS PEREIRA CAMPOS,ITABIRA,19/10/2018,19/10/2019,SIM, R$ -   , R$ -   
23088.022862/2018-11,2018,"PRESTACAO DE SERVICO PARA ASSESSORAMENTO, PESQUISE E DESENVOLV. PROJETOS ESPECIFICOS PARA DESENVOLVER O PORTAL BRASILEIRO DE INDICADORES DE EFICIENCIA ENERGETICA PARA O INTERNATIONAL ENERGY INITIATIVE - IEI BRASIL",ROBERTO AKIRA YAMACHITA,ISEE,10/9/2018,9/7/2019,SIM," R$ 46.000,00 "," R$ 46.000,00 "
23499.000404/2018-81,2018,OBSERVATORIO DE CONFLITOS RURAIS DO ALTO E MEDIO RIO DOCE (MG),LEONARDO FERREIRA REIS,ITABIRA,27/3/2018,29/02/19,SIM, R$ -   , R$ -   
23499.000956/2016-17,2018,FISICA UAI!,MARCIO TSUYOSHI YASUDA,ITABIRA,1/7/2016,10/12/2016,SIM, R$ -   , R$ -   
23088.022728/2018-11,2018,PALESTRA CIDADE EMPREENDEDORA E CIDADE 4.0,ELZO ALVES ARANHA,IEPG,5/11/2018,5/11/2018,SIM, R$ -   , R$ -   
23088.022950/2018-13,2018,PARTICIPACAO NO CURTA DURACAO EM TERMOGRAFIA INFRAVERMELHA,EDSON DA COSTA BORTONI,IESTI,29/10/2018,28/10/2019,SIM, R$ -   , R$ -   
23088.023161/2018-91,2018,ESTUDOS DE DESCARGAS PARCIAIS EM ISOLADORES,ESTACIO TAVARES WANDERLEY NETO,ISEE,15/11/2018,14/8/2019,SIM," R$ 47.278,62 "," R$ 47.278,60 "
23088.016851/2018-94,2018,CAMPEONATO DE CUBO MAGICO - ETAPA PRIMAVERA,FREDERICO OLIVEIRA PASSOS,ISEE,15/9/2018,16/9/2018,SIM, R$ -   , R$ -   
23088.021805/2018-15,2018,III SEMANA DA ESPERANCA,PAULO FERNANDO RIBEIRO ,ISEE,22/10/2018,25/10/2018,SIM, R$ -   , R$ -   
23088.023600/2018-66,2018,TREINAMENTO EM RESILIENCIA URBANA - NEIRU,GERALDO LUCIO TIAGO FILHO,IRN,9/11/2018,10/11/2018,NÃO, R$ -   , R$ -   
23088.023601/2018-19,2018,ELABORACAO DE ESTUDO ESTRATEGICO PARA IMPLANTACAO DE UNIDADE DE SAUDE,GERALDO LUCIO TIAGO FILHO,IRN,1/10/2018,31/12/2018,SIM," R$ 20.760,00 "," R$ 27.624,00 "
23088.023645/2018-31,2018,PALESTRA SOBRE EFEITOS DA RADIACAO UV SOBRE A PELA E SUAS IMPLICACÕES AMBIENTAIS NO EVENTO SCIENTIFIC SUNCARE DAY,MARCELO DE PAULA CORREA,IRN,9/11/2018,9/11/2018,SIM, R$ -   ," R$ 4.400,00 "
23088.024648/2017-19,2017,CONTRATO DE REVISAO TECNINCA COM CESSAO DE DIREITOS AUTORAIS,THATYANA DE FARIA PIOLA SERAPHIM,IESTI,12/12/2017,11/12/2018,SIM, R$ -   , R$ -   
23088.024651/2017-24,2017,CONTRATO DE REVISAO TECNINCA COM CESSAO DE DIREITOS AUTORAIS,ENZO SERAPHIM,IESTI,12/12/2017,11/12/2018,SIM, R$ -   ," R$ 9.540,00 "
23088.023401/2018-58,2018,"SEMANA PARA AUTOMOCAO, COMPUTACAO E ELETRONICA - SPACE",RODRIGO MAXIMIANO ANTUNES DE ALMEIDA,IESTI,11/9/2018,14/9/2018,SIM, R$ -   , R$ -   
23499.000219/2017-14,2018,EQUIPE MOUNTAINBAJA,JOSE CARLOS DE LACERDA,ITABIRA,1/1/2017,20/12/2017,SIM, R$ -   , R$ -   
23088.024064/2018-16,2018,II SEMINARIO DE ECONOMIA POPULAR SOLIDARIA E V ENCONTRO DE GRUPOS INCUBADOS,VIVIANE GUIMARAES PEREIRA,IEPG,26/11/2018,27/11/2018,SIM," R$ 2.382,72 "," R$ 2.382,72 "
23088.024083/2018-42,2018,PATICIPACAO EM PROGRAMA DE CAPACITACAO EM ENGENHARIA ECONOMICA 1 E 2,JOSE ARNALDO BARRA MONTEVECHI,IEPG,9/11/2018,30/11/2018,SIM," R$ 8.050,00 "," R$ 10.742,90 "
23499.001938/2018-25,2018,PARTICIPACAO NO CURSO DE CURTA DURACAO DE ENERGIA SOLAR FOTOVOLTAICA,RAFAEL BALBINO CARDOSO,ITABIRA,15/11/2018,20/12/2018,SIM," R$ 4.500,00 "," R$ 3.340,64 "
23088.024069/2018-49,2018,PESQUISA PARA LEVANTAMENTO DO POTENCIAL DE ENERGIAS OCEANICAS E FLUVIAIS NA BAIA DE SAO MARCOS NO MARANHAO - INEOF,GERALDO LUCIO TIAGO FILHO,IRN,1/10/2018,30/9/2019,NÃO, R$ -   , R$ -   
23088.024490/2018-50,2018,MINICURSO SOBRE DIVERSIDADE SOCIAL NO TRABALHO,ISABEL CRISTINA DA SILVA ARANTES,IEPG,25/7/2018,25/7/2018,SIM, R$ -   , R$ -   
23088.024674/2018-10,2018,PARTICIPACAO EM PROGRAMA DE CAPACITACAO EM ENGENHARIA ECONOMICA 1 E 2,EDSON DE OLIVEIRA PAMPLONA,PROEX,28/11/2018,8/12/2018,SIM," R$ 12.075,00 "," R$ 16.190,11 "
23088.024686/2018-44,2018,PALESTRA UNIVERSIDADE EMPREENDEDORA,ELZO ALVES ARANHA,IEPG,21/11/2018,22/11/2018,SIM, R$ -   , R$ -   
23088.024689/2018-88,2018,CURSO DE LINKEDIN,ISABEL CRISTINA DA SILVA ARANTES,IEPG,17/11/2018,17/11/2018,SIM, R$ -   , R$ -   
23088.023239/2018-78,2018,WORKSHOP PROJETO SEMESTRAL UNIFEI 2018,LOURIVAL JORGE MENDES NETO,IEM,20/10/2018,20/11/2018,SIM, R$ -   , R$ -   
23499.000498/2017-16,2018,ALLONS AU CINEMA!,MARTINELLY VIEIRA MARTINS,ITABIRA,2/5/2017,17/11/2017,SIM, R$ -   , R$ -   
23499.000498/2017-16,2018,ALLONS AU CINEMA!,MARIA ELIZABETE VILLELA SANTIAGO,ITABIRA,2/5/2017,17/11/2017,SIM, R$ -   , R$ -   
23088.024948/218-71,2018,MINICURSO INTERNATIONAL ADVANCES IN BIODIGESTION TECHNOLOGY,DIEGO MAURICIO YEPES MAYA,IEM,10/12/2018,14/12/2018,SIM, R$ -   , R$ -   
23088.024958/2018-14,2018,SEMINARIO INTERNACIONAL UNIFEI E UNILIBRE,DIEGO MAURICIO YEPES MAYA,IEM,5/11/2018,9/11/2018,SIM, R$ -   , R$ -   
23088.025012/2018-67,2018,RODA DE NEGOCIO ,ISABEL CRISTINA DA SILVA ARANTES,IEPG,22/11/2018,22/11/2018,SIM, R$ -   , R$ -   
23499.001975/2018-33,2018,AVALIACAO DO APROVEITAMENTO DE AGUA DE CHUVA NA PRODUCAO DE CIMENTO NA EMPRESA ITAMIX,EDUARDO DE AGUIAR DO COUTO,ITABIRA,01/11/18,30/4/2019,SIM, R$ -   , R$ -   
23088.025123/2018-73,2018,IMPRESSAO DE PECAS POR PROTOTIPAGEM RAPIDA,CARLOS HENRIQUE PEREIRA MELLO,PROEX,22/10/2018,21/10/2019,SIM," R$ 18.602,89 "," R$ 1.843,15 "
23499.002084/2018-02,2018,NATAL SOLIDARIO,MARCIO TSUYOSHI YASUDA,ITABIRA,1/12/2018,8/12/2018,SIM, R$ -   , R$ -   
23499.002084/2018-02,2018,NATAL SOLIDARIO,GLAUCIO MARCELINO MARQUES,ITABIRA,1/12/2018,8/12/2018,SIM, R$ -   , R$ -   
23499.001363/2017-60,2018,PALESTRAS E OFICINAS DE PRODUCAO DOCENTE,RICARDO SHITSUKA,ITABIRA,31/8/2017,31/8/2018,SIM, R$ -   , R$ -   
23088.015096/2018-21,2018,CURSO DE CURTA DURACAO EM TERMOGRAFIA INFRAVERMELHA,GUILHERME SOUSA BASTOS,IESTI,6/8/2018,6/8/2019,SIM," R$ 17.802,00 "," R$ 19.657,98 "
23088.025318/2018-13,2018,"MUTIRAO DE PLANTIO DE MUDAS NATIVAS EM MEMORIA AO EUCALIPTO DO JOAQUINZAO, EM TAUBATE - SP",MARIA CLAUDIA COSTA DE OLIVEIRA BOTAN,IRN,12/11/2018,26/1/2019,SIM, R$ -   , R$ -   
23088.025319/2018-68 ,2018,MESA REDONDA COM EX-ALUNOS DO CURSO DE ENGANHARIA AMBIENTAL E SANITARIA DA UNIVERSIDADE DE TAUBATE - UNITAU,MARIA CLAUDIA COSTA DE OLIVEIRA BOTAN,IRN,1/11/2018,1/11/2018,SIM, R$ -   , R$ -   
23499.000382/2018-50,2018,CONHECENDO A ENERGIA NAS CIENCIAS,RICARDO SHITSUKA,ITABIRA,1/8/2018,28/2/2019,SIM, R$ -   , R$ -   
23088.025393/2018-84,2018,FUNDACAO ASIMO,LEONARDO BRESEGHELLO ZOCCAL,IESTI,30/12/2018,30/12/2019,SIM, R$ -   , R$ -   
23088.025567/2018-17,2018,TERMOGERACAO CENTRALIZADA,MARCELO JOSE PIRANI,IEM,3/12/2018,3/3/2019,SIM, R$ -   ," R$ 10.126,36 "
23499.001742/2018-31,2018,CURSO DE APERFEICOAMENTO DA MAO DE OBRA DA CONSTRUCAO CIVIL,CARLOS AUGUSTO DE SOUZA OLIVEIRA,ITABIRA,5/11/2018,5/12/2018,SIM, R$ -   , R$ -   
23088.0026553/2018-11,2018,KRAKENS AUVS,MARCELO SANTIAGO DE SOUSA,IEM,15/12/2018,15/12/2019,SIM, R$ -   , R$ -   
23499.000499/2017-52,2018,BATERIA CALANGODUM,JOAO LUCAS DA SILVA,ITABIRA,20/6/2017,20/6/2018,SIM, R$ -   , R$ -   
23088.026940/2018-49,2018,ELABORACAO DE MATERIAL/ARTIGO DIDATICO SOBRE RADIACAO UV E EFEITO SOBRE OS OLHOS,MARCELO DE PAULA CORREA,IRN,9/11/2019,9/11/2018,SIM," R$ 3.450,00 "," R$ 3.450,00 "
23088.024784/2018-81,2018,II CAMPEONATO SUL-MINEIRO DE CUBO MAGICO - ETAPA NACIONAL,FREDERICO OLIVEIRA PASSOS,ISEE,9/3/2019,10/3/2019,SIM, R$ -   , R$ -   
23088.024550/2018-34,2018,WORKSHOP PPC - ENGENHARIA ELETRICA,BENEDITO DONIZETI BONATTO,ISEE,25/8/2018,25/8/2018,SIM, R$ -   , R$ -   
23088.014613/2017-63,2018,TODOS SOMOS LEITORES,SANDRA NAKAMATSU,IFQ,8/3/2017,6/12/2017,SIM, R$ -   , R$ -   
23088.014613/2017-63,2018,TODOS SOMOS LEITORES,CLAUDIA ELIANE DA MATTA,ISEE,8/3/2017,6/12/2017,SIM, R$ -   , R$ -   
23499.001349/2018-47,2018,UNIFEI DE PORTAS ABERTAS ENSINO MEDIO 2018,GLAUCIO MARCELINO MARQUES,ICPA,23/8/2018,28/9/2018,SIM, R$ -   , R$ -   
23499.002315/2018-70,2018,CAPACITACAO: GERADOR DE INDUCAO DUPLAMENTE ALIMENTADO (DFIG) PARA GERACAO DE ENERGIA EOLICA DE GRANDE PORTE - NOCÕES BASICAS,JOAO LUCAS DA SILVA,ICT,21/1/2019,27/1/2019,SIM, R$ -   , R$ -   
23499.001235/2017-16,2018,PAUSA,CLAUDIO ERNANI MARTINS OLIVEIRA,IEI,13/9/2017,12/9/2018,SIM, R$ -   , R$ -   
23499.001235/2017-16,2018,PAUSA,JOAO LUCAS DA SILVA,IEI,13/9/2017,12/9/2018,SIM, R$ -   , R$ -   
23499.001235/2017-16,2018,PAUSA,VANESSA SILVA DE FARIA,ITABIRA,13/9/2017,12/9/2018,SIM, R$ -   , R$ -   
23088.025245/2018-60,2018,PARTICIPACAO NO CURSO DE CURTA DURACAO EM SELETIVIDADE E COORDENACAO DE PROTECAO EM SISTEMAS INDUSTRIAIS ,JOSE MARIA DE CARVALHO FILHO,ISEE,3/12/2018,2/12/2019,SIM," R$ 10.862,02 "," R$ 10.101,91 "
23088.024777/2018-80,2018,MEDICAO E VERIFICACAO DO DIAGNOSTICO DA OPERACAO DE PROTECAO,PAULO FERNANDO RIBEIRO ,ISEE,9/11/2018,8/11/2019,NÃO," R$ 16.077,00 "," R$ 20.380,65 "
CR009-2018,2018,FORMACAO PARA BUSCA DE ANTERIORIDADE,JULIANA CAMINHA NORONHA,IEPG,13/11/2018,13/11/2018,SIM, R$ -   , R$ -   
CR010-2018,2018,PROPRIEDADE INTELECTUAL FOR NOOBS,JULIANA CAMINHA NORONHA,IEPG,13/11/2018,13/11/2018,SIM, R$ -   , R$ -   
PJ005-2018,2018,A SATISFACAO NO TRABALHO DOS COLABORADORES DO IEPG,JULIANA ESTACIO RIOS,IEPG,13/11/2018,20/12/2018,SIM, R$ -   , R$ -   
PJ006-2018,2018,A SATISFACAO NO TRABALHO DOS TRABALHADORES EM EDUCACAO DA UNIVERSIDADE FEDERAL DE ITAJUBA,JULIANA ESTACIO RIOS,IEPG,14/11/2018,16/11/2018,SIM, R$ -   , R$ -   
23088.001056/2019-82,2019,III SEMANA DE ENGENHARIA ELETRICA (SEMEEL),THIAGO CLE DE OLIVEIRA,ISEE,27/8/2018,6/9/2018,SIM, R$ -   , R$ -   
23088.001103/2019-98,2019,INTERPRETACAO SIMULTANEA PORTUGUES - ESPANHOL PARA A TRADWORKS,YOHAN ALI DIAZ MENDEZ,IEM,28/1/2019,31/1/2019,SIM," R$ 1.800,00 "," R$ 1.800,00 "
23499.002186/2018-10,2019,OFICINAS TEMATICAS: DESAFIOS DO COTIDIANO,MARCELLE NUNES ARAUJO,CGP,21/3/2019,8/8/2019,SIM, R$ -   , R$ -   
23088.001718/2019-14,2019,REVISAO TECNICA DE LIVRO DE ENGENHARIA ,SEBASTIAO SIMÕES DA CUNHA JUNIOR,IEM,1/12/2017,1/12/2018,SIM," R$ 9.449,00 "," R$ 9.449,00 "
23088.000664/2019-70,2019,PARTICIPACAO NO PROGRAMA DE POS-GRADUACAO EM BIOTECNOLOGIA (PPGBIOTEC),ANDRE AGUIAR MENDES,IRN,20/1/2019,19/1/2020,SIM, R$ -   , R$ -   
23088.027168/2018-82,2019,MONTAGEM DE DISPOSTIVO DE SOLDA POR DESCARGA CAPACITATIVA,SANDRO METREVELLE MARCONDES DE LIMA E SILVA,IEM,20/12/2018,11/3/2019,SIM, R$ -   ," R$ 1.150,00 "
23088.001049/2019-81,2019,CURSO RECICLAGEM AUDITORES INTERNOS SISVOO,CARLOS EDUARDO SANCHES DA SILVA,IEPG,14/1/2019,14/4/2019,NÃO," R$ 2.000,00 ",
23088.001074/2019-64,2019,PROJETO ESPECIAL: LIGA DE MERCADO FINANCEIRO DA UNIFEI,CLEBER GONCALVES JUNIOR,IEPG,31/8/2017,31/12/2018,SIM, R$ -   , R$ -   
23088.001080/2019-11,2019,PROJETO ESPECIAL: LIGA DE MERCADO FINANCEIRO DA UNIFEI,CLEBER GONCALVES JUNIOR,IEPG,1/1/2019,31/12/2019,SIM, R$ -   , R$ -   
23088.000886/2019-92,2019,ENSAIOS ELETRICOS,ESTACIO TAVARES WANDERLEY NETO,ISEE,1/1/2019,31/12/2019,SIM," R$ 139.238,53 "," R$ 164.780,09 "
23088.000553/2019-63,2019,CURSO ASSITENCIAL THEODOMIRO SANTIAGO - CATS,EDMILSON MARMO MOREIRA,IESTI,1/1/2019,31/12/2019,SIM, R$ -   , R$ -   
23499.000568/2017-28,2019,VI SEMINARIO DE SAUDE E SEGURANCA - VI SEMSSEG,LINDOMAR MATIAS GONCALVES,ITABIRA,15/5/2017,15/9/2017,SIM, R$ -   , R$ -   
23088.024883/2018-63,2019,SEMANA DE INVESTIMENTO AO VOLUNTARIO ,LUIZ EUGENIO VENEZIANI PASIN,IEPG,17/9/2018,22/9/2018,SIM, R$ -   , R$ -   
PJ001-2017,2019,CORAL UNIFEI,FLAVIA FERNANDA CARVALHO MOTTA BARBIERI,PROEX,1/3/2017,26/11/2017,SIM, R$ -   , R$ -   
23088.002274/2019-34,2019,GRUPO DE ESTUDOS EM EDUCACAO E TECNOLOGIAS - GEETEC,ALESSANDRA RODRIGUES,IFQ,1/3/2019,15/12/2019,SIM, R$ -   , R$ -   
23088.001726/2019-61,2019,PROJETO BAJA - EQUIPE SACI,JEAN CARLO CESCON PEREIRA,IEM,1/1/2019,31/12/2019,SIM, R$ -   , R$ -   
23088.002445/2019-25,2019,ENSAIOS ELETRICOS EM TRANSFORMADORES,ESTACIO TAVARES WANDERLEY NETO,ISEE,1/1/2019,31/12/2019,SIM," R$ 237.768,42 "," R$ 18.392,40 "
23088.002446/2019-70,2019,ENSAIOS ELETRICOS,ESTACIO TAVARES WANDERLEY NETO,ISEE,1/1/2019,31/12/2019,SIM," R$ 215.868,42 "," R$ 72.004,04 "
23088.002448/2019-69,2019,INSPECAO EM ENSAIOS EM ISOLADORES E TRANSFORMADORES,ESTACIO TAVARES WANDERLEY NETO,ISEE,1/1/2019,30/6/2019,SIM," R$ 14.056,55 "," R$ 23.502,00 "
23088.002662/2019-15,2019,TERMOGERACAO CENTRALIZADA,MARCELO JOSE PIRANI,IEM,11/2/2019,10/4/2019,SIM," R$ 9.648,00 "," R$ 13.040,32 "
23088.002832/2019-61,2019,CORO-ACAO,MARIA ELENA LEYVA GONZALEZ,IFQ,10/3/2019,10/12/2019,SIM, R$ -   , R$ -   
23088.002974/2019-29,2019,PLANEJAMENTO E ORGANIZACAO DO II SEMINARIO DE EDUCACAO EMPREENDEDORA EM ENGENHARIA DA ASSOCIACAO BRASILEIRA DE EDUCACAO EM ENGENHARIA (ABENGE),ELZO ALVES ARANHA,IEPG,13/2/2019,22/3/2019,SIM, R$ -   , R$ -   
23088.002981/2019-21,2019,CURSO DE TECNICAS EDLE-EDUCACAO EMPREENDEDORA PARA PROFESSORES DE ENGENHARIA - MODULO BASICO - ORGANIZADO PELA ASSOCIACAO BRSILEIRA DE EDUCACAO EM ENGENHARIA - ABENGE,ELZO ALVES ARANHA,IEPG,13/2/2019,21/3/2019,SIM, R$ -   , R$ -   
EV001-2019,2019,FEEDBACK,JULIANA ESTACIO RIOS,IEPG,12/2/2019,12/2/2019,SIM, R$ -   , R$ -   
23499.000302/2019-47,2019,II DEMAT - DIA DE ENGENHARIA DE MATERIAIS,HAROLDO LHOU HASEGAWA,IEI,1/2/2019,5/4/2019,SIM, R$ -   , R$ -   
23088.004118/2019-16,2019,EX MACHINA,ANTONIO CARLOS ANCELOTTI JUNIOR,IEM,1/1/2019,31/12/2019,SIM, R$ -   , R$ -   
23499.000280/2019-15,2019,EQUIPE DE ROBOTICA DRUMONSTERS,JULIANO DE ALMEIDA MONTE-MOR,ICT,15/2/2019,14/2/2020,SIM, R$ -   , R$ -   
23499.000323/2019-62,2019,"VI SEMANA DA ENGENHARIA ELETRICA, AUTOMACAO E CONTROLE (VI SEEAC)",LUIZ FELIPE PUGLIESE ,ICT,8/4/2019,9/9/2019,SIM, R$ -   , R$ -   
23499.000323/2019-62,2019,"VI SEMANA DA ENGENHARIA ELETRICA, AUTOMACAO E CONTROLE (VI SEEAC)",TIAGO GAIBA DE OLIVEIRA,ICT,8/4/2019,9/9/2019,SIM, R$ -   , R$ -   
23088.004693/2019-19,2019,PRATICAS INCLUSIVAS NO ENSINO DE CIENCIAS,PALOMA ALINNE ALVES RODRIGUES RUAS,IFQ,6/3/2019,6/12/2019,SIM," R$ 10.000,00 ",
23088.004664/2019-49,2019,LEDICAMP: LETRAMENTOS DIGITAIS NO CAMPUS,ALESSANDRA RODRIGUES,IFQ,6/3/2019,30/12/2019,SIM," R$ 8.000,00 "," R$ 8.000,00 "
23499.000349/2019-19,2019,MAQUINAS DE LEONARDO DA VINCI 2019,EDELMA ELETO DA SILVA,ICPA,1/4/2019,31/12/2019,SIM," R$ 8.800,00 "," R$ 8.800,00 "
23499.000348/2019-66,2019,POR TRAS DAS CAMERAS: PRODUCAO DE MATERIAL DIDATICO-ARTISTICO SOBRE SAUDE E SEGURANCA NO TRABALHO COMO FERRAMENTA DE ENSINO PARA UNIVERSITARIOS E EMPRESAS,RAONI ROCHA SIMÕES,ICPA,6/3/2019,31/12/2019,SIM," R$ 9.240,00 "," R$ 9.240,00 "
23499.000281/2017-06,2017,EQUIPE DE ROBOTICA DRUMONSTERS,JULIANO DE ALMEIDA MONTE-MOR,ICT,1/1/2017,31/12/2018,SIM," R$ 10.000,00 "," R$ 10.000,00 "
23088.004992/2019-45,2019,CINEMA & DEBATE,ROGERIO RODRIGUES,IFQ,27/3/2019,20/11/2019,SIM, R$ -   , R$ -   
23088.005037/2019-25,2019,CONEXAO DOS SABERES,JULIANA ESTACIO RIOS,IEPG,12/3/2019,31/12/2019,SIM," R$ 10.000,00 "," R$ 10.258,05 "
23088.005202/2019-49,2019,"13º EDICAO DA CONFERENCIA DE PEQUENAS CENTRAIS HIDRELETRICAS, MERCADO & MEIO AMBIENTE",GERALDO LUCIO TIAGO FILHO,IRN,7/8/2019,6/8/2020,NÃO," R$ 80.000,00 ",
23088.005196/2019-20,2019,AVALIACAO AMBIENTAL DE PROPRIEDADES RURAIS LOCALIZADAS NO BAIRRO PESSEGUEIRO/ITAJUBA/MG E PROPOSTAS DE MANEJO: ENFASE QUALIDADE E QUALIDADE DE AGUA,ANA LUCIA FONSECA,IRN,6/3/2019,31/12/2019,SIM," R$ 10.000,00 "," R$ 10.000,00 "
23088.004710/2019-18,2019,SEMANA DE INTRODUCAO À QUIMICA,GEISE RIBEIRO,IFQ,25/3/2019,28/3/2019,SIM, R$ -   , R$ -   
23088.004851/2019-22,2019,PROJETO DO SISTEMA DE ESGOTAMENTO SANITARIO DO BAIRRO PESSEGUEIRO,MARCIA VIANA LISBOA MARTINS,IRN,18/3/2019,30/6/2019,SIM, R$ -   , R$ -   
23088.005401/2019-57,2019,EXPRESSÕES ECONOMICAS E CULTURAIS DA FEIRA-LIVRE E A IMPORTANCIA DA FORMACAO DOS FEIRANTES PARA A ECONOMIA SOLIDARIA,VIVIANE GUIMARAES PEREIRA,IEPG,12/3/2019,31/12/2019,SIM," R$ 10.000,00 "," R$ 10.000,00 "
23499.000369/2019-81,2019,FEIRA DE ESTAGIOS EM ENGENHARIAS DE ITABIRA - FEEI,TABATA FERNANDES PEREIRA,IEI,23/4/2019,2/6/2019,SIM, R$ -   , R$ -   
23088.004409/2019-04,2019,PROGRAMA DE FORMACAO CONTINUADA DE PROFESSORES EM CIENCIAS E MATEMATICA: UMA PROPOSTA DE ACÕES COLABORATIVAS COM FOCO NA NOVA BNCC,ELIANE MATESCO CRISTOVAO,IMC,1/3/2019,31/12/2019,SIM," R$ 10.000,00 "," R$ 8.437,32 "
23088.005649/2019-18,2019,DESENVOLVIMENTO DE EXPERIMENTOS SOBRE OS TIPOS DE SOLOS DA REGIAO DO SUL DE MINAS GERAIS COMO INSTRUMENTO DE EDUCACAO AMBIENTAL,ADINELE GOMES GUIMARAES,IRN,1/4/2019,20/12/2019,SIM," R$ 9.600,00 "," R$ 9.600,00 "
23088.026064/2018-51,2019,ESTUDO EXPERIMENTAL SOBRE A TRANSFERENCIA DE CALOR POR EBULICAO CONVECTIVA INTERNA EM TUBOS DE ACO DURANTE O PROCESSO DE TEMPERA,JUAN JOSE GARCIA PABON,IEM,1/4/2019,30/3/2020,SIM," R$ 21.195,00 "," R$ 17.100,94 "
23088.005962/2019-56,2019,TIME ENACTUS UNIFEI ITAJUBA,LUIZ EUGENIO VENEZIANI PASIN,IEPG,22/3/2019,30/12/2019,SIM," R$ 10.000,00 ",
23088.005802/2019-15,2019,WRECKING BALL - COMPETICÕES EM CONCRETO,VALQUIRIA CLARET DOS SANTOS,IRN,25/2/2019,14/12/2019,SIM," R$ 23.862,27 "," R$ 17.799,00 "
23088.003390/2019-71,2019,ANALISE MICROESTRUTURAL DE MATERIAIS,DANIEL THOMAZINI,IEM,1/4/2019,31/3/2020,NÃO," R$ 12.500,00 "," R$ 9.555,65 "
23499.000370/2019-14,2019,LINGUA BRASILEIRA DE SINAIS - BASICO I,PALOMA ALINNE ALVES RODRIGUES RUAS,IFQ,5/4/2019,12/7/2019,SIM, R$ -   , R$ -   
23088.006057/2019-13,2019,O PAPEL TRANSFORMADOR DA UNIVERSIDADE,CLEBER GONCALVES JUNIOR,IEPG,1/4/2019,31/12/2019,SIM," R$ 10.000,00 "," R$ 10.000,00 "
23088.005921/2019-60,2019,BEYOND ROCKET DESIGN,ANTONIO AUGUSTO ARAUJO PINTO DA SILVA,IEM,1/1/2019,31/12/2019,SIM," R$ 10.000,00 ",
23088.005908/2019-19,2019,EQUIPE UIRA - PROJETO SAE AERODESIGN,YOHAN ALI DIAZ MENDEZ,IEM,1/2/2019,30/1/2020,SIM," R$ 10.000,00 ",
23088.005089/2019-00,2019,CIENCIAS NAS ESCOLAS: MOSTRA DE CINEMA CIENTIFICO E FEIRA ITINERANTE DE CIENCIAS E MATEMATICA NAS ESCOLAS PUBLICAS DE ITAJUBA/MG,HEVILLA NOBRE CEZAR,IMC,6/3/2019,31/12/2019,SIM," R$ 10.000,00 "," R$ 8.774,36 "
23088.006204/2019-55,2019,CASA DA TERRA: UMA OFICINA SUSTENTAVEL,DANIELE ORNAGHI SANT’ANNA,IRN,13/3/2019,31/12/2019,NÃO," R$ 10.000,00 ",
23088.006180/2019-34,2019,INCLUSAO E ACESSIBILIDADE PARA PESSOAS COM DEFICIENCIA VISUAL USANDO IMPRESSORAS 3D,JESUS ANTONIO GARCIA SANCHEZ,IEM,28/3/2019,31/12/2019,SIM," R$ 10.000,00 ",
23088.006098/2019-18,2019,INTECOOP ITAJUBA: INCUBANDO E TRANSFORMANDO VIDAS POR MEIO DA EXTENSAO UNIVERSITARIA,CARLOS EDUARDO CORREA MOLINA,IEM,6/3/2019,31/12/2019,SIM," R$ 9.600,00 ",
23088.002126/2019-10,2019,"PARTICIPACAO EM CURSO DE ESPECIALIZACAO EM ENGENHARIA DE PROCESSOS, PRODUTIVIDADE E QUALIDADE NA FACULDADE DE ADMINISTRACAO E INFORMATICA (FAI)",JOSE ANTONIO QUEIROZ,IEPG,2/2/2019,30/4/2019,SIM," R$ 4.145,88 "," R$ 4.145,88 "
23088.006271/2019-70,2019,"COLETA SELETIVA - CAMPANHA DE CONSCIENTIZACAO, ENGAJAMENTO DO CIDADAO ITAJUBENSE E EMPODERAMENTO DOS CATADORES LOCAIS",VICTOR EDUARDO DE MELLO VALERIO,IEPG,29/1/2019,31/12/2019,SIM," R$ 10.000,00 ",
23088.006108/2019-15,2019,PROJETO PLAY,EGON LUIZ MULLER JUNIOR,IESTI,22/3/2019,31/12/2019,NÃO," R$ 9.750,00 ",
23499.001606/2017-60,2017,ENGENHEIROS SEM FRONTEIRAS - NUCLEO ITABIRA,JOAO LUCAS DA SILVA,ICT,12/11/2017,11/11/2018,SIM, R$ -   , R$ -   
23088.006112/2019-75,2019,CHEETAH E-RACING,JULIANA CAMINHA NORONHA,IEPG,30/1/2019,30/1/2020,SIM," R$ 10.000,00 "," R$ 9.912,00 "
23088.005223/2019-64,2019,ESTUDO DE ALTERNATIVAS PARA ELABORACAO DE PLANO DE MOBILIZACAO SOCIAL EM PLANOS MUNICIPAIS ,GERALDO LUCIO TIAGO FILHO,IRN,7/3/2019,30/8/2019,NÃO," R$ 43.748,00 ",
23088.005222/2019-10,2019,DESENVOLVIMENTO DE PESQUISA APLICADA PARA A ELABORACAO DE PLANO DIRETOR II,BENEDITO CLAUDIO DA SILVA,IRN,12/3/2019,12/3/2020,NÃO," R$ 58.920,00 ",
23088.024878/2018-51,2019,ENSAIOS ELETRICOS,ESTACIO TAVARES WANDERLEY NETO,ISEE,1/9/2018,28/2/2019,SIM, R$ -   , R$ -   
23088.006782/2019-91,2019,CENTRO DE ESTUDANTES VOLUNTARIOS AMIGOS DE ITAJUBA,LUIZ EUGENIO VENEZIANI PASIN,IEPG,11/2/2019,30/12/2019,SIM, R$ -   , R$ -   
23088.005138/2019-04,2019,TODOS SOMOS LEITORES,CLAUDIA ELIANE DA MATTA,ISEE,1/2/2019,30/12/2019,SIM, R$ -   , R$ -   
23088.005138/2019-04,2019,TODOS SOMOS LEITORES,SANDRA NAKAMATSU,IFQ,1/2/2019,30/12/2019,SIM, R$ -   , R$ -   
23088.005780/2019-85,2019,PLANO DIRETOR E PROMOCAO DA SAUDE: INTERSECCÕES E INTERACÕES,LUIZ FELIPE SILVA,IRN,6/3/2019,31/12/2019,SIM," R$ 10.000,00 "," R$ 3.200,00 "
23088.006822/2019-03,2019,MUSEU ITINERANTE DE GEOLOGIA E MINERALOGIA,ESTEFANIA FERNANDES DOS SANTOS,IRN,28/3/2019,30/7/2019,NÃO," R$ 8.810,00 ",
23088.005994/2019-51,2019,CIENCIA ABERTA: EVENTOS CIENTIFICOS PARA A COMUNIDADE,JULIANA FEDOCE LOPES,IFQ,6/3/2019,31/12/2019,SIM," R$ 8.200,00 "," R$ 8.200,00 "
23088.006969/2019-95,2019,MEDICAO DE CONDUTIVIDADE TERMICA EM CABOS DE RUTHERFORD COM BITOLAS DIFERENTES ,SANDRO METREVELLE MARCONDES DE LIMA E SILVA,IEM,5/4/2019,28/2/2020,SIM," R$ 8.235,30 ",
23088.005942/2019-85,2019,ROBOK - FUTEBOL DE ROBOS AUTONOMOS,LUIZ LENARTH GABRIEL VERMAAS,IESTI,1/1/2019,31/12/2019,SIM," R$ 10.000,00 "," R$ 10.000,00 "
23088.006110/2019-86,2019,EPIC CODERS - MARATONA DE PROGRAMACAO,ROBERTO AFFONSO DA COSTA JUNIOR,IMC,1/1/2019,31/12/2019,SIM," R$ 10.000,00 ",
23088.007131/2019-19,2019,UIRA MICRO,PATRICIA DA SILVA LOPES ALEXANDRINO,IEM,31/1/2019,30/1/2020,SIM," R$ 10.000,00 "," R$ 10.000,00 "
23499.000588/2019-61,2019,EQUIPE MOUNTAIN BAJA,JOSE CARLOS DE LACERDA,ITABIRA,1/1/2019,31/12/2019,SIM," R$ 10.000,00 ",
23088.002075/2019-26,2019,COYOTES MOTORACING UNIFEI,PAULO PEREIRA JUNIOR,IEM,1/1/2019,31/12/2019,NÃO," R$ 10.000,00 ",
23499.000482/2018-86,2019,CAPACITACAO EM SIMULACAO DE TRAFEGO COM AIMSUN,EMERSON JOSE DE PAIVA,ITABIRA,27/3/2018,16/5/2018,SIM, R$ -   , R$ -   
23088.006911/2019-41,2019,TECNOLOGIAS EMERGENTES A SERVICO DA APRENDIZAGEM,JULIANA MARIA SAMPAIO FURLANI,IFQ,1/5/2019,30/12/2019,SIM," R$ 9.600,00 "," R$ 9.600,00 "
23499.000528/2019-48,2019,BATUCA BETHANIA,JULIANO DE ALMEIDA MONTE-MOR,ICT,28/3/2019,31/12/2019,SIM," R$ 10.000,00 "," R$ 9.600,00 "
23088.007740/2019-78,2019,DEV-U,ELISA DE CASSIA SILVA RODRIGUES,IMC,15/4/2019,15/4/2020,SIM, R$ -   , R$ -   
23088.002306/2014-97,2014,I JORNADA DO CEPRASST - CENTRO DE ESTUDOS EM SEGURANCA E SAUDE DO TRABALHADOR,DAVIDSON PASSOS MENDES,ICPA,1/9/2014,22/9/2014,SIM, R$ -   , R$ -   
23088.002306/2014-97,2014,I JORNADA DO CEPRASST - CENTRO DE ESTUDOS EM SEGURANCA E SAUDE DO TRABALHADOR,GERALDO FABIANO DE SOUZA MORAES,ICPA,1/9/2014,22/9/2014,SIM, R$ -   , R$ -   
23088.007973/2019-71,2019,FUNDACAO ASIMO,LEONARDO BRESEGHELLO ZOCCAL,IESTI,17/4/2019,31/12/2019,SIM," R$ 6.797,49 "," R$ 9.997,49 "
23088.007735/2019-65,2019,PROJETO DE COMPETICAO TECNOLOGICA BLACK BEE DRONE,ALEXANDRE CARLOS BRANDAO RAMOS,IMC,27/3/2019,12/3/2020,SIM," R$ 45.000,00 "," R$ 44.748,62 "
23088.007819/2019-07,2019,"IV CURSO DE SISTEMAS FOTOVOLTAICOS: DIMENSIONAMENTO ON E OFF GRID, TARIFACAO, TREINAMENTO EM BANCADA, VIABILIDADE, ECONOMICA AGENTE DO MERCADO FV, ESTUDOS DE CASO E SIMULACAO COMPUTACIONAL EM PVSYST",CHRISTIAN J CORONADO RODRIGUEZ,IEM,25/5/2019,25/10/2019,NÃO," R$ 10.000,00 ",
23499.000527/2019-01,2019,A QUEIMADA E SEUS IMPACTOS NO MEIO URBANO: ABORDAGENS DIRECIONADAS AO ENSINO FUNDAMENTAL E MEDIO,ROSE-MARIE BELARDI,ICPA,29/4/2019,28/4/2020,SIM, R$ -   , R$ -   
23088.008224/2019-61,2019,ENTENDENDO FATORES CLIMATICOS E SUA RELACAO COM A PROTECAO SOLAR,MARCELO DE PAULA CORREA,IRN,23/4/2019,25/4/2019,SIM, R$ -   , R$ -   
23088.007779/2019-95,2019,"PRESTACAO DE SERVICOS DE METALOGRAFIA, ENSAIOS MECANICOS, ANALISE DE COMPOSICAO QUIMICA, MICROSCOPIA OTICA, TRATAMENTOS TERMICOS, MEDICAO DE DUREZA, MEDICAO DE ESPESSURA POR ULTRASSOM E QUALIFICACAO DE SOLDADORES",EDMILSON OTONI CORREA,IEM,26/4/2019,26/4/2020,NÃO," R$ 17.838,82 ",
23499.000516/2019-13,2019,REDE CAMACO. REDE DE TECNOLOGIA SOCIAL DA REGIAO DO MATO DENTRO,FREDERICO FERREIRA VIANA MATOS,ICT,1/4/2019,31/12/2019,SIM, R$ -   ," R$ 9.491,13 "
23088.008043/2019-34,2019,METODOLOGIA DE ANALISE DE DESEMPENHO DE REGIONAIS DE EMPRESAS DE DISTRIBUICAO,EDUARDO CRESTANA GUARDIA,ISEE,22/4/2019,22/12/2019,NÃO," R$ 94.616,00 ",
23088.008428/2019-00,2019,III JORNADA UNIVERSITARIA EM DEFESA DA REFORMA AGRARIA,LUIZ FELIPE SILVA,IRN,8/5/2019,8/5/2019,NÃO, R$ -   , R$ -   
23088.004849/2019-53,2019,TESTE DE USABILIDADE EM BOMBA EXTRACORPOREA,EGON LUIZ MULLER JUNIOR,IESTI,15/3/2019,30/6/2020,NÃO," R$ 25.828,32 ",
23088.014498/2016-46,2016,ENSAIO DE EFICIENCIA DE BOMBAS CENTRIFUGAS,ROBERTO ALVES DE ALMEIDA,IRN,1/1/2017,30/6/2017,SIM, R$ -   ," R$ 216.734,50 "
23088.007411/2019-27,2019,APLICACAO DE METODOS COMPUTACIONAIS PARA PREVISAO DE DURACAO E FREQUENCIA DE INTERRUPCAO DE ENERGIA EM ESTACÕES DISTRIBUIDORAS,BRUNO GUAZZELLI BATISTA,IMC,4/4/2019,31/09/2019,SIM," R$ 27.420,13 "," R$ 27.420,13 "
23088.008408/2019-21,2019,FISCALIZACAO DE APURACAO DOS INDICADORES DE QUALIDADE DO SERVICO NA CELESC,ROBERTO AKIRA YAMACHITA,ISSE,5/5/2019,13/1/2020,SIM," R$ 44.000,00 "," R$ 42.848,59 "
23088.006160/2019-63,2019,ESTUDO DE GASES COMBUSTIVEIS E REALIZACAO DE ENSAIOS COM MOTOR A GAS,CARLOS ROBERTO ROCHA,IRN,1/4/2019,1/7/2019,NÃO, R$ -   , R$ -   
23499.000596/2019-15,2019,CPEE - CONGRESSO PESQUISA EXTENSAO E ENSINO,MARCOS ROBERTO DE ABREU ALVES,IEI,1/5/2019,30/4/2020,NÃO, R$ -   , R$ -   
23499.000596/2019-15,2019,CPEE - CONGRESSO PESQUISA EXTENSAO E ENSINO,FERNANDA RODRIGUES DA SILVA,ICT,1/5/2019,30/4/2020,NÃO, R$ -   , R$ -   
23088.008788/2019-01,2019,"PARTICIPACAO EM CURSO DE ESPECIALIZACAO EM ENGENHARIA DE PROCESSOS, PRODUTIVIDADE E QUALIDADE NA FACULDADE DE ADMINISTRACAO E INFORMATICA (FAI), DE SANTA RITA DO SAPUCAI, MINAS GERAIS",JOSE ANTONIO QUEIROZ,IEPG,18/5/2019,18/8/2019,SIM," R$ 4.145,88 "," R$ 4.145,88 "
23499.001137/2015-17,2019,PROJETO DE MICROAERONAVES PARA O CAMPUS UNIFEI EM ITABIRA,VAGNER FERREIRA DE OLIVEIRA,IEI,3/6/2015,29/11/2015,SIM, R$ -   , R$ -   
23088.008896/2019-76,2019,PROJETO CAPACITACAO DOS MEMBROS DO CODEMA,MARCIA VIANA LISBOA MARTINS,IRN,8/5/2019,10/12/2019,SIM, R$ -   , R$ -   
23499.000681/2019-75,2019,SEGUNDA LINGUA,MARIA ELIZABETE VILLELA SANTIAGO,ICPA,1/4/2019,31/12/2019,SIM, R$ -   , R$ -   
23499.000681/2019-75,2019,SEGUNDA LINGUA,MARTINELLY VIEIRA MARTINS,ICPA,1/4/2019,31/12/2019,SIM, R$ -   , R$ -   
23499.000670/2019-95,2019,TEDXITABIRA,LILIAN BARROS PEREIRA CAMPOS,ITABIRA,15/2/2019,15/4/2019,SIM, R$ -   , R$ -   
23499.000639/2019-54,2019,ENGENHEIROS SEM FRONTEIRAS - NUCLEO ITABIRA,ELIANE MARIA VIEIRA,ICPA,25/2/2019,30/11/2019,SIM, R$ -   , R$ -   
23499.000612/2019-61,2019,CURSO DE CURTA DURACAO DE ENERGIA SOLAR FOTOVOLTAICA,RAFAEL BALBINO CARDOSO,ICPA,15/4/2019,20/5/2019,SIM," R$ 3.500,00 "," R$ 3.150,00 "
23499.000605/2019-60,2019,PAUSA,FLAVIO FONTENELLE LOQUE,ICPA,10/5/2019,10/12/2019,SIM, R$ -   , R$ -   
23499.001524/2017-15,2019,ENCHENDO O CADIM DE MUSICA: VIVENCIAS MUSICAIS,JOAO LUCAS DA SILVA,ICT,1/11/2017,31/10/2018,SIM, R$ -   , R$ -   
23499.001524/2017-15,2019,ENCHENDO O CADIM DE MUSICA: VIVENCIAS MUSICAIS,GLAUBER ZERBINI COSTAL,IEI,1/11/2017,31/10/2018,SIM, R$ -   , R$ -   
23088.009243/2019-12,2019,AERODAY,PATRICIA DA SILVA LOPES ALEXANDRINO,IEM,9/5/2019,9/5/2019,SIM, R$ -   , R$ -   
23088.008225/2019-13,2019,UNIFEI SINTROPICA,DANIELA ROCHA TEIXEIRA RIONDET COSTA,IRN,25/2/2019,31/12/2019,NÃO, R$ -   , R$ -   
23088.009450/2019-69,2019,CONTRIBUICÕES DOS ALUNOS DO CURSO CIENCIAS BIOLOGICAS LICENCIATURA PARA AS ATIVIDADES DA SEMANA DO MEIO AMBIENTE E EDUCACAO AMBIENTAL DA SECRETARIA DO MIO AMBIENTE DE ITAJUBA,SIMONE POLICENA ROSA,IRN,10/5/2019,10/6/2019,SIM, R$ -   , R$ -   
23088.009451/2019-11,2019,CRIACAO DE LABORATORIO VIRTUAL DA ENGENHARIA QUIMICA POR FLUIDODINAMICA COMPUTACIONAL (CFD),MAXIMILIAN JOACHIM HODAPP,IRN,20/5/2019,20/5/2020,SIM, R$ -   , R$ -   
23088.001838/2014-15,2019,CURSO DE APERFEICOAMENTO DA MAO DE OBRA DA CONSTRUCAO CIVIL,CARLOS AUGUSTO DE SOUZA OLIVEIRA,ITABIRA,15/6/2014,15/11/2014,SIM," R$ 13.180,24 "," R$ 13.180,24 "
23088.000676/2019-62,2019,EQUIPE DESAFIO SAMPE ITABIRA,DANIEL ANDRADA MARIA,IEI,10/4/2019,10/12/2019,SIM," R$ 10.000,00 ",
23088.009717/2019-18,2019,MEDICAO DA CONDUTIVIDADE TERMICA PELO METODO DA PLACA QUENTE PROTEGIDA EM 6 TRACOS DE CONCRETO,SANDRO METREVELLE MARCONDES DE LIMA E SILVA,IEM,13/5/2019,19/10/2019,SIM," R$ 3.690,00 "," R$ 3.690,00 "
23088.008930/2019-11,2019,ESTUDO DO IMPACTO DOS PROCESSOS DE DESCONTAMINACAO DE PCB NO DESEMPENHO DE TRANSFORMADORES,ESTACIO TAVARES WANDERLEY NETO,ISEE,13/5/2019,12/5/2020,SIM," R$ 90.000,00 "," R$ 33.103,45 "
23088.009955/2019-23,2019,CAPACITACAO TECNICA EM PROJETOS DE RESILIENCIA URBANA,BENEDITO CLAUDIO DA SILVA,IRN,16/5/2019,14/6/2019,SIM, R$ -   , R$ -   
23088.010038/2019-91,2019,SEMANA DE INVESTIMENTO AO VOLUNTARIO ,LUIZ EUGENIO VENEZIANI PASIN,IEPG,20/5/2019,25/5/2019,SIM, R$ -   , R$ -   
23499.000774/2019-08,2019,OFICINA DE SIDERURGIA E OFICINA DE CORROSAO,RICARDO LUIZ PEREZ TEIXEIRA,IEI,10/6/2019,25/6/2019,SIM, R$ -   , R$ -   
23499.000811/2019-70,2019,IRON RACERS DE FORMULA SAE 2019,LEONARDO ALBERGARIA OLIVEIRA,IEI,14/5/2019,31/12/2019,SIM," R$ 10.000,00 ",
23499.000772/2019-19,2019,MARATONA DE PROGRAMACAO,PAULO JOSE LAGE ALVARENGA ,ICT,7/5/2019,6/3/2020,SIM, R$ -   , R$ -   
23499.000828/2019-27,2019,MOB DAY,IARA ALVES MARTINS DE SOUZA,IEI,1/5/2019,24/5/2019,NÃO, R$ -   , R$ -   
23499.000828/2019-27,2019,MOB DAY,CARLOS AUGUSTO DE SOUZA OLIVEIRA,IEI,1/5/2019,24/5/2019,SIM, R$ -   , R$ -   
23088.010472/2019-71,2019,SENSIBILIZACAO SOBRE ARBORIZACAO NA ESCOLA MUNICIPAL ANTONIO SALOMON,DANIELA ROCHA TEIXEIRA RIONDET COSTA,IRN,30/5/2019,13/6/2019,SIM, R$ -   , R$ -   
23499.000855/2019-08,2019,FORRO DO LINDO,LINDOMAR MATIAS GONCALVES,ICPA,1/5/2019,1/12/2019,SIM, R$ -   , R$ -   
23499.000830/2019-04,2019,EDUCACAO AMBIENTAL - CARMESIA,ELIANE MARIA VIEIRA,ICPA,1/5/2019,31/04/2020,NÃO, R$ -   , R$ -   
23499.000809/2019-09,2019,EXPEDICAO PIRACICABA - PELA VIDA DO RIO,JOSE AUGUSTO COSTA GONCALVES,ICPA,26/5/2019,30/6/2020,NÃO, R$ -   , R$ -   
23088.010253/2019-92,2019,MAKER HACKLAB,JULIANA CAMINHA NORONHA,IEPG,25/5/2019,2/6/2019,SIM," R$ 5.742,80 "," R$ 8.392,80 "
23088.010052/2019-95,2019,MODULO RF/NERAS FIT: LEVANTAMENTO DE REQUISITOS,DANILO HENRIQUE SPADOTI,IESTI,15/5/2019,30/8/2019,SIM," R$ 6.000,00 "," R$ 6.000,00 "
23088.005667/2019-08,2019,RECUPERACAO DE MERCADO - ENERGIA SEGURA COM INIBIDORES DE FURTOS - FASE DESENVOLVIMENTO EXPERIMENTAL,ESTACIO TAVARES WANDERLEY NETO,ISEE,3/6/2019,2/5/2020,SIM," R$ 88.854,20 "," R$ 87.654,21 "
23088.010554/2019-16,2019,SISTEMA INTELIGENTE DE GESTAO DA MANUTENCAO E OPERACAO DE ATIVOS (SIGO),CARLOS HENRIQUE VALERIO DE MORAES,IESTI,18/4/2019,17/4/2020,NÃO," R$ 50.400,00 ",
23088.010542/2019-91,2019,SISTEMA INTELIGENTE DE GESTAO DA MANUTENCAO E OPERACAO DE ATIVOS (SIGO),CARLOS HENRIQUE VALERIO DE MORAES,IESTI,18/4/2019,13/4/2020,SIM," R$ 50.400,00 "," R$ 42.000,00 "
23088.011161/2019-20,2019,PALESTRA FINANCAS PESSOAIS,ANDRE LUIZ MEDEIROS,IEPG,4/6/2019,4/6/2019,SIM, R$ -   , R$ -   
23499.000780/2019-57,2019,CAPACITACAO EM METODOLOGIAS ATIVAS PARA APRIMORAMENTO DO PROCESSO DE ENSINO-APRENDIZAGEM NO ENSINO SUPERIOR,RENATA DOS SANTOS,ICPA,10/6/2019,20/12/2019,NÃO, R$ -   , R$ -   
23088.000210/2015-75,2015,EMISSAO DE PARECER TECNICO PARA FUNCIONAMENTO ININTERRUPTO - DECRETO 27.048 DE 12/08/1949 E PORTARIA 3.118 DE 03/04/1989 DO MINISTERIO DO TRABALHO,EDMILSON OTONI CORREA,IEM,11/2/2015,15/3/2015,SIM," R$ 6.500,00 "," R$ 6.500,00 "
23088.011317/2019-72,2019,ASTRONOMIA NA PRATICA,JOAO RICARDO NEVES DA SILVA,IFQ,23/6/2019,30/7/2019,SIM, R$ -   , R$ -   
23088.011560/2019-91,2019,SENSIBILIZACAO SOBRE O MEIO AMBIENTE POR MEIO DA RECICLAGEM,DANIELA ROCHA TEIXEIRA RIONDET COSTA,IRN,7/6/2019,21/6/2019,NÃO, R$ -   , R$ -   
23088.011566/2019-68,2019,XIV JOB SHOP,LAUREN FERREIRA COLVARA,IEPG,22/8/2019,23/8/2019,SIM, R$ -   , R$ -   
23088.011423/2019-56,2019,REVITALIZAR - CIEM DESEMBARGADOR FRANCISCO PEREIRA ROSA,LUIZ EUGENIO VENEZIANI PASIN,IEPG,8/6/2019,9/6/2019,SIM, R$ -   , R$ -   
23088.011427/2019-34,2019,T.R.E.M IV - TREINAMENTO REGIONAL DAS ENACTUS MINEIRAS,LUIZ EUGENIO VENEZIANI PASIN,IEPG,26/10/2019,27/10/2019,SIM, R$ -   , R$ -   
PJ001-2019,2019,UNIVERSIDADE CULTURAL: ESTIMULANDO A CULTURA NA CIDADE DE ITAJUBA,FLAVIA FERNANDA CARVALHO MOTTA BARBIERI,PROEX,8/3/2019,31/12/2019,SIM, R$ -   , R$ -   
PJ002-2019,2019,"O LABORATORIO REMOTO DA UNIFEI COMO FERRAMENTA PARA A POPULARIZACAO DA CIENCIA, TECNOLOGIA E INOVACAO: DO DESENVOLVIMENTO DE PROPOSTAS À FORMACAO DE PROFESSORES",JOSE ALBERTO FERREIRA FILHO,IESTI,22/3/2019,31/12/2019,NÃO, R$ -   , R$ -   
PJ003-2019,2019,ECOPONIA - AQUASENSOR HIDROPONIA,ODILON DE OLIVEIRA DUTRA,IESTI,1/5/2019,31/12/2019,SIM, R$ -   ," R$ 10.000,00 "
PJ004-2019,2019,APRIMORAMENTO DO DISPOSITIVO DE DESCARGA CAPACITATIVA PARA FIXACAO DE TERMOPARES EM METAIS,SANDRO METREVELLE MARCONDES DE LIMA E SILVA,IEM,1/5/2019,31/12/2019,SIM, R$ -   , R$ -   
PJ005-2019,2019,MONTAGEM DE UMA IMPRESSORA 3D COM RECURSOS AVANCADOS,JESUS ANTONIO GARCIA SANCHEZ,IEM,1/5/2019,31/12/2019,SIM," R$ 5.792,00 "," R$ 5.792,00 "
PJ006-2019,2019,LATICIN,FABIO ROBERTO FOWLER,IEPG,17/5/2019,31/12/2019,NÃO, R$ -   , R$ -   
PJ007-2019,2019,PRATICA EM RECRUTAMENTO E SELECAO,JULIANA ESTACIO RIOS,IEPG,21/5/2019,13/6/2019,SIM, R$ -   , R$ -   
PJ009-2019,2019,I - MAQUINA SELECIONADORA DO FRUTO CAFEEIRO,GIOVANI BERNARDES VITOR,ICT,9/5/2019,31/12/2019,SIM," R$ 14.928,00 ",
PJ010-2019,2019,SIMPLE JURIS,JOAO PAULO REUS RODRIGUES LEITE,IESTI,16/5/2019,31/12/2019,SIM, R$ -   , R$ -   
CR001-2019,2019,CORAL UNIFEI,CARLOS HENRIQUE PEREIRA MELLO,IEPG,1/3/2019,30/6/2019,SIM, R$ -   , R$ -   
CR005-2019,2019,PLANEJAMENTO DE CARREIRA,JULIANA ESTACIO RIOS,IEPG,8/5/2019,8/5/2019,SIM, R$ -   , R$ -   
CR006-2019,2019,BATERIA DANADA,FLAVIA FERNANDA CARVALHO MOTTA BARBIERI,PROEX,25/5/2019,29/11/2019,SIM, R$ -   , R$ -   
CR007-2019,2019,REDACAO DE PATENTES,TAISA CORREA,PROEX,24/10/2019,24/10/2019,SIM, R$ -   , R$ -   
CR008-2019,2019,PI FOR NOOBS,TAISA CORREA,PROEX,23/10/2019,23/10/2019,SIM, R$ -   , R$ -   
CR009-2019,2019,PRATICAS MEDIATIVAS E AUTOCONHECIMENTO ,FLAVIA FERNANDA CARVALHO MOTTA BARBIERI,PROEX,12/3/2019,26/11/2019,SIM, R$ -   , R$ -   
EV001-2019,2019,FEEDBACK,JULIANA ESTACIO RIOS,IEPG,12/2/2019,12/2/2019,SIM, R$ -   , R$ -   
EV005-2019,2019,CORAL UNIFEI 2019.2,FLAVIA FERNANDA CARVALHO MOTTA BARBIERI,PROEX,5/8/2019,2/12/2019,SIM, R$ -   , R$ -   
EV006-2019,2019,I WORKSHOP IEPG - METODOLOGIAS INOVADORAS NO ENSINO-APRENDIZAGEM,JULIANA ESTACIO RIOS,IEPG,1/8/2019,2/8/2019,SIM, R$ -   , R$ -   
EV009-2019,2019,ANSIEDADE: COMO LIDAR COM VESTIBULANDOS ANSIOSOS NA CONTEMPORANEIDADE?,FLAVIA FERNANDA CARVALHO MOTTA BARBIERI,PROEX,18/6/2019,18/6/2019,NÃO, R$ -   , R$ -   
EV010-2019,2019,III CIRCUITO DE ADMINISTRACAO E CONEXAO SICOOB,ANDRE LUIZ MEDEIROS,IEPG,9/9/2019,14/9/2019,SIM, R$ -   , R$ -   
EV011-2019,2019,II CIRCUITO DE ADMINISTRACAO,ISABEL CRISTINA DA SILVA ARANTES,IEPG,22/5/2019,23/5/2019,SIM, R$ -   , R$ -   
EV012-2019,2019,PRIMEIROS SOCORROS,DENISE RANSOLIN SORANSO,IEPG,2/12/2019,2/12/2019,SIM, R$ -   , R$ -   
EV013-2019,2019,LIDERANCA ARCHOTE JUNIOR,JULIANA ESTACIO RIOS,IEPG,30/9/2019,30/9/2019,SIM, R$ -   , R$ -   
EV014-2019,2019,VII FESTIVAL DE MUSICA BRASILEIRA,FLAVIA FERNANDA CARVALHO MOTTA BARBIERI,PROEX,5/8/2019,7/9/2019,NÃO, R$ -   , R$ -   
PD001-2019,2019,DROPS DE ECONOMIA E FINANCAS DO GRUPO DENARIUS,MOISES DINIZ VASSALO,IEPG,6/12/2018,3/12/2019,NÃO, R$ -   , R$ -   
PD001-2019,2019,DROPS DE ECONOMIA E FINANCAS DO GRUPO DENARIUS,VICTOR EDUARDO DE MELLO VALERIO,IEPG,6/12/2018,3/12/2019,NÃO, R$ -   , R$ -   
PD001-2019,2019,DROPS DE ECONOMIA E FINANCAS DO GRUPO DENARIUS,ANDRE LUIZ MEDEIROS,IEPG,6/12/2018,3/12/2019,NÃO, R$ -   , R$ -   
23088.011237/2019-17,2019,"SALA VERDE LEAS: PALESTRA, OFICINA E EXPOSICAO DE BANNERS SOBRE FAUNA E UNIDADES DE CONSERVACAO",DANIELA ROCHA TEIXEIRA RIONDET COSTA,IRN,6/7/2019,7/7/2019,SIM, R$ -   , R$ -   
23088.011739/2019-48,2019,BIOLOGIA DE PORTAS ABERTAS,SIMONE POLICENA ROSA,IRN,3/6/2019,4/12/2019,SIM, R$ -   , R$ -   
23499.000700/2017-00,2019,CLUBE DE XADREZ UNIFEI ITABIRA,GILBERTO DUARTE CUZZUOL,ICPA,22/6/2017,7/7/2017,SIM, R$ -   , R$ -   
23499.000808/2019-56,2019,VI WORKSHOP DO GRUPO DE PESQUISA EM SISTEMAS DE EXAUSTAO (GPESE) ,JOSE CARLOS DE LACERDA,IEI,12/3/2019,4/6/2019,SIM, R$ -   , R$ -   
23499.001717/2015-12,2019,6º WORKSHOP DE INOVACAO NO ENSINO SUPERIOR,DAIR JOSE DE OLIVEIRA,ICT,5/8/2015,12/11/2015,SIM, R$ -   , R$ -   
23499.000684/2019-17,2019,EQUIPE SAGRES,RAFAEL EMILIO LOPES,ICT,15/1/2019,31/12/2019,NÃO, R$ -   , R$ -   
23499.000551/2016-90,2019,APLICATIVO CAMINHOS DRUMONDIANOS,PAULO JOSE LAGE ALVARENGA ,ICT,18/4/2016,18/7/2016,SIM, R$ -   , R$ -   
23499.000283/2016-44,2019,COMPET - COMPETICAO EM MARATONA DE PROGRAMACAO,PAULO JOSE LAGE ALVARENGA ,ICT,1/2/2016,12/12/2016,SIM, R$ -   , R$ -   
23499.001747/2015-11,2019,APRENDER.COM,PAULO JOSE LAGE ALVARENGA ,ICT,1/3/2015,15/12/2015,SIM, R$ -   , R$ -   
23499.001746/2015-76,2019,UNIFEI TECH MORNING,PAULO JOSE LAGE ALVARENGA ,ICT,9/12/2015,9/12/2015,SIM, R$ -   , R$ -   
23499.000720/2019-34,2019,FEIRA DE ECONOMIA SOLIDARIA E SUSTENTABILIDADE DE ITABIRA 2019,JOAO LUCAS DA SILVA,ICT,29/4/2019,31/12/2019,NÃO, R$ -   , R$ -   
23499.000753/2017-12,2019,SEGUNDA LINGUA,MARIA ELIZABETE VILLELA SANTIAGO,ICPA,14/8/2017,27/11/2017,SIM, R$ -   , R$ -   
23499.000493/2017-85,2019,HACKATHON INDUSTRIAS DO SETOR METAL MECANICO NO FIEMG ITINERANTE,PAULO JOSE LAGE ALVARENGA ,ICT,26/4/2017,28/4/2017,SIM, R$ -   , R$ -   
23088.012283/2019-33,2019,ESTUDOS TECNICOS PARA ELABORACAO DO PROJETO CONCEITUAL DE UMA ESCOLA PRAQUE,ADINELE GOMES GUIMARAES,IRN,21/6/2019,21/2/2020,NÃO," R$ 40.605,00 ",
23088.012290/2019-35,2019,ESTUDOS TECNICOS PARA ELABORACAO DO PROJETO PASSARELA DE PEDESTRE,PAULO CESAR GONCALVES,IRN,21/6/2019,20/4/2020,NÃO," R$ 19.626,66 ",
23088.012342/2019-73,2019,PARTICIPACAO EM PROGRAMA DE FORMACAO E CAPACITACAO EM INOVACAO DE PROCESSO DE AVALIACAO DE INVESTIMENTOS EM PPPS: ENGENHARIA ECONOMICA I E II,JOSE ARNALDO BARRA MONTEVECHI,IEPG,24/6/2019,24/12/2019,SIM," R$ 13.800,00 "," R$ 16.224,06 "
23088.012376/2019-68,2019,PARTICIPACAO EM PROGRAMA DE FORMACAO E CAPACITACAO EM INOVACAO DE PROCESSO DE AVALIACAO DE INVESTIMENTOS EM PPPS: ENGENHARIA ECONOMICA I E II,EDSON DE OLIVEIRA PAMPLONA,IEPG,24/6/2019,24/12/2019,SIM," R$ 20.700,00 "," R$ 25.893,80 "
23088.012436/2019-42,2019,"PARTICIPACAO EM CURSO DE ESPECIALIZACAO EM ENGENHARIA DE PROCESSOS, PRODUTIVIDADE E QUALIDADE NA FACULDADE DE ADMINISTRACAO E INFORMATICA (FAI), DE SANTA RITA DO SAPUCAI, MINAS GERAIS",JOSE ANTONIO QUEIROZ,IEPG,29/6/2019,29/9/2019,SIM," R$ 4.145,88 "," R$ 3.631,58 "
23088.012164/2019-81,2019,I WORKSHOP EM FISICA EXPERIMENTAL DA UNIFEI - I WFEU,MARCELOS LIMA PERES,IFQ,24/6/2019,20/9/2019,SIM, R$ -   ," R$ 1.070,00 "
23088.012334/2019-27,2019,PROJETO ECOVEICULO,JOSE HAMILTON CHAVES GORGULHO JUNIOR,IEPG,1/1/2019,31/12/2019,SIM, R$ -   , R$ -   
23088.006900/2019-61,2019,PROJETO FORMULA SAE CHEETAH RCING UNIFEI,BRUNO SILVA DE SOUSA,IEM,1/1/2019,31/12/2019,SIM," R$ 10.000,00 ",
23088.012531/2019-46,2019,BLUE BRUNNIES,SANDRA NAKAMATSU,IFQ,26/2/2019,10/12/2019,SIM, R$ -   , R$ -   
23088.012656/2019-76,2019,ENGENHEIROS DA ALEGRIA - UNIFEI,ANA PAULA MONI SILVA,IRN,22/4/2019,31/12/2019,SIM, R$ -   , R$ -   
23088.012822/2019-34,2019,PALESTRA: EDLE: ENTREPRENEURIAL DYNAMIC LEARNING - (TECNICAS INTEGRADAS DE APRENDIZAGEM DINAMICA EMPREENDEDORA) - COMPARTILHAMENTO DE EXPERIENCIAS INOVADORAS DE APRENDIZAGEM NA EDUCACAO SUPERIOR,ELZO ALVES ARANHA,IEPG,1/7/2019,24/7/2019,SIM, R$ -   , R$ -   
23088.012830/2019-81,2019,SEMANA DE ENGENHARIA DE PRODUCAO - SEMEPRO,JOSE LEONARDO NORONHA,IEPG,1/7/2019,30/10/2019,SIM," R$ 1.379,30 ", R$ -   
23088.012860/2019-97,2019,SENSIBILIZACAO DOS ALUNOS DO 4º ANO DA ESCOLA MUNICIPAL TEODOMIRO SANTIAGO QUANTO À PROBLEMATICA DO LIXO,DANIELA ROCHA TEIXEIRA RIONDET COSTA,IRN,19/6/2019,3/7/2019,SIM, R$ -   , R$ -   
23088.012845/2019-49,2019,PROJETO ECOEFICIENTE PARA A ONG RESGATI - FASE 2,DANIELA ROCHA TEIXEIRA RIONDET COSTA,IRN,10/4/2019,30/12/2019,SIM, R$ -   , R$ -   
23088.012964/2019-00,2019,"PALESTRA SOBRE ""TEORIA E OBSERVACÕES SOBRE RELAMPAGOS NO BRASIL""",ENRIQUE VIEIRA MATTOS,IRN,9/6/2019,12/6/2019,SIM, R$ -   , R$ -   
23499.000948/2019-24,2019,CURSO DE FILOSOFIA - ATUALIZACAO,FLAVIO FONTENELLE LOQUE,ICPA,1/10/2019,31/10/2019,SIM," R$ 720,00 "," R$ 742,27 "
23088.012661/2019-89,2019,METODOLOGIAS ATIVAS E NOVAS TECNOLOGIAS EDUCACIONAIS NO ENSINO DE CIENCIAS E MATEMATICA,DENISE PEREIRA DE ALCANTARA FERRAZ,IFQ,1/8/2019,10/12/2019,SIM, R$ -   , R$ -   
23088.013402/2019-75,2019,GESTAO DE RESIDUOS INDUSTRIAIS,ROGERIO JOSE DA SILVA,IEM,9/7/2019,9/9/2019,SIM, R$ -   , R$ -   
23088.013257/2019-22,2019,DA CAPTACAO À DISTRIBUICAO: ELUCIDANDO QUESTÕES DO SISTEMA DE ABASTECIMENTO DE JESUANIA/MG,ANA LUCIA FONSECA,IRN,30/7/2018,8/12/2018,SIM, R$ -   , R$ -   
23499.000610/2017-19,2019,MARATONA MINEIRA DE PROGRAMACAO,PAULO JOSE LAGE ALVARENGA ,ICT,26/5/2017,28/5/2017,SIM, R$ -   , R$ -   
23499.001488/2017-90,2019,SUICIDE HAWKS ENGINEERING,TARCISIO GONCALVES DE BRITO,IEI,24/10/2016,25/10/2017,SIM, R$ -   , R$ -   
23088.013717/2019-12,2019,RECICLANDO E APRENDENDO,ANA LUCIA FONSECA,IRN,1/8/2019,5/12/2019,SIM, R$ -   , R$ -   
23088.013484/2019-58,2019,STARTUP WEEKEND MAKER,JULIANA CAMINHA NORONHA,IEPG,30/8/2019,1/9/2019,SIM," R$ 41.000,00 "," R$ 19.426,80 "
23088.013247/2019-97,2019,CARACTERIZACAO DE ANTENAS E MODULOS DE RADIO ONERF,DANILO HENRIQUE SPADOTI,IESTI,2/7/2019,30/6/2020,NÃO," R$ 29.400,00 ",
23088.013554/2019-78,2019,OFICINA DE EDUCACAO AMBIENTAL,ANA LUCIA FONSECA,IRN,1/8/2019,5/12/2019,SIM, R$ -   , R$ -   
23499.000980/2019-18,2019,EIXO EDUCACIONAL E A SUSTENTABILIDADE DO PROJETO DE REVITALIZACAO DE 14 ESCOLAS PUBLICAS ESTADUAIS DE ITABIRA-MG ,GISELLE DE PAULA QUEIROZ CUNHA,ICPA,4/6/2019,4/5/2020,NÃO, R$ -   , R$ -   
23499.000979/2019-85,2019,"DIAGNOSTICO, PROGNOSTICO E MOBILIZACAO DE PARCEIROS PARA REVITALIZACAO INFRAESTRUTURAL DE 14 ESCOLAS PUBLICAS ESTADUAIS DE ITABIRA-MG (PROJETO ESCOLA ""UBUNTU"" - ""SOU O QUE SOU, PORQUE SOMOS TODOS NOS!"" ",GISELLE DE PAULA QUEIROZ CUNHA,ICPA,4/6/2019,4/5/2020,NÃO, R$ -   , R$ -   
23088.014053/2019-17,2019,"PARTICIPACAO EM CURSO DE ESPECIALIZACAO EM ENGENHARIA DE PROCESSOS, PRODUTIVIDADE E QUALIDADE NA FACULDADE DE ADMINISTRACAO E INFORMATICA (FAI), DE SANTA RITA DO SAPUCAI, MINAS GERAIS (MODULO PCP)",FABIANO LEAL,IEPG,3/8/2019,28/11/2019,NÃO," R$ 3.523,53 "," R$ 3.026,32 "
23088.014058/2019-31,2019,ATIVIDADE DE EXTENSAO UNIVERSITARIA COM BASE NA EDUCACAO AMBIENTAL CRITICA E REFLEXIVA VIA DESENVOLVIMENTO DE UM PROJETO APLICADO À PERMACULTURA E SISTEMAS AGROFLORESTAIS,DANIELA ROCHA TEIXEIRA RIONDET COSTA,IRN,30/5/2019,18/6/2019,SIM, R$ -   , R$ -   
23088.014017/2019-45,2019,ESTUDOS DE DESCARGAS PARCIAIS EM ISOLADORES,ESTACIO TAVARES WANDERLEY NETO,ISEE,15/8/2019,14/5/2020,SIM," R$ 47.278,62 "," R$ 47.281,05 "
23088.014474/2019-30,2019,PALESTRA SOBRE O ARTIGO DE PROTECAO UV E VISAO NO ADVISORY BOARD J&J VISION CARE 2019,MARCELO DE PAULA CORREA,IRN,25/7/2019,25/8/2019,SIM," R$ 4.000,00 "," R$ 4.000,00 "
23088.014473/2019-95,2019,SIMPOSIO AEHA - ACUVUE EYE HEALTH ADVISOR 2019,MARCELO DE PAULA CORREA,IRN,3/8/2019,20/8/2019,SIM," R$ 3.500,00 "," R$ 3.960,00 "
23088.014898/2019-02,2019,OFICINA ORIGAMI I,MARCIA SAYURI KASHIMOTO,IMC,23/8/2019,27/9/2019,SIM, R$ -   , R$ -   
23088.014182/2019-05,2019,PARTICIPACAO EM CURSO DE CURTA DURACAO EM MANUTENCAO E TESTES AVANCADOS EM TRANSFORMADORES DE POTENCIA - TEORIA E PRATICA,ROSSANO GIMENES,IFQ,16/7/2019,16/7/2020,NÃO," R$ 1.770,88 ",
23088.015440/2019-62,2019,"PALESTRA ""RADIACAO SOLAR NO BRASIL E SEUS IMPACTOS SOBRE A SAUDE DA PELE E DOS CABELOS"" NO II SEMINARIO SOBRE PROTECAO INDOOR E OUTDOOR",MARCELO DE PAULA CORREA,IRN,15/8/2019,15/8/2019,SIM, R$ -   , R$ -   
23088.015430/2019-27,2019,TERCAS TEATRAIS,JANE RAQUEL SILVA DE OLIVEIRA,IFQ,6/8/2019,19/11/2019,SIM, R$ -   , R$ -   
23088.014977/2019-13,2019,SEMANA DA QUIMICA,FABIO DA SILVA LISBOA,IFQ,5/8/2019,9/8/2019,SIM, R$ -   , R$ -   
23088.015434/2019-13,2019,PROJETO MAOS A HORTA,ANA LUCIA FONSECA,IRN,1/8/2019,5/12/2019,SIM, R$ -   , R$ -   
23088.015274/2019-02,2019,PROJETO PRE-ACELERACAO LAB001,JULIANA CAMINHA NORONHA,IEPG,31/8/2019,30/5/2020,SIM, R$ -   , R$ -   
23088.015273/2019-50,2019,PROJETO DE PRE-ACELERACAO IMPULSO,JULIANA CAMINHA NORONHA,IEPG,31/8/2019,29/5/2020,SIM, R$ -   , R$ -   
23088.015701/2019-44,2019,II SIMPOSIO INTERNACIONAL DE EDUCACAO EM CIENCIAS E IV SEMANA DAS LICENCIATURAS DA UNIFEI,DENISE PEREIRA DE ALCANTARA FERRAZ,IFQ,11/11/2019,20/12/2019,SIM," R$ 2.000,00 "," R$ 3.002,65 "
23088.013842/2019-22,2019,SISTEMA DE INFORMACAO GERENCIAL PARA MICROEMPRESAS,ELIZABETE RIBEIRO SANCHES DA SILVA,IMC,12/8/2019,22/11/2019,SIM, R$ -   , R$ -   
23088.012557/2019-94,2019,EXCEL MINICURSO - APLICADO À ADMINISTRACAO,LUIZ EUGENIO VENEZIANI PASIN,IEPG,8/6/2019,9/6/2019,SIM, R$ -   , R$ -   
23088.016029/2019-12,2019,TREINAMENTO DO TERCEIRO NIVEL DA OBMEP,RICK ANTONIO RISCHTER,IMC,14/9/2019,7/12/2019,SIM, R$ -   , R$ -   
23088.016029/2019-12,2019,TREINAMENTO DO TERCEIRO NIVEL DA OBMEP,FERNANDO PEREIRA MICENA,IMC,14/9/2019,7/12/2019,SIM, R$ -   , R$ -   
23088.016042/2019-63,2019,"PARTICIPACAO EM CURSO DE CURTA DURACAO ""OPERACAO DE CENTRAIS TERMELETRICAS""",OSVALDO JOSE VENTURINI,IEM,19/8/2019,18/8/2020,SIM," R$ 69.952,48 "," R$ 74.112,93 "
23088.016524/2019-13,2019,TREINAMENTO DE TABLEAU,MELISE MARIA VEIGA DE PAULA,IMC,23/8/2019,23/8/2019,SIM, R$ -   , R$ -   
23088.016222/2019-45,2019,ESTUDOS DE DESCARGAS PARCIAIS EM ISOLADORES,ESTACIO TAVARES WANDERLEY NETO,ISEE,15/8/2019,14/5/2020,NÃO, R$ -   , R$ -   
23088.016710/2019-52,2019,CURSO DE MAPEAMENTO DE PROCESSO ATRAVES DA TECNICA BPMN PARA EMPRESAS JUNIORES,FABIANO LEAL,IEPG,19/9/2019,24/10/2019,SIM, R$ -   , R$ -   
23088.016901/2019-14,2019,TREINAMENTO DE MS PROJECT,ADLER DINIZ DE SOUZA,IMC,27/9/2019,27/9/2019,SIM, R$ -   , R$ -   
23088.016617/2019-48,2019,SEGUNDO ENCONTRO DE FISICA TEORICA GIFT,ALEXIS ROA AGUIRRE,IFQ,14/8/2019,30/11/2019,SIM," R$ 8.800,00 "," R$ 5.224,91 "
23499.001039/2019-11,2019,III FEIRA DE ESTAGIOS EM ENGENHARIAS DE ITABIRA - FEEI,TABATA FERNANDES PEREIRA,IEI,21/5/2020,21/5/2020,SIM, R$ -   , R$ -   
23499.001394/2019-82,2019,UNIFEI PORTAS ABERTAS ENSINO MEDIO,GEUDERSON TRASPADINI MARCHIORI,ITABIRA,26/8/2019,27/9/2018,SIM, R$ -   , R$ -   
23088.017263/2019-59,2019,QUIMICA NA PRATICA,EVANDRO FORTES ROZENTALSKI,IFQ,12/8/2019,29/11/2019,SIM, R$ -   , R$ -   
23499.001380/2019-69,2019,ENCONTRO DE ENGENHARIA AMBIENTAL,JAMES LACERDA MAIA,ICPA,2/7/2019,6/9/2019,SIM, R$ -   , R$ -   
23088.017271/2019-03,2019,REVISTA AMAN-TI-KYR: ESTUDOS INTERDISCIPLINARES EM EDUCACAO (ISSN 2526-124X)*,ALESSANDRA RODRIGUES,IFQ,26/8/2019,26/8/2020,NÃO, R$ -   , R$ -   
23088.017375/2019-18,2019,SEMANA DE TECNOLOGIAS AERONAUTICAS (STA),PATRICIA DA SILVA LOPES ALEXANDRINO,IEM,2/9/2019,6/9/2019,SIM, R$ -   , R$ -   
23088.015897/2019-77,2019,SEMANA DE ENGENHARIA DE MATERIAIS,GERSON AVELINO FERNANDES,IEM,19/8/2019,24/8/2019,SIM, R$ -   , R$ -   
23088.017195/2019-28,2019,MEDICAO DA CONDUTIVIDADE TERMICA DE MATERIAIS PELO METODO DE LASER PULSADO,DANIEL THOMAZINI,IEM,1/9/2019,31/8/2020,NÃO," R$ 17.500,00 ",
23088.015071/2019-16,2019,PARTICIPACAO NO CURSO DE CURTA DURACAO EM OPERACAO DE TURBINAS HIDRAULICAS E REGULADORES DE VELOCIDADE,EDSON DA COSTA BORTONI,ISEE,29/7/2019,29/7/2020,NÃO," R$ 3.272,08 ",
23088.017273/2019-94,2019,PALESTRA LUZ ULTRAVIOLETA E LUZ AZUL: UM MAL NECESSARIO,MARCELO DE PAULA CORREA,IRN,21/9/2019,21/9/2019,SIM," R$ 3.800,00 "," R$ 3.800,00 "
23088.017269/2019-26,2019,ELABORACAO DE MATERIAL/ARTIGO DIDATICO SOBRE RADIACAO UV NO BRASIL,MARCELO DE PAULA CORREA,IRN,26/8/2019,26/9/2019,SIM," R$ 3.400,00 "," R$ 3.400,00 "
23088.017486/2019-16,2019,DESENVOLVIMENTO E INTERSECCIONALIDADE,DANIELA ORNAGHI SANT ANNA,IRN,24/9/2019,26/11/2019,NÃO, R$ -   , R$ -   
23088.017484/2019-27,2019,1º FORUM SAO GERALDO,DANIELA ORNAGHI SANT ANNA,IRN,20/9/2019,20/9/2019,NÃO, R$ -   , R$ -   
23088.017777/2019-12,2019,I SIMPOSIO PRIMAVERA DAS MULHERES,GEISE RIBEIRO,IFQ,23/9/2019,24/9/2019,SIM, R$ -   , R$ -   
23499.001344/2019-03,2019,CURSO AUTOCAD APLICADO AO MAPEAMENTO TOPOGRAFICO 2019,ELIANE MARIA VIEIRA,ICPA,27/8/2019,3/9/2019,SIM, R$ -   , R$ -   
23499.001290/2019-78,2019,QUARTA ARTE 2019,JOAO LUCAS DA SILVA,ICT,2/9/2019,31/12/2019,SIM, R$ -   , R$ -   
23499.001275/2019-20,2019,EDUCACAO AMBIENTAL EM ESCOLAS INFANTIS,GLAUCIO MARCELINO MARQUES,ICPA,28/8/2019,11/9/2019,SIM, R$ -   , R$ -   
23088.018230/2019-26,2019,RESILIENCIA UNIFEI,BRUNO VIDAL DE ALMEIDA,IEM,27/9/2019,23/9/2020,NÃO, R$ -   , R$ -   
23088.017813/2019-30,2019,EQUIPE UAI!RRIOR DE ROBOTICA,TALES CLEBER PIMENTA,IESTI,15/10/2019,10/2/2019,SIM, R$ -   , R$ -   
23088.017984/2019-69,2019,"V CURSO DE SISTEMAS FOTOVOLTAICOS: DIMENSIONAMENTO ON E OFF GRID, TARIFACAO, TREINAMENTO EM BANCADA, VIABILIDADE ECONOMICA, AGENTE DO MERCADO FV, ESTUDOS DE CASO E SIMULACAO COMPUTACIONAL EM PVSYST",CHRISTIAN J CORONADO RODRIGUEZ,IEM,23/11/2019,23/3/2020,NÃO," R$ 11.101,00 ",
23088.018305/2019-79,2019,OFICINA PILOTO DE ENGENHARIA QUIMICA: CONSTRUCAO DE UM ELUTRIADOR PARA FINS DIDATICOS,HUGO PERAZINNI,IRN,1/10/2019,1/4/2020,NÃO, R$ -   , R$ -   
23088.018352/2019-12,2019,SALA VERDE LEAS VAI À ESCOLA: SENSIBILIZACAO AMBIENTAL NO HORTO FLORESTAL ANHUMAS,DANIELA ROCHA TEIXEIRA RIONDET COSTA,IRN,29/8/2019,29/8/2019,SIM, R$ -   , R$ -   
23088.018351/2019-78,2019,SALA VERDE LEAS VAI À ESCOLA: ARBORIZACAO E JARDINAGEM NA ESCOLA MUNICIPAL REINO ENCANTADO - INCONFIDENTES/MG,DANIELA ROCHA TEIXEIRA RIONDET COSTA,IRN,2/9/2019,6/9/2019,SIM, R$ -   , R$ -   
23088.015332/2019-90,2019,PLANEJAMENTO DAS ACÕES COMUNITARIAS DO CICLO 2019/2020 DO NUCLEO ESTRATEGICO INTERDISCIPLINAR  EM RESILIENCIA URBANA - NEIRU,ADINELE GOMES GUIMARAES,IRN,12/8/2019,12/8/2020,NÃO, R$ -   , R$ -   
23088.018858/2019-21,2019,TREINAMENTO DE USABILIDADE EM EQUIPAMENTOS MEDICOS,EGON LUIZ MULLER JUNIOR,IESTI,20/9/2019,31/3/2020,ParCial," R$ 37.435,29 "," R$ 37.425,34 "
23088.019076/2019-18,2019,PALESTRA FINANCAS PESSOAIS,ANDRE LUIZ MEDEIROS,IEPG,25/9/2019,25/9/2019,SIM, R$ -   , R$ -   
23088.018920/2019-85,2019,INTERPET 2019,THATYANA DE FARIA PIOLA SERAPHIM,IESTI,7/9/2019,7/9/2019,SIM, R$ -   , R$ -   
23088.018885/2019-02,2019,DESENVOLVIMENTO DE MANUAL PARA USO DE INDICADORES PARA ADMINISTRACAO DE MATERIAIS EM SUPERMERCADOS,FABIO FAVARETTO,IEPG,20/9/2019,10/1/2020,SIM, R$ -   ," R$ 2.298,82 "
23088.019191/2019-84,2019,ORIENTACAO SOBRE PROCEDIMENTOS CONFIAVEIS DE AMOSTRAGEM DE OLEO ISOLANTE EM TRANSFORMADORES DE POTENCIA,ROSSANO GIMENES,IFQ,27/9/2019,31/1/2020,NÃO," R$ 950,00 "," R$ 950,00 "
23088.019186/2019-71,2019,"PALESTRA "" A PROTECAO DA PELE ALEM DA RADIACAO UV: CARACTERIZACAO DE UM EXPOSSSOMA BRASILEIRO""",MARCELO DE PAULA CORREA,IRN,28/9/2019,28/9/2019,SIM," R$ 5.000,00 "," R$ 5.000,00 "
23088.013940/2019-60,2019,II WORKSHOP DE ENERGIAS OCEANICAS E FLUVIAIS,GERALDO LUCIO TIAGO FILHO,IRN,29/8/2019,30/8/2019,SIM, R$ -   , R$ -   
23088.019456/2019-44,2019,REPAROS NA INSTALACAO ELETRICA DA APAE DE PASSA QUATRO - MG,CREDSON DE SALLES,ISEE,2/9/2019,1/9/2020,NÃO, R$ -   , R$ -   
23088.019570/2019-74,2019,NEIRU DE PORTAS ABERTAS - PALESTRA SOBRE PLANEJAMENTO URBANO,MARIA RACHEL DE ARAUJO RUSSO,IRN,24/9/2019,24/9/2019,SIM, R$ -   , R$ -   
23088.017507/2019-01,2019,CERTIFICACAO E ENSAIOS DE PRODUTOS DE TECNOLOGIA DA INFORMACAO E TELECOMUNICACAO,JOSE CARLOS GRILO RODRIGUES,ISEE,1/9/2019,31/1/2021,NÃO," R$ 143.619,54 ",
23088.013268/2019-11,2019,RECUPERACAO DA MATA CILIAR DE UM TRECHO DO RIO MOGI-GUACU EM INCONFIDENTES/MG,ANA LUCIA FONSECA,IRN,31/7/2018,8/12/2018,SIM, R$ -   , R$ -   
23088.019691/2019-16,2019,APLICACAO DE METODOS COMPUTACIONAIS PARA PREVISAO DE DURACAO E FREQUENCIA DE INTERRUPCAO DE ENERGIA EM ESTACÕES DISTRIBUIDORAS,BRUNO GUAZZELLI BATISTA,IMC,5/10/2019,30/6/2020,NÃO," R$ 22.356,00 ",
23088.018999/2019-44,2019,TREINAMEMBROS - ENACTUS - NOCÕES BASICAS DE PLANILHA ELETRONICA,LUIZ EUGENIO VENEZIANI PASIN,IEPG,21/9/2019,21/9/2019,SIM, R$ -   , R$ -   
23088.019978/2019-46,2019,SPACE APPS CHALLANGE - HACKATHON NASA,JULIANA CAMINHA NORONHA,IEPG,18/10/2019,20/10/2019,SIM, R$ -   ," R$ 7.500,00 "
23088.012266/2018-15,2019,"PARTICIPACAO, EM CARATER ESPORADICO, DO PROF. CARLOS BARREIRA MARTINEZ NO CURSO DE POS-GRADUACAO LATO SENSU INTITULADO ""FONTES DE ENERGIA RENOVAVEIS - GERACAO, OPERACAO E INTEGRACAO"", OFERTADO UFMG/FCO",CARLOS BARREIRA MARTINEZ,IEM,1/10/2018,1/10/2019,SIM, R$ -   , R$ -   
23088.019835/2019-34,2019,V SEMINARIO DE RECURSOS NATURAIS,MAXIMILIAN JOACHIM HODAPP,IRN,21/10/2019,25/10/2019,SIM, R$ -   , R$ -   
23088.020419/2019-89,2019,A IMPORTANCIA DA FOTOPROTECAO EM CRIANCAS E ADOLESCENTES - 39º CONGRESSO BRASILEIRO DE PEDIATRIA,MARCELO DE PAULA CORREA,IRN,12/10/2019,12/10/2019,SIM, R$ -   , R$ -   
23088.020367/2019-41,2019,O MUNDO DA AERONAUTICA,PATRICIA DA SILVA LOPES ALEXANDRINO,IEM,3/10/2019,30/6/2020,NÃO, R$ -   , R$ -   
23499.001637/2019-82,2019,OFICINA DE PROCESSAMENTO E DE MATERIAIS PARA ENGENHARIA,RICARDO LUIZ PEREZ TEIXEIRA,IEI,10/10/2019,22/11/2019,SIM, R$ -   , R$ -   
23088.008425/2019-68,2019,EMPRESA JUNIOR - IN LOCO EMPREENDIMENTOS JUNIOR,ANDRE LUIZ VIVAN,IRN,19/4/2019,31/12/2019,SIM, R$ -   , R$ -   
23499.001466/2019-91,2019,DESENVOLVIMENTO DE UM PROTOTIPO DE TESTES DE MODULOS DE POTENCIA DE CONVERSORES DE FREQUENCIA PARA AEROGERADORES DE GRANDE PORTE,FREDERICO FERREIRA VIANA MATOS,ICT,1/10/2019,31/1/2020,SIM," R$ 3.678,16 "," R$ 3.678,16 "
23499.001392/2019-93,2019,"III CICLO DE FORMACAO INCLUSIVA, TEMA SURDEZ",MAXWELL DE SOUZA DAMASCENO,ICT,26/9/2019,26/9/2019,SIM, R$ -   , R$ -   
23499.001358/2019-19,2019,LINGUA BRASILEIRA DE SINAIS - INTERMEDIARIO,MAXWELL DE SOUZA DAMASCENO,ICT,27/8/2019,26/11/2019,SIM, R$ -   , R$ -   
23499.001358/2019-19,2019,LINGUA BRASILEIRA DE SINAIS - INTERMEDIARIO,APARECIDA PAULA JACOME DOS SANTOS,CGP,27/8/2019,26/11/2019,SIM, R$ -   , R$ -   
23499.001358/2019-19,2019,LINGUA BRASILEIRA DE SINAIS - INTERMEDIARIO,ANA AMELIA DE SOUZA,CGP,27/8/2019,26/11/2019,SIM, R$ -   , R$ -   
23088.021102/2019-60,2019,DIVULGACAO CIENTIFICA NAS PAREDES DO IFQ,WILTON DA SILVA DIAS,IFQ,10/10/2019,1/1/2021,NÃO, R$ -   , R$ -   
23088.021090/2019-73,2019,SHINE BRASIL,MILADY RENATA APOLINARIO DA SILVA,IFQ,21/10/2019,25/10/2019,SIM, R$ -   , R$ -   
23499.001551/2019-50,2019,CONSERVACAO E RESTAURACAO AMBIENTAL DE TERRITORIOS NA REGIAO DA SERRA DO ESPINHACO,ANA CAROLINA VASQUES FREITAS,ICPA,1/10/2019,1/10/2019,NÃO, R$ -   , R$ -   
23088.021320/2019-02,2019,"PALESTRA ""INTERDISCIPLINARIDADE EM METEOROLOGIA: ESTUDOS SOBRE O EXPOSSOMA E A SAUDE HUMANA"" NO IAG/USP ",MARCELO DE PAULA CORREA,IRN,25/10/2019,25/10/2019,SIM, R$ -   , R$ -   
23088.021502/2019-75,2019,ANALISE DE DADOS UTILIZANDO TABLEAU E MONGODB,VANESSA CRISTINA OLIVEIRA DE SOUZA,IMC,21/10/2019,21/10/2019,SIM, R$ -   , R$ -   
23088.021481/2019-98,2019,MANUFATURA ENXUTA III: LEAN OFFICE E LEAN HEALTHCARE,JOSE ANTONIO QUEIROZ,IEPG,29/10/2019,29/1/2020,SIM," R$ 4.145,88 "," R$ 3.734,12 "
23088.021698/2019-06,2019,"PARTICIPACAO EM CURSO DE CURTA DURACAO EM ""MANUTENCAO E TESTES AVANCADOS EM TRANSFORMADORES DE POTENCIA - TEORIA E PRATICA""",ROSSANO GIMENES,IFQ,22/10/2019,13/1/2020,SIM," R$ 5.060,00 "," R$ 4.717,95 "
23088.021706/2019-14,2019,MINICURSO DE EXTENSAO: GESTAO DE RESIDUOS INDUSTRAIS,ROGERIO JOSE DA SILVA,IEM,23/10/2019,8/11/2019,SIM, R$ -   , R$ -   
23499.001702/2019-70,2019,COMPREENSAO DAS DEMANDAS E ANALISE ERGONOMICA DO TRABALHO (AET) EM ESCOLAS MUNICIPAIS DE ITABIRA,VITOR GUILHERME CARNEIRO FIGUEIREDO,IEI,21/10/2019,21/12/2019,SIM, R$ -   , R$ -   
23088.022164/2019-99,2019,BUSINESS MEETING WEEK III,BRUNO SILVA DE SOUSA,IEM,5/11/2019,9/11/2019,NÃO, R$ -   , R$ -   
23088.022178/2019-11,2019,DESENVOLVIMENTO DE HABILIDADES EM SKILL DA ALEXA,BRUNO TARDIOLE KUEHNE,IESTI,1/11/2019,1/3/2020,NÃO," R$ 4.000,00 ",
23088.022363/2019-05,2019,RESGATE E ORGANIZACAO LINEAR DO ACERVO FACTUAL DA TRAJETORIA HISTORICO-INSTITUCIONAL DO INSTITUTO DE PRODUCAO E GESTAO DA UNIVERSIDADE FEDERAL DE ITAJUBA ,GIOVANNI HORACIO GUIMARAES,IEPG,27/10/2019,27/10/2019,NÃO, R$ -   , R$ -   
23088.022461/2019-34,2019,I WORKSHOP DE JOGOS DIGITAIS,ROBERTO AFFONSO DA COSTA JUNIOR,IMC,28/11/2019,28/11/2019,SIM, R$ -   , R$ -   
23088.022461/2019-34,2019,I WORKSHOP DE JOGOS DIGITAIS,ELISA DE CASSIA SILVA RODRIGUES,IMC,28/11/2019,28/11/2019,SIM, R$ -   , R$ -   
23088.022681/2019-68,2019,BUSINESS MEETING WEEK II,BRUNO SILVA DE SOUSA,IEM,29/10/2018,7/11/2018,SIM, R$ -   , R$ -   
23088.022027/2019-54,2019,AQUALAB,ALEXANDRE AUGUSTO BARBOSA,IRN,1/11/2019,31/10/2020,NÃO, R$ -   , R$ -   
23088.018491/2019-46,2019,TECNOLOGIAS AVANCADAS PARA DESENVOLVIMENTO DE APLICACÕES,VANESSA CRISTINA OLIVEIRA DE SOUZA,IMC,21/9/2019,5/10/2019,SIM, R$ -   , R$ -   
23088.018491/2019-46,2019,TECNOLOGIAS AVANCADAS PARA DESENVOLVIMENTO DE APLICACÕES,ROBERTO CLAUDINO DA SILVA,IMC,21/9/2019,5/10/2019,SIM, R$ -   , R$ -   
23088.018491/2019-46,2019,TECNOLOGIAS AVANCADAS PARA DESENVOLVIMENTO DE APLICACÕES,EDMILSON MARMO MOREIRA,IESTI,21/9/2019,5/10/2019,SIM, R$ -   , R$ -   
23088.023102/2019-02,2019,SPE UNIFEI - CAPITULO ESTUDANTIL DA SOCIEDADE DE ENGENHEIROS DO PETROLEO,MARCOS AURELIO DE SOUZA,IEM,6/11/2019,30/4/2020,SIM, R$ -   , R$ -   
23088.023265/2019-87,2019,PARTICIPACAO EM PROGRAMA DE CAPACITACAO EM ENGENHARIA ECONOMICA I E II,JOSE ARNALDO BARRA MONTEVECHI,IEPG,9/12/2019,9/12/2020,NÃO," R$ 11.500,00 ",
23088.023263/2019-98,2019,PARTICIPACAO EM PROGRAMA DE FORMACAO E CAPACITACAO EM INOVACAO DE PROCESSO DE AVALIACAO DE INVESTIMENTOS EM PPPS: ENGENHARIA ECONOMICA I E II,JOSE ARNALDO BARRA MONTEVECHI,IEPG,1/12/2019,1/12/2020,NÃO," R$ 13.800,00 ",
23088.022163/2019-44,2019,WORKSHOP PROJETO SEMESTRAL UNIFEI 2019,LOURIVAL JORGE MENDES NETO,IEM,1/10/2019,10/12/2019,SIM, R$ -   , R$ -   
23499.001776/2019-14,2019,MAPEAMENTO DO PROCESSO PRODUTIVO DA FERRITA DA EMPRESA FERMAG/ITABIRA,GUILHERME SIQUEIRA OLIVEIRA,IEI,3/6/2019,3/12/2019,SIM, R$ -   , R$ -   
23088.023571/2019-13,2019,PROPOSTA DE MELHORIAS NA ESTRADA RURAL DO BAIRRO PEDRA PRETA EM ITAJUBA/MG,MARIA RACHEL DE ARAUJO RUSSO,IRN,15/5/2019,20/9/2019,SIM, R$ -   , R$ -   
23088.023839/2019-17,2019,FISCALIZACAO DE SERVICOS DA DISTRIBUIDORA CELPA CONFORME PRODIST E REN ANEEL 414/2010,ROBERTO AKIRA YAMACHITA,ISEE,14/11/2019,27/1/2020,NÃO," R$ 26.532,00 "," R$ 26.532,00 "
23088.024268/2019-38,2019,INTEGRACAO DA BIOMASSA EM REFINARIAS DE PETROLEO COMO ESTRATEGIA PARA A A TRANSICAO ENERGETICA NO SETOR DE PETROLEO E GAS,DIEGO MAURICIO YEPES MAYA,IEM,19/11/2019,22/11/2019,SIM, R$ -   , R$ -   
23088.024242/2019-90,2019,PARTICIPACAO EM PROGRAMA DE FORMACAO E CAPACITACAO EM INOVACAO DE PROCESSO DE AVALIACAO DE INVESTIMENTOS EM PPPS: ENGENHARIA ECONOMICA I E II,EDSON DE OLIVEIRA PAMPLONA,IEPG,2/12/2019,8/4/2020,SIM," R$ 23.000,00 "," R$ 23.481,07 "
23088.024240/2019-09,2019,PARTICIPACAO EM PROGRAMA DE FORMACAO E CAPACITACAO EM INOVACAO DE PROCESSO DE AVALIACAO DE INVESTIMENTOS EM PPPS: ENGENHARIA ECONOMICA I E II,EDSON DE OLIVEIRA PAMPLONA,IEPG,9/12/2019,8/4/2020,SIM," R$ 20.700,00 "," R$ 7.061,00 "
23088.020889/2019-42,2019,OLIMPIADA REGIONAL DE ITAJUBA,ROBERTO AFFONSO DA COSTA JUNIOR,IMC,15/10/2019,31/12/2020,NÃO, R$ -   , R$ -   
23088.024241/2019-45,2019,"ESTUDO DE AVALIACAO DE VAZAMENTO NA ESCOLA ESTADUAL PROF ANTONIO RODRIGUES DE OLIVEIRA, ITAJUBA (MG)",FERNANDO DAS GRACAS BRAGA DA SILVA,IRN,16/12/2019,16/12/2019,SIM, R$ -   , R$ -   
23088.023265/2019-87,2019,PARTICIPACAO EM PROGRAMA DE FORMACAO E CAPACITACAO EM INOVACAO DE PROCESSO DE AVALIACAO DE INVESTIMENTOS EM PPPS: ENGENHARIA ECONOMICA I E II,JOSE ARNALDO BARRA MONTEVECHI,IEPG,9/12/2019,8/4/2020,SIM," R$ 11.500,00 "," R$ 2.875,15 "
23088.22474/2019-11,2019,ESTUDO DA DISPERSAO DE POLUENTES EM RIOS EM ITAJUBA,MAXIMILIAN JOACHIM HODAPP,IRM,8/11/2019,8/11/2020,NÃO, R$ -   , R$ -   
23088.024563/2019-94,2019,PARTICIPACAO NO PROGRAMA DE POS GRADUACAO EM CIENCIAS DA ENGENHARIA AMBIENTAL (PPGSEA),MARIA RITA RAIMUNDO E ALMEIDA ,IRN,29/10/2019,28/10/2020,SIM, R$ -   , R$ -   
23088.024471/2019-12,2019,TREINAMENTO DO TERCEIRO NIVEL DA OBMEP,RICK ANTONIO RISCHTER,IMC,6/3/2020,5/12/2020,NÃO, R$ -   , R$ -   
23088.021949/2019-44,2019,V FIM DE SEMANA DE GESTAO E LIDERANCA,RODRIGO SILVA LIMA,IMC,2/11/2016,3/11/2019,SIM, R$ -   , R$ -   
23088.023263/2019-98,2019,PARTICIPACAO EM PROGRAMA DE FORMACAO E CAPACITACAO EM INOVACAO DE PROCESSO DE AVALIACAO DE INVESTIMENTOS EM PPPS: ENGENHARIA ECONOMICA I E II,JOSE ARNALDO BARRA MONTEVECHI,IEPG,2/12/2019,8/4/2020,SIM," R$ 13.800,00 "," R$ 15.877,68 "
EV016-2019,2019,2º ENCONTRO DE VIOLAO DO SUL DE MINAS,FLAVIA FERNANDA CARVALHO MOTTA BARBIERI,PROEX,3/6/2019,15/9/2019,SIM, R$ -   , R$ -   
EV015-2019,2019,NOCÕES SOBRE PROCEDIMENTOS DE SEGURNACA NO TRABALHO,DENISE RANSOLIN SORANSO,IEPG,11/12/2019,11/12/2019,SIM, R$ -   , R$ -   
EV015-2019,2019,NOCÕES SOBRE PROCEDIMENTOS DE SEGURNACA NO TRABALHO,JULIANA CAMINHA NORONHA,IEPG,11/12/2019,11/12/2019,SIM, R$ -   , R$ -   
CR010-2019,2019,CAPACITACAO EM EDUCACAO FINANCEIRA PARA CONSULTORES (AEF- BRASIL - SEBRAE MG - UNIFEI),ANDRE LUIZ MEDEIROS,IEPG,11/12/2019,10/12/2019,SIM, R$ -   , R$ -   
23088.025440/2019-71,2019,DESENVOLVIMENTO DE ANTENA PCB PARA IOT,DANILO HENRIQUE SPADOTI,IESTI,1/12/2019,30/8/2020,NÃO," R$ 35.000,00 ",
23499.001902/2019-22,2019,NEWARMSTRONG,DEAN BICUDO KAROLAK,ITABIRA,21/12/2019,21/12/2020,NÃO, R$ -   , R$ -   
23499.001568/2019-19,2019,ENACTUS - UNIFEI - ITABIRA,FERNANDA RODRIGUES DA SILVA,ITABIRA,30/9/2019,30/8/2020,NÃO, R$ -   , R$ -   
23088.024515/2019-04,2019,"PARTICIPACAO EM CURSO DE CURTA DURACAO EM ""ELETRONICA DE POTENCIA)",RONDINELI RODRIGUES PEREIRA,IESTI,25/11/2019,24/11/2020,NÃO," R$ 10.732,33 ",
23088.013260/2019-46,2019,SENSIBILIZACAO DO USO RACIONAL DA ÀGUA EM SAO JOAO DA MATA/MG,ANA LUCIA FONSECA,IRN,5/8/2019,5/12/2019,SIM, R$ -   , R$ -   
23088.027077/2019-28,2019,TREINAMENTO ANAFAS,GUSTAVO PAIVA LOPES,ISEE,12/11/2019,19/11/2019,SIM, R$ -   , R$ -   
23088.006276/2019-01,2019,COLOQUIOS INTERDISCIPLINARES,EDUARDO HENRIQUE SILVA BITTENCOURT,IFQ,18/4/2019,14/11/2019,SIM, R$ -   , R$ -   
23088.027525/2019-93,2019,ENSAIOS ELETRICOS ,ESTACIO TAVARES WANDERLEY NETO,ISEE,1/1/2020,31/12/2020,NÃO," R$ 112.185,64 ",
23088.000070/2020-02,2020,INSPECAO EM ENSAIO DE VIBRACÕES MECANICAS EM TRANSFORMADORES DE INSTRUMENTO DE ALTA TENSAO DE 72KV A 550KV,SEBASTIAO SIMÕES DA CUNHA JUNIOR,IEM,6/1/2020,28/2/2020,NÃO," R$ 6.900,00 "," R$ 6.900,00 "
23088.018516/2019-10,2019,CURSO DE MAPEAMENTO DE PROCESSO ATRAVES DA TECNICA BPMN PARA EMPRESAS JUNIORES,FABIANO LEAL,IEPG,25/10/2019,12/12/2019,SIM, R$ -   , R$ -   
23088.026892/2019-70,2020,FUNDACAO ASIMO,LEONARDO BRESEGHELLO ZOCCAL,IESTI,1/1/2020,31/12/2020,NÃO, R$ -   , R$ -   
23088.000090/2020-73,2020,ENSAIO DE VENTILADOR CAMACHO,RAMIRO GUSTAVO RAMIREZ CAMACHO,IEM,3/1/2020,3/3/2020,NÃO," R$ 2.950,00 ",
23088.000819/2020-10,2020,ENSAIOS ELETRICOS ,ESTACIO TAVARES WANDERLEY NETO,ISEE,2/1/2020,31/12/2020,NÃO," R$ 162.000,00 ",
23088.000849/2020-18,2020,CARACTERIZACAO AMBIENTAL DOS INDIVIDUOS ARBOREOS DA AVENIDA FAISQUEIRA NO MINICIPIO DE POUSO ALEGRE,ANA PAULA MONI SILVA,IRN,15/1/2020,15/5/2020,NÃO," R$ 16.530,00 ",
23088.008315/2019-04,2020,MINI-CURSO DESENVOLVIMENTO AGIL DE PRODUTOS,CARLOS EDUARDO SANCHES DA SILVA,IEPG,29/5/2019,30/5/2019,NÃO, R$ -   , R$ -   
23088.001711/2020-36,2020,"FONTES DE ENERGIA RENOVAVEIS - GERACAO, OPERACAO E INTEGRACAO",CARLOS BARREIRA MARTINEZ,IEM,1/3/2020,1/12/2021,NÃO," R$ 9.000,00 ",
23088.027467/2019-06,2020,QUITRUPE APRESENTA: O MAGICO DE O2,JANE RAQUEL SILVA DE OLIVEIRA,IFQ,1/3/2019,30/11/2019,SIM, R$ -   , R$ -   
23088.001618/2020-21,2020,TODOS SOMOS LEITORES,CLAUDIA ELIANE DA MATTA,ISEE,2/1/2020,30/12/2020,NÃO, R$ -   , R$ -   
23088.000820/2020-36,2020,ENSAIOS ELETRICOS EM TRANSFORMADORES ,ESTACIO TAVARES WANDERLEY NETO,ISEE,2/1/2020,31/12/2020,NÃO," R$ 234.000,00 ",
23088.017926/2016-92,2016,PARTICIPACAO EM PROGRAMA DE FORMACAO E CAPACITACAO EM INOVACAO DE PROCESSOS DE AVALIACAO DE INVESTIMENTOS EM EMPRESA DE LOGISITCA E SUCROENERGETICA: ENGENHARIA ECONOMICA,JOSE ARNALDO BARRA MONTEVECHI,IEPG,31/8/2016,31/8/2016,SIM, R$ -   ," R$ 1.757,73 "
EV017-2019,2019,PRATO DO DIA,FLAVIA FERNANDA CARVALHO MOTTA BARBIERI,PROEX,21/2/2019,28/11/2019,SIM, R$ -   , R$ -   
CR015-2019,2020,CORPO A CORPO,FLAVIA FERNANDA CARVALHO MOTTA BARBIERI,ITABIRA,4/2/2019,25/11/2019,SIM, R$ -   , R$ -   
CR011-2019,2020,MUSICALIZANDO,FLAVIA FERNANDA CARVALHO MOTTA BARBIERI,PROEX,18/3/2019,4/12/2019,SIM, R$ -   , R$ -   
23088.019982/2019-12,2020,"CONCEPCAO, DESENHO  PLANEJAMENTO DA MOBILIZACAO NACIONAL ""INOVANDOBRASIL ATRAVES DE MODELO DE NEGOCIO"" ETAPA 1 - CONCEPCAO, DESENHO E PLANEJAMENTO",ELZO ALVES ARANHA,IEPG,2/10/2019,31/3/2020,SIM, R$ -   , R$ -   
23088.011974/2019-10,2020,"PLANEJAMENTO, ORGANIZACAO E REALIZACAO DO SEMINARIO DE MODELO DE NEGOCIO",ELZO ALVES ARANHA,IEPG,13/6/2019,31/10/2019,SIM, R$ -   , R$ -   
23088.001910/2020-44,2020,TESTES DE PROFICIENCIA EM ELIMINADORES DE AR,MARCIA VIANA LISBOA MARTINS,IRN,3/2/2020,2/2/2021,NÃO," R$ 5.500,00 ",
23088.024401/2017-94,2020,ENSAIO DE EFICIENCIA DE BOMBAS CENTRIFUGAS,ROBERTO ALVES DE ALMEIDA,IRN,1/1/2018,31/12/2018,NÃO," R$ 264.000,00 ",
23088005807/2019-30,2020,ENSAIO DE EFOCOENCIA DE BOMBAS HIDRULICAS,ROBERTO ALVES DE ALMEIDA,IRN,1/1/2019,31/1/2019,NÃO," R$ 179.200,00 ",
23088.021498/2019-45,2020,MINI-CURSO DE INFRAESTRUTURA E ORGANIZACAO DE COMPUTADORES,THATYANA DE FARIA PIOLA SERAPHIM,IESTI,14/10/2019,28/10/2019,SIM, R$ -   , R$ -   
23499.001540/2019-70,2020,UNIFEI FINANCE ITABIRA,RONARA CRISTINA BOZI DOS REIS,ICPA,16/10/2019,15/10/2020,NÃO, R$ -   , R$ -   
23499.001691/2019-28,2019,MARE DE RACIOCINIO,FLAVIA DA SILVA CORDEIRO,ITABIRA,30/10/2019,18/12/2019,SIM, R$ -   , R$ -   
23499.001818/2019-17,2020,NATAL SOLIDARIO,GLAUCIO MARCELINO MARQUES,ITABIRA,25/11/2019,30/11/2019,SIM, R$ -   , R$ -   
23499.001975/2019-14,2020,AVALIACAO DE PARAMETROS DE QUALIDADE DO SOLO E IMPLICACOES NOS CURSOS FLUVIAIS EM MICROBACIAS HIDROGRAFICAS DA SERRA DO ESPINHACO,FERNANDA MARIA BELOTTI,ICPA,1/1/2020,31/12/2020,NÃO, R$ -   , R$ -   
23499.001688/2019-12,2020,III ENCONTRO DE INCLUSAO DA PESSOA COM DEFICIENCIA,MAXWELL DE SOUZA DAMASCENO,ITABIRA,6/11/2019,7/11/2019,SIM, R$ -   , R$ -   
23088.001041/2020-58,2020,INTEGRA UNIFEI 2020,RODRIGO SILVA LIMA,IMC,2/3/2020,13/3/2020,SIM, R$ -   , R$ -   
23499.001701/2019-19,2020,CAPACITACAO FAENGE/UEMG: METODOLOGIAS ATIVAS PARA APRIMORAMENTO DO PROCESSO DE ENSINO-APRENDIZAGEM NO ENSINO SUPERIOR,RENATA DOS SANTOS,ITABIRA,20/11/2019,27/11/2019,SIM, R$ -   , R$ -   
23499.001699/2019-94,2020,I SEMINARIO REGIONAL SOBRE METODOLOGIAS ATIVAS NO ENSINO SUPERIOR,RENATA DOS SANTOS,ITABIRA,13/11/2019,14/11/2019,SIM, R$ -   , R$ -   
23499.001690/2019-83,2020,ESTUDOS TECNICOS E ECONOMICOS DE ALTERNATIVAS ENERGETICAS PARA AQUECIMENTO DE AGUA DE PISCINA DO CLUBE Valerio,RAFAEL BALBINO CARDOSO,ITABIRA,1/11/2019,1/4/2020,SIM, R$ -   , R$ -   
23499.001358/2019-19,2020,LINGUA BRASILEIRA DE SINAIS - INTERMEDIARIO,MAXWELL DE SOUZA DAMASCENO,ITABIRA,27/8/2019,26/11/2019,SIM, R$ -   , R$ -   
23499.000809/2019-09,2020,EXPEDICAO PIRACICABA,JOSE AUGUSTO COSTA GONCALVES,ITABIRA,26/5/2019,30/6/2020,NÃO, R$ -   , R$ -   
23499.001550/2019-13,2020,CULTURA DE PREVENCAO CONTRA INCENDIO E DESASTRES NAS ESCOLAS DE ENSINO INFANTIL E FUNDAMENTAL,ANNA RITA TOMICH MAGALHAES FELIPPE,ICPA,25/11/2019,20/12/2020,NÃO, R$ -   , R$ -   
CR016-2018,2018,MUSCALIZANDO,FLAVIA FERNANDA CARVALHO MOTTA BARBIERI,PROEX,3/5/2018,13/12/2018,SIM, R$ -   , R$ -   
CR014-2019,2019,ARTES DO CORPO,FLAVIA FERNANDA CARVALHO MOTTA BARBIERI,PROEX,21/3/2019,10/10/2019,SIM, R$ -   , R$ -   
CR013-2019,2019,RABISCANDO,FLAVIA FERNANDA CARVALHO MOTTA BARBIERI,PROEX,7/3/2019,7/8/2019,SIM, R$ -   , R$ -   
CR012-2019,2019,CIA TEATRAL D EFEITOS,FLAVIA FERNANDA CARVALHO MOTTA BARBIERI,PROEX,11/2/2019,6/12/2019,SIM, R$ -   , R$ -   
PJ011-2019,2019,CURSO ASSISTENCIAL AMIGOS DE ITAJUBÁ,FLAVIA FERNANDA CARVALHO MOTTA BARBIERI,PROEX,25/7/2019,31/12/2019,SIM, R$ -   , R$ -   
23088.013030/2019-87,2020,ALIANÇA BIBLICA UNIVERSITÁRIA DO BRASIL,PAULO FERNANDO RIBEIRO,ISEE,12/6/2019,12/6/2020,SIM, R$ -   , R$ -   
23499.001788/2017-79,2020,PROJETO JOVENS TALENTOS,LILIAN BARROS PEREIRA CAMPOS,ITABIRA,15/12/2017,14/12/2018,SIM, R$ -   , R$ -   
23499.001786/2017-80,2020,DESENVOLVIMENTO EMPREENDEDOR NO ESPAÇO DE CO-WORKING PUBLICO ITABIRA HUB,LILIAN BARROS PEREIRA CAMPOS,ICPA,15/12/2017,14/12/2018,SIM, R$ -   , R$ -   
