Número doprocesso - SIPAC/SIGAA;Ano do registro;Título da atividade;Nome do (a) Coordenador (a);Local de lotação do (a) Coordenador (a);Data de início da atividade;Data de termino da atividade;Relatório Final;Receita (Prevista);Receita (Realizada)
 23088.000296/2016-17;2016;ENSAIOS ELETRICOS EM CHAVE SECCIONADORA;ESTACIO TAVARES WANDERLEY NETO;ISEE;04/01/2016;30/06/2016;SIM; R$ -   ; R$ 4.778,68 
23088.000194/2016-00;2016;ENSAIOS ELETRICOS EM CABOS ISOLADOS;ESTACIO TAVARES WANDERLEY NETO;ISEE;01/12/2015;30/05/2016;SIM; R$ -   ; R$ 71.481,42 
23088.000245/2016-95;2016;ENSAIOS ELETRICOS EM BOBINAS;ESTACIO TAVARES WANDERLEY NETO;ISEE;04/01/2016;31/06/2016;SIM; R$ -   ; R$ 17.280,17 
23088.000258/2016-64;2016;ENSAIOS ELETRICOS EM CABOS ISOLADOS;ESTACIO TAVARES WANDERLEY NETO;ISEE;04/01/2016;30/06/2016;SIM; R$ -   ; R$ 118.510,37 
23088.000262/2016-22;2016;ENSAIOS ELETRICOS EM CAPACITORES;ESTACIO TAVARES WANDERLEY NETO;ISEE;04/01/2016;31/06/2016;SIM; R$ -   ; R$ 1.394,32 
23088.000303/2016-81;2016;ENSAIOS ELETRICOS EM EQUIPAMENTOS DE BAIXA TENSAO;ESTACIO TAVARES WANDERLEY NETO;ISEE;04/01/2016;31/06/2016;SIM; R$ -   ; R$ -   
23088.000768/2016-31;2016;CERTIFICACAO E ENSAIOS DE PRODUTOS DE TECNOLOGIA DA INFORMACAO;JOSE CARLOS GRILLO RODRIGUES;ISEE;01/01/2016;31/08/2016;NÃO; R$ 143.554,00 ; R$ 143.554,00 
23088.000776/2016-88;2016;DIAGNOSTICO DAS NASCENTES DA BACIA HIDROGRAFICA DO CORREGO DO VARGEDO – SANTA RITA DO SAPUCAI /MG;ANA PAULA MONI SILVA;IRN;01/02/2016;18/03/2016;SIM; R$ -   ; R$ -   
23088.000864/2016-80;2016;PROJETO CHEETAH E-RACING DE FORMULA SAE ELETRICO;CARLOS HENRIQUE VALERIO DE MORAES;IESTI;05/02/2016;05/02/2017;SIM; R$ -   ; R$ -   
23088.000907/2016-27;2016;POLITICA ENERGATICA, GERACAO E USO DE ENERGIA;ROGERIO JOSE DA SILVA;IEM;22/02/2016;04/07/2016;SIM; R$ -   ; R$ -   
23088.001206/2016-13;2016;ECO-VEICULO;JOSE HAMILTON CHAVES GORGULHO JUNIOR;IEPG;01/01/2016;31/12/2016;SIM; R$ -   ; R$ -   
23088.001666/2016-33;2016;EXERCICIOS DE REABILITACAO LABIRINTICA;KLEBER GONCALVES LEAO;POLIESPORTIVO ;02/03/2016;29/06/2016;SIM; R$ -   ; R$ -   
23088.001684/2016-15;2016;ESCOLINHA DE FUTEBOL;KLEBER GONCALVES LEAO;POLIESPORTIVO ;12/03/2016;25/06/2016;SIM; R$ -   ; R$ -   
23088.001688/2016-01;2016;TEMAS ESPORTIVOS PARA UNIVERSITARIOS DA UNIFEI;KLEBER GONCALVES LEAO;POLIESPORTIVO ;02/03/2016;29/06/2016;SIM; R$ -   ; R$ -   
23088.001689/2016-48;2016;ALONGAMENTO E GINASTICA GERAL;KLEBER GONCALVES LEAO;POLIESPORTIVO ;02/03/2016;29/06/2016;SIM; R$ -   ; R$ -   
23088.001700/2016-70;2016;A ESCOLA QUE CONSTRUIMOS;CIBELE MOREIRA MONTEIRO ROSA;IFQ;01/03/2016;31/12/2016;SIM; R$ -   ; R$ -   
23088.001812/2016-21;2016;FAZER KENDO E PENSAR A EDUCACAO;ROGERIO RODRIGUES;IFQ;01/04/2016;16/06/2016;SIM; R$ -   ; R$ -   
23088.002082/2016-85;2016;DAREDEVIL ROBOTICS.;GUILHERME SOUSA BASTOS;IESTI;01/01/2016;31/12/2016;SIM; R$ -   ; R$ -   
23088.002107/2016-41;2016;EQUIPE ROBOK - PROJETO ACADEMICO DE ROBOTICA AUTONOMA;LUIZ LENARTH GABRIEL VERMAAS;IESTI;01/01/2016;31/12/2016;SIM; R$ -   ; R$ -   
23088.002118/2016-21;2016;TREINAMENTO ESPECIAL PARA PROGRAMACAO COMPETITIVA;EDMILSON MARMO MOREIRA;IESTI;01/01/2016;31/12/2016;SIM; R$ -   ; R$ -   
23088.002118/2016-21;2016;TREINAMENTO ESPECIAL PARA PROGRAMACAO COMPETITIVA;EDISON OLIVEIRA DE JESUS;IMC;01/01/2016;31/12/2016;SIM; R$ -   ; R$ -   
23088.002118/2016-21;2016;TREINAMENTO ESPECIAL PARA PROGRAMACAO COMPETITIVA;ROBERTO AFFONSO DA COSTA JUNIOR;IMC;01/01/2016;31/12/2016;SIM; R$ -   ; R$ -   
23088.002281/2016-93;2016;TECNOLOGIAS EMERGENTES A SERVICO DA APRENDIZAGEM;CLAUDIA ELIANE DA MATTA;ISEE;14/03/2016;07/05/2016;SIM; R$ -   ; R$ -   
23088.002285/2016-71;2016;TODOS SOMOS LEITORES;CLAUDIA ELIANE DA MATTA;ISEE;04/02/2016;07/12/2016;SIM; R$ -   ; R$ -   
23088.002615/2016-29;2016;ENSAIOS ELETRICOS EM ESPACADORES;ESTACIO TAVARES WANDERLEY NETO;ISEE;04/01/2016;31/06/16;SIM; R$ -   ; R$ -   
23088.002619/2016-15;2016;ENSAIOS ELETRICOS EM GRAMPOS DE ANCORAGEM;ESTACIO TAVARES WANDERLEY NETO;ISEE;04/01/2016;31/06/16;SIM; R$ -   ; R$ -   
23088.002623/2016-75;2016;ENSAIOS ELETRICOS EM PARA-RAIOS;ESTACIO TAVARES WANDERLEY NETO;ISEE;04/01/2016;31/06/16;SIM; R$ -   ; R$ -   
23088.002627/2016-53;2016;ENSAIOS ELETRICOS EM ISOLADORES;ESTACIO TAVARES WANDERLEY NETO;ISEE;04/01/2016;30/06/2016;SIM; R$ 13.906,33 ; R$ 13.906,33 
23088.002632/2016-66;2016;ENSAIOS ELETRICOS EM TP – TRANSFORMADOR POTENCIAL;ESTACIO TAVARES WANDERLEY NETO;ISEE;04/01/2016;31/06/16;SIM; R$ 2.132,00 ; R$ 2.132,00 
23088.002635/2016-05;2016;ENSAIOS ELETRICOS EM TC – TRANSFORMADOR DE CORRENTE;ESTACIO TAVARES WANDERLEY NETO;ISEE;04/01/2016;31/06/16;SIM; R$ 24.909,99 ; R$ 24.909,99 
23088.002638/2016-33;2016;ENSAIOS ELETRICOS EM TRANSFORMADORES;ESTACIO TAVARES WANDERLEY NETO;ISEE;04/01/2016;30/06/2016;SIM; R$ 430.578,92 ; R$ 430.578,92 
23088.002640/2016-11;2016;ENSAIOS ELETRICOS EM MODULO EXTERNO (A);ESTACIO TAVARES WANDERLEY NETO;ISEE;04/01/2016;31/06/16;SIM; R$ -   ; R$ -   
23088.002657/2016-60;2016;ENSAIOS ELETRICOS EM NUCLEO METALICOS EM ACO - CLASSE DE TENSAO 1 KV;ESTACIO TAVARES WANDERLEY NETO;ISEE;04/01/2016;31/06/16;SIM; R$ -   ; R$ -   
23088.002919/2016-96;2016;PARTICIPACAO EM PROGRAMA DE FORMACAO E CAPACITACAO EM INOVACAO DE PROCESSOS DE AVALIACAO DE INVESTIMENTOS EM PPPS: ENGENHARIA ECONOMICA I E II;EDSON DE OLIVEIRA PAMPLONA;IEPG;09/03/2016;01/04/2016;SIM; R$ 25.125,28 ; R$ 25.125,28 
23088.002923/2016-54;2016;PARTICIPACAO EM PROGRAMA DE FORMACAO E CAPACITACAO EM INOVACAO DE PROCESSOS DE AVALIACAO DE INVESTIMENTOS EM PPPS: ENGENHARIA ECONOMICA I E II;JOSE ARNALDO BARRA MONTEVECHI;IEPG;07/03/2016;29/03/2016;SIM; R$ 8.000,00 ; R$ 12.824,33 
23088.003211/2016-52;2016;CURSO DE TECNICAS EM ALTA TENSAO;ESTACIO TAVARES WANDERLEY NETO;ISEE;07/03/2016;11/03/2016;SIM; R$ 24.000,00 ; R$ 24.000,00 
23088.003328/2016-36;2016;EQUIPE DE COMPETICAO TECNOLOGICA BLACK BEE DRONES;ALEXANDRE CARLOS BRANDAO RAMOS;IMC;25/02/2016;25/02/2017;SIM; R$ 78.492,54 ; R$ 78.492,54 
23088.003994/2016-74;2016;QUANTO VALE O DINHEIRO PARA OS JOVENS? CONSTRUCAO E CONSOLIDACAO DO CONHECIMENTO DE EDUCACAO FINANCEIRA EM ESCOLAS PUBLICAS DE ITAJUBA/MG;ANDRE LUIZ MEDEIROS;IEPG;01/04/2016;31/03/2017;SIM; R$ -   ; R$ -   
23088.004045/2016-10;2016;TUTORIA EM ROBOTICA LEGO;TALES CLEBER PIMENTA;IESTI;16/03/2016;16/01/2017;SIM; R$ -   ; R$ 18.200,00 
23088.004131/2016-14;2016;A FORMACAO DE PROFESSOR (A)ES EM SERVICO E A EDUCACAO FINANCEIRA PARA ALUNO (A)S DO ENSINO MEDIO EM ESCOLAS PUBLICAS DE ITAJUBA/MG;JOSE GILBERTO DA SILVA;IESTI;15/03/2016;15/03/2017;SIM; R$ -   ; R$ -   
23088.004292/2016-16;2016;SEMINARIOS GIFT;LEANDRO GUSTAVO GOMES;IMC;16/03/2016;09/11/2016;SIM; R$ -   ; R$ -   
23088.004308/2016-82;2016;SEMINARIOS GIFT;LEANDRO GUSTAVO GOMES;IMC;07/03/2016;30/05/2016;SIM; R$ -   ; R$ -   
23088.004311/2016-04;2016;OFICINA DE ORIGAMI PARA CRIANCAS DE 4 E 5 ANOS;MARCIA SAYURI KASHIMOTO;IMC;18/03/2016;20/05/2016;SIM; R$ -   ; R$ -   
23088.004485/2016-69;2016;A FANTASTICA FABRICA DA QUIMICA”: INTERFACES ENTRE CIENCIA E LITERATURA POR MEIO DO TEATRO;JANE RAQUEL SILVA DE OLIVEIRA;IFQ;01/03/2016;31/01/2017;SIM; R$ -   ; R$ -   
23088.004601/2016-40;2016;INSPECAO DE ENSAIOS EM ISOLADORES E TRANSFORMADORES;ESTACIO TAVARES WANDERLEY NETO;ISEE;19/03/2016;23/03/2016;SIM; R$ -   ; R$ 7.977,20 
23088.004653/2016-16;2016;ACESSIBILIDADE CULTURAL: ARTICULACÕES E REFLEXÕES NA FORMACAO DE PROFESSOR (A)ES;PALOMA ALINNE ALVES RODRIGUES RUAS;IFQ;15/03/2016;09/12/2016;SIM; R$ -   ; R$ -   
23088.004791/2016-03;2016;PROJETO DENTRO E FORA: CIRANDA DE FORMACAO ACADEMICA E PEDAGOGICA INTERDISCIPLINAR PROFESSOR (A) ;RITA DE CASSIA MAGALHAES TRINDADE STANO;IEPG;02/04/2016;13/12/2016;SIM; R$ -   ; R$ -   
23088.005254/2016-72;2016;EMPREENDEDORISMO E EDUCACAO FINANCEIRA AOS ALUNO (A)S (ENSINO MEDIO) DA REDE PUBLICA NO MUNICIPIO DE ITAJUBA;LUIZ EUGENIO VENEZIANI PASIN;IEPG;01/03/2016;31/12/2016;SIM; R$ -   ; R$ -   
23088.005493/2016-22;2016;WORKSHOP DE LEAN;JOAO BATISTA TURRIONI;IEPG;05/04/2016;05/04/2016;SIM; R$ -   ; R$ -   
23088.005495/2016-11;2016;TECNOLOGIAS EMERGENTES A SERVICO DA APRENDIZAGEM – TURMA 2;CLAUDIA ELIANE DA MATTA;ISEE;02/05/2016;20/06/2016;SIM; R$ -   ; R$ -   
23088.005549/2016-49;2016;"PARTICIPACAO NO CURSO ""OPERACAO DE CENTRIAS TERMELETRICAS""";OSVALDO JOSE VENTURINI;IEM;06/04/2016;15/04/2016;SIM; R$ -   ; R$ -   
23088.005593/2016-59;2016;SEMANA DE ENGENHARIA DE PRODUCAO;CARLOS HENRIQUE PEREIRA MELLO;IEPG;22/08/2016;26/09/2016;SIM; R$ 1.000,00 ; R$ 1.000,00 
23088.006045/2016-46;2016;INSPECAO DE ENSAIOS EM ISOLADORES;ESTACIO TAVARES WANDERLEY NETO;ISEE;05/02/2016;17/02/2016;SIM; R$ -   ; R$ 7.128,00 
23088.006331/2016-10;2016;PRATICAS INCLUSICAS NO ENSINO DE CIENCIAS;PALOMA ALINNE ALVES RODRIGUES RUAS;IFQ;01/04/2016;09/12/2016;SIM; R$ -   ; R$ -   
23088.006601/2016-84;2016;17A CONFERENCIA INTERNACIONAL SOBRE HARMONICOS E QUALIDADE DA ENERGIA (17TH ICHQP);PAULO FERNANDO RIBEIRO ;ISEE;01/01/2016;31/12/2016;SIM; R$ -   ; R$ -   
23088.006812/2016-17;2016;SEMANA NACIONAL DE EDUCACAO FINANCEIRA: ITAJUBA/MG E REGIAO;ANDRE LUIZ MEDEIROS;IEPG;16/05/2016;21/05/2016;SIM; R$ -   ; R$ -   
23088.006812/2016-17;2016;SEMANA NACIONAL DE EDUCACAO FINANCEIRA: ITAJUBA/MG E REGIAO;JOSE GILBERTO DA SILVA;IESTI;16/05/2016;21/05/2016;SIM; R$ -   ; R$ -   
23088.006812/2016-17;2016;SEMANA NACIONAL DE EDUCACAO FINANCEIRA: ITAJUBA/MG E REGIAO;LUIZ EUGENIO VENEZIANI PASIN;IEPG;16/05/2016;21/05/2016;SIM; R$ -   ; R$ -   
23088.006812/2016-17;2016;SEMANA NACIONAL DE EDUCACAO FINANCEIRA: ITAJUBA/MG E REGIAO;CARLOS EDUARDO CORREA MOLINA;IEPG;16/05/2016;21/05/2016;SIM; R$ -   ; R$ -   
23088.007264/2016-42;2016;PROJETO PLAY - EMPREENDEDORISMO SOCIAL;ANDREA AP. DA COSTA MINEIRO;IEPG;02/03/2015;01/12/2015;SIM; R$ -   ; R$ -   
23088.007740/2016-25;2016;AMBIENTE NATURAL: APROXIMANDO A COMUNIDADE DA UNIFEI E DA CIDADE DE ITAJUBA DO TRABALHO VOLUNTARIO DA ASSOCIACAO RESGACTI.;DANIELA ROCHA TEIXEIRA RIONDET COSTA;IRN;04/05/2016;04/05/2017;SIM; R$ -   ; R$ -   
23088.007751/2016-13;2016;1ª JORNADA UNIVERSITARIA EM DEFESA DA REFORMA AGRARIA;LUIZ FELIPE SILVA;IRN;11/05/2016;11/05/2016;SIM; R$ -   ; R$ -   
23088.007760/2016-04;2016;SCIKAB: UMA FERRAMENTA COMPUTACIONAL GRATUITA PARA ENGENHEITOS E CIENTISTAS;GUILHERME YOUSSEF RODRIGUEZ;IRN;15/02/2016;19/02/2016;SIM; R$ -   ; R$ -   
23088.007842/2016-41;2016;PROJETO DE COMBATE A INCENDIO;VALQUIRIA CLARET DOS SANTOS;IRN;12/04/2016;09/06/2016;SIM; R$ -   ; R$ -   
23088.007918/2016-38;2016;III SEMANA ACADEMICA DE QUIMICA (SAQ);FLAVIO SOARES SILVA  ;IFQ;19/10/2016;22/10/2016;SIM; R$ -   ; R$ -   
23088.007920/2016-15;2016;PROJETO FORMULA SAE CHEETAH RACING UNIFEI;BRUNO SILVA DE SOUSA;IEM;01/01/2016;31/12/2016;SIM; R$ -   ; R$ 1.000,00 
23088.007929/2016-18;2016;PROJETO SAE AERODESING;ROGERIO FRAENDORF DE FARIA COIMBRA;IEM;01/05/2016;30/04/2017;SIM; R$ -   ; R$ -   
23088.008052/2016-82;2016;PROJETOS DE EMPREENDEDORISMO SOCIAL;ANDREA AP. DA COSTA MINEIRO;IEPG;24/02/2016;22/06/2016;SIM; R$ -   ; R$ -   
23088.008469/2016-45;2016;EMISSAO DE PARECER TECNICO P/FUNDAMENTO ININTERRUPTO - DECRETO 27.048 DE 12/08/49 E PORTARIA 945 DE 08/07/15 DO MINISTERIO DO TRABALHO;RICARDO RISSO CHAVES;IEM;12/05/2016;10/06/2016;SIM; R$ -   ; R$ 7.650,00 
23088.008473/2016-11;2016;III SEMANA DOS RECURSOS ENERGETICOS;LUCILENE DE OLIVEIRA RODRIGUES;IEM;31/05/2016;03/06/2016;SIM; R$ -   ; R$ -   
23088.008626/2016-12;2016;CINE & PROSA;CARLOS ALBERTO MAXIMO PIMENTA;IEPG;01/06/2016;31/05/2017;SIM; R$ -   ; R$ -   
23088.008636/2016-58;2016;ENGENHEIROS SEM FRONTEIRA;DANIELA ORNAGHI SANT ANNA;IRN;01/10/2015;01/10/2016;SIM; R$ -   ; R$ -   
23088.008711/2016-81;2016;PALESTRA SOBRE A METODOLOGIA DE UTILIZACAO DA IDENTIFICACAO UNICA DE PRODUTOS, DESENVOLVIDA NO AMBITO DA CONTRATO DE SERVICOS BR/CNT/1501664 OPAS/UNIFEI/FAPEPE;FABIO FAVARETTO;IEPG;15/04/2016;05/05/2016;NÃO; R$ 20.000,00 ;
23088.008889/2016-21;2016;ENSAIO DE EFICIENCIA DE BOMBAS CENTRIFUGAS;ROBERTO ALVES DE ALMEIDA;IRN;01/01/2016;30/06/2016;SIM; R$ -   ; R$ 140.805,50 
23088.009371/2016-13;2016;CURSO DE GERENCIAMENTO DE TECNOLOGIAS DE INFORMACAO EM SAUDE;EGON LUIZ MULLER JUNIOR;PRG;16/11/2015;18/06/2016;SIM; R$ -   ; R$ -   
23088.009584/2016-37;2016;CINE E PROSA;CARLOS ALBERTO MAXIMO PIMENTA;IEPG;12/05/2015;11/05/2016;SIM; R$ -   ; R$ -   
23088.009614/2016-13;2016;HOW TO ENHANCE YOUR ENTREPRENEURIAL PROFILE;FABIO ROBERTO FOWLER;IEPG;25/05/2016;25/05/2016;SIM; R$ 10.500,00 ; R$ 10.500,00 
23088.010665/2016-80;2016;OS DIREITOS DE TODOS PARA TODOS;DANIELA ROCHA TEIXEIRA RIONDET COSTA;IRN;07/06/2016;15/07/2016;SIM; R$ -   ; R$ -   
23088.010842/2016-28;2016;ENSAIOS ELETRICOS;ESTACIO TAVARES WANDERLEY NETO;ISEE;01/07/2016;31/12/2016;SIM; R$ -   ; R$ 160.420,00 
23088.010908/2016-80;2016;ENSAIOS ELETRICOS EM TRANSFORMADORES;ESTACIO TAVARES WANDERLEY NETO;ISEE;01/07/2016;31/12/2016;SIM; R$ -   ; R$ -   
23088.011068/2016-75;2016;ENSAIOS ELETRICOS EM TRANSFORMADORES;ESTACIO TAVARES WANDERLEY NETO;ISEE;01/07/2016;31/12/2016;SIM; R$ -   ; R$ 181.980,61 
23088.011137/2016-92;2016;ENSAIOS FISICO-QUIMICOS EM MATERIAIS ELETRICOS ;ESTACIO TAVARES WANDERLEY NETO;ISEE;01/07/2016;31/12/2016;SIM; R$ -   ; R$ -   
23088.011138/2016-92;2016;ENSAIOS ELETRICOS;ESTACIO TAVARES WANDERLEY NETO;ISEE;01/07/2016;31/12/2016;SIM; R$ -   ; R$ 109.648,06 
23088.011332/2016-78;2016;DESENVOLVIMENTO DE NOVA METODOLOGIA DE FISCALIZACAO DAS EMPRESAS DISTRIBUIDORAS DE ENERGIA ELETRICA COM A UTILIZACAO DE BIG DATA;JAMIL HADDAD;ISEE;18/02/2016;01/08/2016;SIM; R$ -   ; R$ 108.060,00 
23088.011786/2016-49;2016;LETRAMENTO CIENTIFICO E TECNOLOGICO NA ESCOLA BASICA;ELIANE MATESCO CRISTOVAO;IMC;31/03/2016;30/12/2016;SIM; R$ -   ; R$ -   
23088.012066/2016-09;2016;PROJETO BEBEDOUROS;HERLANE COSTA CALHEIROS;IRN;01/08/2016;31/01/2018;SIM; R$ -   ; R$ -   
23088.012096/2016-15;2016;PALESTRA SOBRE PLANEJAMENTO FINANCEIRO;CLEBER GONCALVES JUNIOR;IEPG;23/06/2016;23/06/2016;SIM; R$ -   ; R$ -   
23088.012097/2016-51;2016;CENTRO DE ESTUDANTES VOLUNTARIOS AMIGOS DE ITAJUBA - CEVAI;LUIZ EUGENIO VENEZIANI PASIN;IEPG;01/03/2016;30/12/2016;SIM; R$ -   ; R$ -   
23088.012146/2016-56;2016;PRIMEIRA SEMANA DE ENGENHARIA ELETRICA;MAURICIO CAMPOS PASSARO;ISEE;08/08/2016;12/08/2016;SIM; R$ -   ; R$ -   
23088.008808/2017-74;2017;PARTICIPACAO NO CURSO DE CURTA DURACAO – QPSE – OPERACAO E PLANEJAMENTO DE SISTEMAS DE POTENCIA;ROBSON CELSO PIRES;ISEE;03/04/2017;07/04/2017;SIM; R$ 5.202,33 ; R$ 5.995,66 
23088.020856/2016-50;2016;CURSO DE QUALIFICACAO EM SISTEMAS ELETRICOS - ESTABILIDADE E DINAMICA DE SISTEMAS ELETRICOS II;MAURICIO CAMPOS PASSARO;ISEE;19/09/2016;22/09/2016;SIM; R$ -   ; R$ 2.450,00 
23088.021967/2016-83;2016;ENSAIOS ELETRICOS;ESTACIO TAVARES WANDERLEY NETO;ISEE;01/01/2017;31/06/2017;SIM; R$ 80.000,00 ; R$ 19.301,01 
23088.012216/2016-76;2016;SEMINARIOS GMAT2016/2;LEANDRO GUSTAVO GOMES;IMC;04/08/2016;31/11/16;SIM; R$ -   ; R$ -   
23088.013676/2016-11;2016;SENSIBILIZACAO DOS PROFESSOR (A)ES E TECNICOS DA UNIFEI PARA O COMBATE DO MOSQUITO AEDES AEGYPTI;DANIELA ROCHA TEIXEIRA RIONDET COSTA;IRN;15/03/2016;21/06/2016;SIM; R$ -   ; R$ -   
23088.013677/1016-66;2016;SENSIBILIZACAO DA COMUNIDADE DA UNIFEI SOBRE O USO DE VIDRO PARA PRODUCAO DE ARTESANADO;DANIELA ROCHA TEIXEIRA RIONDET COSTA;IRN;15/03/2016;21/06/2016;SIM; R$ -   ; R$ -   
23088.013678/2016-19;2016;SENSIBILIZACAO DOS ESTUDANTES DAS REPUBLICAS DA UNIFEI VISANDO A GESTAO DE RESIDUOS SOLIDOS;DANIELA ROCHA TEIXEIRA RIONDET COSTA;IRN;15/03/2016;21/06/2016;SIM; R$ -   ; R$ -   
23088.013679/2016-55;2016;SENSIBILIZACAO PARA O RACIONAMENTO DE AGUA NAS REPUBLICAS;DANIELA ROCHA TEIXEIRA RIONDET COSTA;IRN;15/03/2016;21/06/2016;SIM; R$ -   ; R$ -   
23088.013868/2016-28;2016;DESPERDICIO DE AGUA: SENSIBILIZACAO DOS RESPONSAVEIS TECNICOS PELA MANUTENCAO DE VAZAMENTOS NOS BANHEIROS DA UNIFEI;DANIELA ROCHA TEIXEIRA RIONDET COSTA;IRN;15/03/2016;21/06/2016;SIM; R$ -   ; R$ -   
23088.013869/2016-72;2016;IMPORTANCIA DA RECICLAGEM DO ÒLEO DE COZINHA USADO;DANIELA ROCHA TEIXEIRA RIONDET COSTA;IRN;15/03/2016;21/06/2016;SIM; R$ -   ; R$ -   
23088.013870/2016-05;2016;SENSIBILIZACAO DOS COLABORADORES TERCEIRIZADOS DA UNIFEI, CAMPUS ITAJUBA SOBRE PREVENCAO E COMBATE DO AEDES AEGYPTI;DANIELA ROCHA TEIXEIRA RIONDET COSTA;IRN;15/03/2016;21/06/2016;SIM; R$ -   ; R$ -   
23088.013906/2016-42;2016;CURSO DE HIDRAULICA BASICA;HELCIO FRANCISCO VILLA NOVA;IEM;08/08/2016;10/08/2016;SIM; R$ -   ; R$ 4.571,54 
23088.014256/2016-52;2016;EQUIPE UAI!RRIOR DE ROBOTICA ;TALES CLEBER PIMENTA;IESTI;22/08/2016;22/08/2017;SIM; R$ -   ; R$ 28.953,00 
23088.014496/2016-57;2016;1ª REUNIAO DA REDE TEMATICA IBEROAMERICANA SOBRE HIDROEMERGIA EM PEQUENA ESCALA E WORKSHOP DE HIDROENERGIA EM PEQUENA ESCALA;GERALDO LUCIO TIAGO FILHO;IRN;29/08/2016;31/08/2016;NÃO; R$ -   ; R$ -   
23088.014498/2016-46;2016;ENSAIO DE EFICIENCIA DE BOMBAS CENTRIFUGAS;ROBERTO ALVES DE ALMEIDA;IRN;01/07/2016;30/06/2017;SIM; R$ 140.000,00 ; R$ 2.016.734,50 
23088.014699/2016-43;2016;1º ENCONTRO DE POPULARIZACAO DE CIENCIA, TECNOLODIA, INOVACAO E EMPREENDEDORISMO DO SUL DE MINAS;ELZO ALVES ARANHA;IEPG;21/09/2016;10/02/2017;SIM; R$ -   ; R$ -   
23088.014781/2016-78;2016;"SUPORTE TECNICO PARA ELABORACAO DE ANALISES ELEMENTOS FINITOS À FMC""";ANTONIO CARLOS ANCELOTTI JUNIOR;IEM;05/07/2016;05/08/2016;SIM; R$ -   ; R$ 5.000,00 
23088.014782/2016-12;2016;REALIZACAO DE ENSAIOS DE CONTROLE DE QUALIDADE GE;ANTONIO CARLOS ANCELOTTI JUNIOR;IEM;05/07/2016;20/12/2017;SIM; R$ -   ; R$ 1.800,00 
23088.015055/2016-75;2016;SENSIBILIZACAO DA COMUNIDADE DISCENTE NO COMBATE AO AEDES AEGYPTI;DANIELA ROCHA TEIXEIRA RIONDET COSTA;IRN;15/03/2016;21/06/2016;SIM; R$ -   ; R$ -   
23088.015056/2016-17;2016;SENSIBILIZACAO DOS ALUNO (A)S DE SEXTO ANO DO ENSINO FUNDAMENTAL DO CURSO G9 SOBRE A IMPORTANCIA DO SOLO;DANIELA ROCHA TEIXEIRA RIONDET COSTA;IRN;15/03/2016;21/06/2016;SIM; R$ -   ; R$ -   
23088.015434/2016-62;2016;II SEMINARIO SOBRE AGRICULTURA FAMILIAR E DESENVOLVIMENTO RURAL;VIVIANE GUIMARAES PEREIRA;IEPG;05/10/2016;07/10/2016;SIM; R$ -   ; R$ -   
23088.015435/2016-15;2016;PROJETO ESPECIAL: LIGA DE MERCADO FINANCEIRO;CLEBER GONCALVES JUNIOR;IEPG;01/08/2016;31/07/2017;SIM; R$ -   ; R$ -   
23088.015430/2016-84;2016;PROJETOS DE EMPREENDEDORISMO TECNOLOGICO;ANDREA AP. DA COSTA MINEIRO;IEPG;03/08/2016;30/11/2016;SIM; R$ -   ; R$ -   
23088.016604/2016-26;2016;APLICACAO DA METODOLOGIA STAMP PARA O DESENVOLVIMENTO DE SISTEMAS COMPLEXIS;MARCELO SANTIAGO DE SOUSA;IEM;09/01/2017;27/01/2017;SIM; R$ -   ; R$ -   
23088.017375/16-67;2016;PRESTACAO DE CONSULTORIA EM QUALIDADE DE ENERGIA ELETRICA;JOSE MARIA DE CARVALHO FILHO;ISEE;26/09/2016;22/12/2017;SIM; R$ -   ; R$ 32.731,50 
23088.017444/2016-32;2016;PROJETO DE CONSERVACAO AUDITIVA EM ESCOLA PUBLICAS MUNICIPAIS PARA A PREVENCAO DA PERDA AUDITIVA INDUZIDA PELO RUIDO;LUIZ FELIPE SILVA;IRN;26/09/2016;31/03/2016;SIM; R$ -   ; R$ -   
23088.010924/2016-72;2016;CURSO DE ATUALIZACAO EM TECNOLOGIA DE DRONES;ALEXANDRE CARLOS BRANDAO RAMOS;IMC;04/02/2017;30/06/2017;SIM; R$ -   ; R$ -   
23088.017145/2016-06;2016;SPE UNIFEI – CAPITULO ESTUDANTIL DA SOCIEDADE DOS ENGENHEIROS DE PETROLEO;JAMIL HADDAD;ExCen;01/10/2016;30/09/2017;SIM; R$ -   ; R$ -   
23088.017967/2016-89;2016;EMPREENDEDORISMO SOCIOAMBIENTAL E DESENVOLVIMENTO REGIONAL SUSTENTAVEL COM BASE NA PRODUCAO DE PRODUTOS ORGANICOS;LUIZ EUGENIO VENEZIANI PASIN;IEPG;01/02/2016;30/12/2016;SIM; R$ -   ; R$ -   
23088.017969/2016-78;2016;EMPREENDEDOR SOCIAL - NOVAS TENDENCIAS;LUIZ EUGENIO VENEZIANI PASIN;IEPG;20/10/2016;20/10/2016;SIM; R$ -   ; R$ -   
23088.017972/2016-91;2016;INOVACAO E TENDENCIAS DE MERCADO - OPORTUNIDADES NO AGRONEGOCIO BRASILEIRO;LUIZ EUGENIO VENEZIANI PASIN;IEPG;21/10/2016;21/10/2016;SIM; R$ -   ; R$ -   
23088.018773/2016-09;2016;AERODAY;PATRICIA SILVA LOPES ALEXANDRINO;IEM;10/11/2016;11/11/2016;SIM; R$ -   ; R$ -   
23088.019515/2016-31;2016;CAMPANHA DE CONSCIENTIZACAO PREVENCAO COMBATE DO MOSQUITO AEDES AEGYPTI ;SIMONE POLICENA ROSA;IRN;19/10/2016;20/12/2017;SIM; R$ -   ; R$ -   
23088.018660/2016-03;2016;CONSULTORIA EM ENGENHARIA ELETRICA NA AREA DE SUBESTACÕES DE DISTRIBUICAO.;JOSE MARIA DE CARVALHO FILHO;ISEE;20/10/2016;23/03/2017;SIM; R$ 48.300,00 ; R$ 51.865,00 
23088.017730/2016-06;2016;PROTECAO DE SISTEMAS ELETRICOS - BASICO;PAULO MARCIO DA SILVEIRA;ISEE;26/09/2016;28/09/2016;SIM; R$ -   ; R$ 15.550,62 
23088.020059/2016-72;2016;ANALISES DE MICROSCOPIA ELETRONICA DE VARREDURA;GILBERT SILVA;IEM;10/11/2016;31/12/2017;SIM; R$ 40.000,00 ; R$ 20.000,00 
23088.020065/2016-20;2016;INTRIDUCAO A SISTEMAS HIBRIDOS EOLICO -  FOTOVOLTAICOS, DIMNESIONAMENTO DE SISTEMAS ISOLADOS E CONECTADOS À REDE, ESTUDO DE CASO;CHRISTIAN J CORONADO RODRIGUEZ;IEM;10/03/2017;11/03/2017;NÃO; R$ 14.000,00 ;
23088.020116/2016-13;2016;PARTICIPACAO NO CURSO OPERACAO, CONTROLE E MONITORAMENTO AMBIENTAL DE UTES;OSVALDO J VENTURI;IEM;21/11/2016;25/11/2016;SIM; R$ -   ; R$ 20.752,14 
23088.020342/2016-02;2016;OFICINA PILOTO DE ENGENHARIA QUIMICA: CONSTRUCAO DE UMA TORRE DE RESFIRAMENTO;HUGO PERAZINNI;IRN;01/12/2016;01/06/2017;SIM; R$ -   ; R$ -   
23088.020343/2016-49;2016;OFICINA PILOTO DE ENGENHARIA QUIMICA: ADEQACAO E RESTAURACAO DE UMA UINIDADE DIDATICA;HUGO PERAZINNI;IRN;01/12/2016;01/06/2017;SIM; R$ -   ; R$ -   
23088.19261/2016-51;2016;SEMINARIO DE ECONOMIA SOLIDARIA: DESAFIOS E PERSPECTIVAS;VIVIANE GUIMARAES PEREIRA;IEPG;10/11/2016;10/11/2017;SIM; R$ -   ; R$ -   
23088.20345/2016-38;2016;OFICINA PILOTO DE ENGENHARIA QUIMICA: CONSTRUCAO DE UM SECADOR DE LEITO FIXO;HUGO PERAZINNI;IRN;01/12/2016;01/06/2017;SIM; R$ -   ; R$ -   
23088.020581/2016-54;2016;ENGENHEIROS DA ALEGRIA;ANA PAULA MONI SILVA;IRN;01/11/2016;01/11/2017;SIM; R$ -   ; R$ -   
23088.005830/2016-81;2016;CURSO USABILIDADE E EQUIPAMENTOS MEDICOS – DOCUMENTO TECNICO CONTENDO PROCEDIMENTOS PARA PROJETO DE EQUIPAMENTO CONSIDERANDO ATRIBUTOS DE USABILIDADE DE PRODUTOS PARA A SAUDE;ANA PAULA SIQUEIRA SILVA DE ALMEIDA;IESTI;12/04/2016;13/04/2016;SIM; R$ -   ; R$ 10.000,00 
23088.021728/2016-23;2016;DESENVOLVIMENTO DE UM PROTOTIPO DE MOLA EM PEEK/CARBONO;ANTONIO CARLOS ANCELOTTI JUNIOR;IEM;12/12/2016;28/02/2019;NÃO; R$ 250.000,00 ;
23088.021726/2016-34;2016;REALIZACAO DE ENSAIOS DE CONTROLE DE QUALIDADE GE;ANTONIO CARLOS ANCELOTTI JUNIOR;IEM;09/12/2016;22/12/2017;SIM; R$ 17.220,00 ; R$ 17.220,00 
23088.017938/2016-17;2016;PARTICIPACAO EM PROGRAMA DE FORMACAO E CAPACITACAO EM INOVACAO DE PROCESSOS DE AVALIACAO DE INVESTIMENTOS EM EMPRESA DE LOGISTICA E SUCROENERGETICA: ENGENHARIA ECONOMICA;EDSON DE OLIVEIRA PAMPLONA;IEPG;01/09/2016;02/09/2016;SIM; R$ 2.636,00 ; R$ 2.636,59 
23088.019251/2016-16;2016;PARTICIPACAO EM PROGRAMA DE FORMACAO E CAPACITACAO EM INOVACAO DE PROCESSOS DE AVALIACAO DE INVESTIMENTOS EM PPPS: ENGENHARIA ECONOMICA I E II;JOSE ARNALDO BARRA MONTEVECHI;IEPG;17/10/2016;18/10/2016;SIM; R$ 18.700,00 ; R$ 15.114,30 
23088.019253/2016-13;2016;PARTICIPACAO EM PROGRAMA DE FORMACAO E CAPACITACAO EM INOVACAO DE PROCESSOS DE AVALIACAO DE INVESTIMENTOS EM PPPS: ENGENHARIA ECONOMICA I E II;EDSON DE OLIVEIRA PAMPLONA;IEPG;19/10/2016;21/10/2016;SIM; R$ 28.000,00 ; R$ 28.751,59 
23088.021731/2016-47;2016;DESENVOLVIMENTO DE UM PROTOTIPO DE SUPORTE DE SELOS EM PEEK/CARBONO;ANTONIO CARLOS ANCELOTTI JUNIOR;IEM;12/12/2016;20/12/2017;NÃO; R$ 161.500,00 ;
23088.022242/2016-11;2016;MEDICAO DE CONDUTIVIDADE TERMICA;SANDRO MENTREVELLE MARCONDES DE LIMA E SILVA;IEM;01/02/2017;31/10/2017;SIM; R$ 2.214,01 ; R$ 2.214,01 
23088.022326/2016-46;2016;ENSAIO DE EFICIENCIA DE BOMBAS CENTRIFUGAS;ROBERTO ALVES DE ALMEIDA;IRN;01/01/2017;30/06/2017;SIM; R$ 140.000,00 ; R$ 216.734,50 
23088.021972/2016-96;2016;INSPECAO DE ENSAIOS EM ISOLADORES E TRANSFORMADORES;ESTACIO TAVARES WANDERLEY NETO;ISEE;01/07/2016;31/12/2016;SIM; R$ -   ; R$ 8.133,84 
23088.000946/2017-13;2017;SENSIBILIZACAO DE ALUNOS DO ENSINO FUNDAMENTAL SOBRE RESIDUOS SOLIDOS;DANIELA ROCHA TEIXEIRA RIONDET COSTA;IRN;25/11/2016;25/11/2016;SIM; R$ -   ; R$ -   
23088.001150/2017-70;2017;III LATIN AMERICAN MEETING HYDRO POWER END SYSTEMS;GERALDO LUCIO TIAGO FILHO;IRN;05/09/2017;07/09/2017;NÃO; R$ -   ; R$ -   
23088.000348/2017-36;2016;CERTIFICACAO E ENSAIOS DE PRODUTOS DE TECNOLOGIA E TELECOMUNICACAO;JOSE CARLOS GRILLO RODRIGUES;ISEE;01/01/2017;31/07/2018;NÃO; R$ -   ; R$ -   
23088.021968/2016-28;2016;ENSAIOS ELETRICOS EM TRANSFORMADORES;ESTACIO TAVARES WANDERLEY NETO;ISEE;01/01/2017;30/06/2017;SIM; R$ 330.000,00 ;
23088.021964/2016-40;2016;ENSAIOS ELETRICOS;ESTACIO TAVARES WANDERLEY NETO;ISEE;02/01/2017;30/06/2017;SIM; R$ 175.150,00 ; R$ 104.783,08 
23088.003196/2016-42;2016;PROJETO BAJA - SACI;FELIPE DE SOUZA ELOY;IEM;01/01/2016;31/12/2016;SIM; R$ -   ; R$ -   
23088.021971/2016-41;2016;ENSAIOS FISICO-QUIMICOS EM MATERIAIS ELETRICOS;ESTACIO TAVARES WANDERLEY NETO;ISEE;01/01/2017;30/06/2017;SIM; R$ -   ; R$ -   
23088.002471/2017-91;2017;PROJETO BAJA - EQUIPE SACI;DIEGO MAURICIO YEPES MAYA;IEM;01/01/2017;31/12/2017;SIM; R$ 24.425,44 ; R$ 24.425,44 
23088.002798/2017-63;2017;CURSO ASSISTENCIAL THEODOMIRO SANTIAGO - CATS;EDMILSON MARMO MOREIRA;IESTI;10/01/2016;10/12/2016;SIM; R$ -   ; R$ -   
23088.002876/2017-20;2017;AIRCRAFT STRUCTURAL ANALYSIS USING THE FINITE ELEMENT METHOD;PATRICIA SILVA LOPES ALEXANDRINO;IEM;13/02/2017;17/02/2017;SIM; R$ -   ; R$ -   
23088.017590/2016-68;2016;CURSO DE TERMOGRAFIA NA EMPRESA VALE;GUILHERME SOUSA BASTOS;IESTI;13/10/2016;14/10/2016;SIM; R$ -   ; R$ 9.940,38 
23088.021446/2016-26;2016;WORKSHOP DE EMPREENDEDORISMO, EDUCACAO EMPREENDEDORA, APRENDIZAGEM ATIVA E DESIGN THINKING PARA PROFESSORES E ESTUDANTES DA ESCOLA PUBLICA DE ENSINO MEDIO;ELZO ALVES ARANHA;IEPG;09/12/2016;12/12/2016;SIM; R$ -   ; R$ -   
23088.003287/2017-69;2017;CURSO ASSISTENCIAL THEODOMIRO SANTIAGO - CATS;EDMILSON MARMO MOREIRA;IESTI;10/01/2017;10/12/2017;SIM; R$ -   ; R$ -   
23088.003333/2017-20;2017;PROJETO CHEETAH E-RACING DE FORMULA SAE ELETRICO;JULIANA CAMINHA NORONHA;IEPG;23/02/2017;30/01/2018;SIM; R$ -   ; R$ -   
23088.003385/2017-04;2017;ROBOK – FUTEBOL DE ROBOS;LUIZ LENARTH GABRIEL VERMAAS;IESTI;01/01/2017;31/12/2017;SIM; R$ 10.000,00 ; R$ -   
23088.003435/2017-45;2017;EX MACHINA;JULIANA CAMINHA NORONHA;IEPG;01/01/2017;31/12/2017;SIM; R$ -   ; R$ -   
23088.003437/2017-34;2017;ECOVEICULO;JOSE HAMILTON CHAVES GORGULHO JUNIOR;IEPG;01/01/2017;31/12/2017;SIM; R$ 73.500,00 ; R$ 56.500,00 
23088.021079/2016-61;2016;1º BUSINESS MODEL INTERNATIONAL MEETING - BRAZIL & DENMARK                                     ;ELZO ALVES ARANHA;IEPG;01/12/2016;15/02/2016;SIM; R$ -   ; R$ -   
23088.000348/2017-36;2017;CERTIFICACAO E ENSAIOS DE PRODUTOS DE TECNOLOGIA E TELECOMUNICACAO;JOSE CARLOS GRILLO RODRIGUES;ISEE;01/01/2017;31/12/2017;NÃO; R$ 141.370,00 ;
23088.000326/2017-76;2017;XXII CONGRESSO REGIONAL DOS ESTUDANTES DE ENGª QUIMICA COREEQ;MAXIMILIAN JOACHIM HODAPP;IRN;23/07/2017;30/07/2017;SIM; R$ -   ; R$ -   
23088.003656/2017-13;2017;PROGRAMACAO;RAFAEL DE MOURA MOREIRA;IESTI;04/03/2017;04/03/2018;SIM; R$ -   ; R$ -   
23088.002064/2017-84;2017;BEYOND ROCKET DESING;HELCIO FRANCISCO VILLA NOVA;IEM;06/10/2016;01/01/2018;SIM; R$ -   ; R$ -   
23088.004242/2017-10;2017;CENTRO DE ESTUDANTES VOLUNTARIOS AMIGOS DE ITAJUBA;LUIZ EUGENIO VENEZIANI PASIN;IEPG;01/03/2017;30/12/2017;SIM; R$ -   ; R$ -   
23088.003489/2017-19;2017;EPIC CODERS – MARATONA DE PROGRAMACAO;EDMILSON MARMO MOREIRA;IESTI;01/01/2017;31/12/2017;SIM; R$ 83.000,00 ; R$ 40.000,00 
23088.003489/2017-19;2017;EPIC CODERS – MARATONA DE PROGRAMACAO;ROBERTO AFFONSO DA COSTA JUNIOR;IMC;01/01/2017;31/12/2017;SIM; R$ -   ; R$ -   
23088.004250/2017-58;2017;DESENVOLVIMENTO DE UM PRODUTO EM PEEK/CARBONO PARA REFORCO INTERNO DE SELOS;ANTONIO CARLOS ANCELOTTI JUNIOR;IEM;07/03/2017;20/12/2017;NÃO; R$ 23.284,50 ;
23088.003288/2017-11;2017;COYOTES MOTORACING ;ANTONIO CARLOS ANCELOTTI JUNIOR;IEM;01/01/2017;31/12/2017;SIM; R$ 23.700,00 ; R$ 10.000,00 
23088.017928/2016-81;2016;COMO PREPARAR MEU FUTURO FINANCEIRO;ANDRE LUIZ MEDEIROS;IEPG;20/09/2016;21/09/2016;SIM; R$ -   ; R$ -   
23088.004669/2017-18;2017;PROJETO DE COMPETICAO TECNOLOGICA ;ALEXANDRE CARLOS BRANDAO RAMOS;IMC;26/02/2017;26/02/2018;SIM; R$ 55.263,16 ; R$ 10.000,00 
23088.004700/2017-11;2017;"COORIENTACAO DO TRABALHO ""ANALISE DA RESISTENCIA À FLEXAO E FISSURACAO EM VIGAS COM FIBRAS DE BAMBU";VALQUIRIA CLARET DOS SANTOS;IRN;01/04/2016;01/03/2017;SIM; R$ -   ; R$ -   
23088.004807/2017-51;2017;TIME ENACTUS - ENTREPRENEURIAL ACTION US;LUIZ EUGENIO VENEZIANI PASIN;IEPG;20/03/2017;31/12/2017;SIM; R$ -   ; R$ -   
23088.005013/2017-12;2017;FOMACAO BÀSICA DE TUTORIA;CLAUDIA ELIANE DA MATTA;ISEE;22/03/2017;13/04/2017;SIM; R$ -   ; R$ -   
23088.005471/2017-43;2017;USABILIDADE E EQUIPAMENTOS MEDICOS: INSERINDO OS ATRIBUTOS DE USABILIDADE NO DESENVOLVIMENTO DE PRODUTOS PARA A SAUDE;RODRIGO MAXIMIANO ANTUNES DE ALMEIDA;IESTI;03/04/2017;04/04/2017;SIM; R$ -   ; R$ -   
23088.005537/2017-03;2017;XXXI ENCONTRO REGIONAL DA SOCIEDADE BRASILEIRA DE QUIMICA DE MINAS GERAIS;MAURICIO SILVA DOS SANTOS;IFQ;24/11/2017;26/11/2017;SIM; R$ 79.200,00 ; R$ 75.158,68 
23088.006173/2017-17;2017;FLIPERAMAAA;ENZO SERAPHIM;DSI;08/04/2017;08/04/2017;SIM; R$ -   ; R$ -   
23088.006475/2017-49;2017;PROJETO PLAY - EMPREENDEDORISMO SOCIAL ;ADILSON DA SILVA MELLO ;IEPG;02/03/2017;10/12/2017;SIM; R$ -   ; R$ -   
23088.006489/2017-62;2017;IV SEMINARIO DE RECURSOS NATURAIS;MARCELO DE PAULA CORREA;IRN;07/08/2017;11/08/2017;SIM; R$ -   ; R$ -   
23088.006145/2017-53;2017;SEMINARIOS GIFT;ALEXIS ROA AGUIRRE;IFQ;15/03/2017;08/11/2017;SIM; R$ -   ; R$ -   
23088.005872/2017-01;2017;II SEMINARIO NACIONAL DE POLITICAS CULTURAIS E AMBIENTAIS;CARLOS ALBERTO MAXIMO PIMENTA;IEPG;24/07/2017;24/10/2017;SIM; R$ -   ; R$ -   
23088.006462/2017-70;2017;CURSO DE CURTA DURACAO – QPSE – PROTECAO DE SISTEMAS ELETRICOS;PAULO MARCIO DA SILVEIRA;ISEE;13/02/2017;17/02/2017;SIM; R$ -   ; R$ 8.795,66 
23088.020477/2016-40;2016;CURSO DE QUALIFICACAO EM SISTEMAS ELETRICOS - ESTABILIDADE DE TENSAO EM SISTEMAS ELETRICOS DE POTENCIA;BENEDITO ISAIAS DE LIMA LOPES;ISEE;21/06/2016;23/06/2016;SIM; R$ -   ; R$ 4.550,00 
23088.007270/2017-81;2017;WORKSHOPS SOBRE USABILIDADE E EQUIPAMENTOS MEDICOS EM ACORDO COM A ABNT NBR IEC 62366;RODRIGO MAXIMIANO ANTUNES DE ALMEIDA;IESTI;02/05/2017;08/08/2017;NÃO; R$ 2.000,00 ;
23088.006945/2017-74;2017;II JORNADA UNIVERSITARIA EM DEFESA DA REFORMA AGRARIA (JURA);LUIZ FELIPE SILVA;IRN;03/05/2017;03/05/2017;SIM; R$ -   ; R$ -   
23088.007274/2017-69;2017;PARTICIPACAO NO CURSO DE CURTA DURACAO – QPSE – ELETRONICA DE POTENCIA APLICADA A SISTEMAS ELETRICOS;MAURICIO CAMPOS PASSARO;ISEE;24/10/2016;27/10/2016;SIM ; R$ 2.590,00 ; R$ 1.400,00 
23088.007794/2017-71;2017;CULTIVAR-TE;ADHIMAR FLAVIO OLIVEIRA;IFQ;01/05/2017;31/12/2017;SIM ; R$ 9.690,00 ; R$ 6.527,61 
23088.007798/2017-20;2017;DANADA DE LATA: ESTIMULANDO A CRIATIVIDADE POR MEIO DA MUSICA E DA SUCATA;CIBELE MOREIRA MONTEIRO ROSA;IFQ;01/06/2017;31/12/2017;SIM ; R$ 7.995,00 ; R$ 9.053,98 
23088.007802/2017-80;2017;TECNOLOGIAS EMERGENTES A SERVICO DA APRENDIZAGEM;CLAUDIA ELIANE DA MATTA;ISEE;17/04/2017;22/12/2017;SIM ; R$ 10.800,00 ;
23088.007811/2017-71;2017;"PROJETO DENTRO E FORA; CIRANDA DE FORMACAO ACADEMICA E PEDAGOGICA INTERDISCIPLINAR DOCENTE";RITA DE CASSIA MAGALHAES TRINDADE STANO;IEPG;01/04/2017;31/12/2017;SIM; R$ 9.516,00 ;
23088.007817/2017-48;2017;CONSOLIDACAO E REESTRUTURACAO DO PROGRAMA DE INCUBACAO DA INTECOOP - COM A PRIORIZACAO DE ACOES ESTRATEGICAS E DE GESTAO ÀS ASSOCIACÕES E COOPERATIVAS INCUBADAS;CARLOS EDUARDO CORREA MOLINA;IEM;01/04/2017;31/12/2017;SIM; R$ 10.000,00 ;
23088.007822/2017-51;2017;ECONOMIA SOLIDARIA NA PEROBA - ITAJUBA MG: GERACAO DE RENDA E EMANCIPACAO SOCIAL DAS MULHERES RURAIS;VIVIANE GUIMARAES PEREIRA;IEPG;03/04/2017;15/12/2017;SIM; R$ 7.659,60 ; R$ 7.282,00 
23088.007824/2017-40;2017;RECUPERACAO DA AREA DE RECARGA AS NASCENTE DO BAIRRO PEDRAO, ULITIZADA COMO FONTE DE ABASTECIMENTO DE AGUA PELA COMUNIDADE RURAL;ANA LUCIA FONSECA;IRN;19/04/2017;31/12/2017;SIM; R$ 9.400,00 ; R$ 3.694,35 
23088.007829/2017-40;2017;SEMEADURA DO DIALOGO ENTRE ENGENHARIA E AGROECOLOGIA: ESCOLA LIVRE DE AGROECOLOGIA E SOCIEDADE (ELAS) EM PEDRALVA;LUIZ FELIPE SILVA;IRN;05/05/2017;31/12/2017;SIM; R$ 10.000,00 ;
23088.007830/2017-05;2017;GESTAO DE RESIDUOS INDUSTRIAIS;ROGERIO  JOSE DA SILVA;IEM;16/09/2017;07/10/2017;SIM; R$ 7.448,00 ;
23088.007830/2017-05;2017;GESTAO DE RESIDUOS INDUSTRIAIS;ROGERIO JOSE DA SILVA;IEM;01/05/2017;31/12/2017;SIM; R$ -   ; R$ -   
23088.007832/2017-96;2017;PRATICAS INCLUSICAS NO ENSINO DE CIENCIAS;PALOMA ALINNE ALVES RODRIGUES RUAS;IFQ;01/04/2017;31/12/2017;SIM; R$ 10.000,00 ;
23088.007837/2017-19;2017;O ESPACO INTERCIENCIAS: O CENTRO DE DIVULGACAO CIENTIFICA DA UNFEI;AGENOR PINA DA SILVA;IFQ;20/02/2017;10/12/2017;SIM; R$ 10.000,00 ;
23088.007839/2017-16;2017;COLOQUIOS INTERDISCIPLINARES;EDUARDO HENRIQUE SILVA BITTENCOURT;IFQ;06/04/2017;17/11/2017;SIM; R$ 8.400,00 ; R$ 7.500,00 
23088.007963/2017-73;2017;EMPREENDEDORISMO SOCIOAMBIENTAL E DESENVOLVIMENTO REGIONAL SUSTENTAVEL COM BASE NA PRODUCAO DE PRODUTOS ORGANICOS;LUIZ EUGENIO VENEZIANI PASIN;IEPG;01/03/2017;30/12/2017;SIM; R$ -   ; R$ -   
23088.006994/2017-15;2017;ELETRONICA DE POTENCIA APLICADA A SISTEMAS ELETRICOS;ANGELO JOSE JUNQUEIRA RESEK;ISEE;24/10/2016;27/10/2016;SIM; R$ -   ; R$ 3.500,00 
23088.008233/2017-90;2017;EMPREENDEDORISMO, INOVACAO ABERTA, APRENDIZAGEM ATIVA E DESIGN THINKING NO RECONCAVO DA BAHIA;ELZO ALVES ARANHA;IEPG;31/05/2017;02/05/2017;SIM; R$ -   ; R$ -   
23088.008288/2017-08;2017;OPERACAO DE TURBINAS HIDRAULICAS E REGULADORES DE VELOCIDADE;EDSON DA COSTA BORTONI;ISEE;01/08/2016;04/08/2016;NÃO; R$ -   ; R$ -   
23088.009475/2017-09;2017;SISTEMA DE INFORMACAO GEOGRAFICA: PRATICAS E USO;ANA PAULA SILVA FIGUEIREDO;IRN;22/05/2017;02/06/2017;SIM; R$ -   ; R$ -   
23088.020935/2016-61;2016;CURSO DE QUALIFICACAO EM SISTEMAS ELETRICOS - ESTABILIDADE E DINAMICA DE SISTEMAS ELETRICOS II;ZULMAR SOARES MACHADO JUNIOR ;ISEE;19/09/2016;23/09/2016;SIM; R$ -   ; R$ 2.450,00 
23088.005050/2017-12;2017;CURSO DE CURTA DURACAO - QPSE - MODULO OCNFIABILIDADE DOS SISTEMAS ELETRICOS;JOAO GUILHERME DE CARVALHO  COSTA;ISEE;21/11/2016;25/11/2016;SIM; R$ -   ; R$ 5.600,00 
23088.008285/2017-66;2017;REGULADORES DE VELOCIDADE;EDSON DA COSTA BORTONI;ISEE;02/05/2017;04/05/2017;NÃO; R$ 24.840,00 ;
23088.021680/2016-53;2016;ELETRONICA DE POTENCIA APLICADA A SISTEMAS ELETRICOS;ANGELO JOSE JUNQUEIRA RESEK;ISEE;24/10/2016;27/10/2016;SIM; R$ -   ; R$ 3.500,00 
23088.008153/2017-34;2017;CURSO QPSE – METODOS COMPUTACIONAIS E MATEMATICA APLICADA EM SISTEMAS ELETRICOS DE POTENCIA;BENEDITO ISAIAS DE LIMA LOPES;ISEE;08/05/2017;12/05/2017;SIM; R$ 8.791,02 ; R$ 10.430,84 
23088.008773/2017-73;2017;PARTICIPACAO MO CURSO DE CURTA DURACAO - QPSE - GERACAO TERMICA I;VLADIMIR RAFAEL MELIAN COBAS;IEM;13/02/2017;17/02/2017;SIM; R$ 17.518,72 ; R$ 8.759,36 
23088.005891/2017-20;2017;SECOMP - SEMANA DA COMPUTACAO;THATYANA DE FARIA PIOLA SERAPHIM;IESTI;03/04/2017;07/04/2017;SIM; R$ -   ; R$ -   
23088.009547/2017-18;2017;ENSAIOS PARA CERTIFICACAO DE CABOS DE LINHA ELETRICA;ANTONIO CARLOS ANCELOTTI JUNIOR;IEM;01/05/2017;20/12/2017;NÃO; R$ 10.780,00 ;
23088.010247/2017-73;2017;INTRODUCAO A SISTEMAS FOTOVOLTAICOS. DIMENSIONAMENTO DE SISTEMAS ON E OFF GRID, TREINAMENTO EM BANCADA, ANALISE TECNICO ECONOMICA, ESTUDOS DE CASO E SIMULACAO COMPUTACIONAL;CHRISTIAN J CORONADO RODRIGUEZ;IEM;14/09/2017;14/11/2017;SIM; R$ 140.000,00 ; R$ 12.475,00 
23088.004801/2017-83;2017;CURSO DE INTRODUCAO AO EMPREENDEDORISMO PARA ALUNOS DO ENSINO MEDIO - MODULO I - COMPORTAMENTO EMPREENDEDOR;ELZO ALVES ARANHA;IEPG;27/03/2017;27/06/2017;SIM; R$ -   ; R$ -   
23088.005949/2017-35;2017;MINICURSOS PMAT 2017;LEANDRO GUSTAVO GOMES;IMC;24/04/2017;27/10/2017;SIM; R$ -   ; R$ -   
23088.006179/2017-48;2017;VI ENCONTRO SUL-MINEIRO DE ENSINO DE FISICA (VI ESMEF);THIAGO COSTA CAETANO;IFQ;04/09/2017;06/09/2017;SIM; R$ 5.016,00 ; R$ 3.800,00 
23088.008115/2017-81;2017;ELABORACÕA DE DOCUMENTOS TECNICOS PARA SUBSIDIAR O SUO DA IDENTIFICACAO UNICA DE PRODUTOS (UDI) E O GERENCIAMENTO DE RISCO EM REDES MEDICAS DE TI NO PROJETO DE PRODUTOS PARA SAUDE DO GRUPO DE ENGENHARIA BIOMEDICA (GEB);JOSE ALBERTO FERREIRA FILHO;PRAD;11/11/2016;30/04/2017;NÃO; R$ 160.000,00 ;
23088.008806/2017-85;2017;ALIANCA BIBLICA UNIVERSITARIA DO BRASIL;PAULO FERNANDO RIBEIRO ;ISEE;22/05/2017;25/05/2018;SIM; R$ -   ; R$ -   
23088.008687/2017-61;2017;PARTICIPACAO NO CURSO DE CURTA DURACAO - QPSE - GERACAO TERMICA II;VLADIMIR RAFAEL MELIAN COBAS;IEM;08/03/2017;10/03/2017;SIM; R$ 25.991,32 ; R$ 25.991,32 
23088.007618/2017-30;2017;UNIFEI-SINTROPICA;ALAN BENDASOLI PAVAN;IFQ;26/04/2017;25/04/2018;SIM; R$ -   ; R$ -   
23088.010479/2017-30;2017;DESPERTANDO PARA A PESQUISA;JOSE CARLOS GRILLO RODRIGUES;ISEE;24/02/2017;30/06/2017;NÃO; R$ -   ; R$ -   
23088.010894/2017-85;2017;CURSO DE EXTENSAO EAD SOBRE TECNOLOGIAS E EDUCACAO;CARLOS ALBERTO MAXIMO PIMENTA;IEPG;12/06/2017;30/06/2017;SIM; R$ -   ; R$ -   
23088.0010826/2017-16;2017;PROJETOS DE ENGENHARIA DE PRODUCAO;LOURIVAL J MENDES NETO;IEM;20/02/2017;14/07/2017;SIM; R$ -   ; R$ -   
23088.008464/2017-01;2017;PROJETO SAE AERODESING - EQUIPE UIRA;JESUS ANTONIO GARCIA SANCHEZ;IEM;01/05/2017;30/04/2018;SIM; R$ 10.000,00 ; R$ 10.500,00 
23088.008891/2017-81;2017;PROPECCAO TECNOLOGICA NO SETOR DE ENERGIA ELETRICA;PAULO FERNANDO RIBEIRO ;ISEE;01/03/2017;30/11/2017;SIM; R$ 12.000,00 ; R$ 12.000,00 
23088.011058/2017-18;2017;PARTICIPACAO NO CURSO DE CURTA DURACAO - QPSE - ANALISE DE SISTEMAS DE POTENCIA;CLAUDIO FERREIRA;ISEE;05/06/2017;07/06/2017;SIM; R$ 12.991,02 ; R$ 15.630,84 
23088.011117/2017-58;2017;ESTUDO DE CONFIABILIDADE DA SE TUCURUI 1ª ETAPA – 550 KV;AIRTON VIOLIN;ISEE;13/03/2017;12/06/2017;SIM; R$ 27.999,94 ; R$ 19.779,49 
23088.007146/2017-15;2017;PCH-I HIDROLOGIA APLICADA À GERACAO HIDRELETRICA;GERALDO LUCIO TIAGO FILHO;IRN;24/04/2017;27/04/2017;SIM; R$ 15.253,00 ; R$ 11.848,54 
23088.011295/2017-89;2017;FUNDAMENTOS DE EMPREENDEDORISMO;CIBELE MOREIRA MONTEIRO ROSA;IFQ;19/06/2017;17/07/2017;SIM; R$ -   ; R$ -   
23088.011296/2017-23;2017;TENDENCIAS CONTEMPORANEAS DE GESTAO ORGANIZACIONAL;CIBELE MOREIRA MONTEIRO ROSA;IFQ;19/06/2017;17/07/2017;SIM; R$ -   ; R$ -   
23088.012020/2017-62;2017;AVALIACAO DE IMPACTOS AMBIENTAIS PARQUE MUNICIPAL DE ITAJUBA;CAMILA ROCHA GALHARDO;IRN;13/04/2017;30/06/2017;NÃO; R$ -   ; R$ -   
23088.012708/2017-42;2017;EMISSAO DE PARECER TECNICO PARA FUNCIONAMENTO INISTERRUPTO;RICARDO RISSO CHAVES;IEM;28/06/2017;27/06/2018;SIM; R$ 36.000,00 ; R$ 9.579,00 
23088.006857/2017-72;2017;I SIMPOSIO DE EDUCACAO INCLUSIVA DA UNIFEI;PALOMA ALINNE ALVES RODRIGUES RUAS;IFQ;09/08/2017;11/08/2017;SIM; R$ -   ; R$ -   
23088.004117/2017-00;2017;V ENCONTRO MINEIRO DE SISTEMAS DINAMICOS;BRAULIO AUGUSTO GARCIA;IMC;08/11/2017;10/11/2017;SIM; R$ 25.940,00 ; R$ -   
23088.011290/2017-56;2017;ETICA E RESPONSABILIDADE SOCIAL NAS ORGANIZACÕES;CIBELE MOREIRA MONTEIRO ROSA;IFQ;19/06/2017;17/07/2017;SIM; R$ -   ; R$ -   
23088.013334/2017-82;2017;PARTICIPACAO EM PROGRAMA DE FORMACAO E CAPACITACAO EM INOVACAO DE PROCESSOS DE FINANCAS CORPORATIVAS, CONTABILIDADE GERENCIAL E VALORACAO DE EMPRESAS (VALUATION) A SER REALIZADO PELA FUPAI;EDSON DE OLIVEIRA PAMPLONA;IEPG;14/08/2017;18/08/2017;SIM; R$ 9.200,00 ; R$ 7.863,25 
23088.002278/2017-51;2017;12º SEMINARIO DE MEIO AMBIENTE E ENERGIAS RENOVAVEIS - SEMEAR;GERALDO LUCIO TIAGO FILHO;IRN;07/06/2017;08/06/2017;SIM; R$ -   ; R$ -   
23088.008647/2017-19;2017;PARTICIPACAO MO CURSO DE CURTA DURACAO - QPSE - GERACAO HIDRAULICA;BENEDITO CLAUDIO DA SILVA;IRN;15/05/2017;19/05/2017;SIM; R$ 12.600,00 ; R$ 12.995,66 
23088.011619/2017-89;2017;PARTICIPACAO NO CURSO DE CURTA DURACAO – QPSE – ECONOMIA DO SETOR ELETRO-ENERGETICO ;EDUARDO GUARDIA CRESTANA;ISEE;26/06/2017;30/06/2017;SIM; R$ 5.195,66 ; R$ 5.230,84 
23088.012705/2017-17;2017;EMISSAO DE PARECER TECNICO SOBRE QUESTÕES DE PROVA PARA FINS JURIDICOS, POR SOLICITACAO DE PESSOA FISICA;RICARDO RISSO CHAVES;IEM;28/06/2017;30/08/2017;SIM; R$ -   ; R$ 2.000,00 
23088.013563/2017-05;2017;CONSULTORIA EM CERTIFICACAO AERONAUTICA;ROGERIO FRAENDORF DE FARIA COIMBRA;IEM;15/07/2017;15/10/2017;SIM; R$ 7.200,00 ; R$ 7.200,00 
23088.013695/2017-29;2017;ANALISE DE FALHAS EM MOTORES DE INDUCAO TRIFASICOS ALIMENTADOS POR INVERSORES DE FREQUENCIA;ANGELO JOSE JUNQUEIRA RESEK;ISEE;17/07/2017;17/01/2018;SIM; R$ 12.000,00 ;
23088.013590/2017-70;2017;PARTICIPACAO NO CURSO DE CURTA DURACAO - BOMBAS CENTRIFUGAS, SUBMERSIVEIS, FUSO, DOSADORAS;HELCIO FRANCISCO VILLA NOVA;IEM;25/07/2017;27/07/2017;SIM; R$ 3.570,00 ; R$ 3.058,80 
23088.013805/2017-52;2017;ENSAIO ELETRICOS;ESTACIO TAVARES WANDERLEY NETO;ISEE;01/07/2017;31/12/2017;SIM; R$ 200.000,00 ; R$ 139.903,35 
23088.013850/2017-15;2017;INSPECAO DE ENSAIOS EM ISOLADORES E TRANSFORMADORES;ESTACIO TAVARES WANDERLEY NETO;ISEE;01/07/2017;31/12/2017;SIM; R$ 41.464,51 ; R$ -   
23088.013967/2017-91;2017;"WORKSHOP ""SMART GRIDS E METRICAS INTEGRADAS DE DESEMPENHO ELETRICO";PAULO FERNANDO RIBEIRO ;ISEE;10/08/2017;11/08/2017;SIM; R$ -   ; R$ -   
23088.013963/2017-11;2017;"PROJETO ""VIDEOLABS""";BENEDITO DONIZETI BONATTO;ISEE;31/07/2017;15/09/2017;SIM; R$ -   ; R$ -   
23499.001427/2016-41;2016;GRUPO VOCAL UNIFEI-ITABIRA;JOAO LUCAS DA SILVA;ITABIRA;19/09/2016;18/09/2017;SIM; R$ -   ; R$ 2.441,63 
23088.014206/2017-56;2017;SEGUNDA SEMANA DE ENGENHARIA ELETRICA;MAURICIO CAMPOS PASSARO;ISEE;28/08/2017;06/09/2017;SIM; R$ 2.000,00 ; R$ 2.000,00 
23088.014375/2017-96;2017;CURSO DE CURTA DURACAO EM TERMOGRAFIA INFRAVERMELHA;EDSON DA COSTA BORTONI;ISEE;07/08/2017;09/08/2017;SIM; R$ -   ; R$ 6.726,60 
23088.014398/2017-09;2017;ENSAIOS LABORATORIAIS EM EQUIPAMENTOS DFE MEDIA E ALTA TENSAO;ESTACIO TAVARES WANDERLEY NETO;ISEE;01/07/2017;31/12/2017;SIM; R$ 150.000,00 ; R$ 39.553,46 
23088.011903/2017-55;2017;IV SEMANA DOS RECURSOS ENERGETICOS ;MARIA LUIZA GRILLO RENO;IEM;29/05/2017;02/06/2017;SIM; R$ 7.080,27 ; R$ 7.080,27 
23088.015219/2017-42;2017;BUSINESS MEETING WEEK;BRUNO SILVA DE SOUSA;IEM;21/08/2017;25/08/2017;SIM; R$ -   ; R$ -   
23088.015453/2017-70;2017;CLUBE DE CONSULTORIA DE ITAJUBA;FABIO FAVARETTO;IEPG;10/08/2017;10/08/2018;SIM; R$ -   ; R$ -   
23088.014335/2017-44;2017;PROCEDIMENTOS PARA TESTE DE USABILIDADE;ANA PAULA SIQUEIRA SILVA DE ALMEIDA;IESTI;01/08/2017;20/02/2018;SIM; R$ 2.500,00 ; R$ 2.500,00 
23088.015890/2017-93;2017;SEMANA DE TECNOLOGIAS AERONAUTICAS (STA);PATRICIA SILVA LOPES ALEXANDRINO;IEM;28/08/2017;02/09/2017;SIM; R$ -   ; R$ -   
23088.008481/2017-31;2017;FASE REGIONAL DA MARATONA DE PROGRAMACAO;ROBERTO AFFONSO DA COSTA JUNIOR;IESTI;09/09/2017;09/09/2017;SIM; R$ -   ; R$ -   
23088.010850/2017-55;2017;ENEDS -  ENCONTRO NACIONAL DE ENGENHARIA E DESENVOLVIMENTO SOCIAL;LUIZ FELIPE SILVA;IRN;17/10/2017;20/10/2017;SIM; R$ 56.127,00 ; R$ -   
23088.015267/2017-31;2017;CAPACITACAO EM AMBIENTE VIRTUAL PARA EAD;ANA PAULA SILVA FIGUEIREDO;IRN;12/06/2017;19/08/2017;SIM; R$ -   ; R$ -   
23088.015115/2017-58;2017;PARTICIPACAO EM PROGRAMA DE FORMACAO E CAPACITACAO EM INOVACAO DE PROCESSOS DE FINANCAS CORPORATIVAS, CONTABILIDADE GERENCIAL E VALORACAO DE EMPRESAS (VALUATION) A SER REALIZADO PELA FUPAI;CLEBER GONCALVES JUNIOR;IEPG;14/08/2017;18/08/2017;SIM; R$ 5.750,00 ; R$ 3.205,13 
23088.0012702/2017-15;2017;SEMANA DE ENGENHARIA DE MATERIAIS;GERSON AVELINO FERNANDES;IEM;23/05/2017;14/08/2017;SIM; R$ -   ; R$ -   
23088.015988/2017-41;2017;PARTICIPACAO EM FORMACAO E CAPACITACAO EM INOVACAO DE PROCESSOS PARA DESENVOLVIMENTO DE EAD COM CONCEITOS DE ENGENHARIA EM SISTEMAS ELETRICOS DE DISTRIBUICAO;MARCOS VINICIUS XAVIER DIAS;ISEE;13/04/2017;16/01/2019;SIM; R$ 286.207,56 ; R$ 77.805,33 
23088.016243/2017-07;2017;OFICINA PILOTO DE ENGENHARIA QUIMICA: ADEQUACAO E RESTAURACAO DE TROCADORES DE CALOR CASCO E TUBO;HUGO PERAZINNI;IRN;01/09/2017;01/03/2018;SIM; R$ -   ; R$ -   
23088.016247/2017-87;2017;OFICINA PILOTO DE ENGENHARIA QUIMICA: CONSTRUCAO DE UM VISCOSIMETRO DE STOKES;HUGO PERAZINNI;IRN;01/09/2017;01/03/2018;SIM; R$ -   ; R$ -   
23088.016253/2017-34;2017;OFICINA PILOTO DE ENGENHARIA QUIMICA: ADEQUACAO E RESTAURACAO DE TROCADOR DE CALOR TURBULAR;HUGO PERAZINNI;IRN;01/09/2017;01/03/2018;SIM; R$ -   ; R$ -   
23088.016875/2017-62;2017;DESENVOLVIMENTO DE UMA ESTRUTURA PARA TESTES NO SISTEMAS DE CONTROLE DE UM EQUIPAMENTO MULTINIVEL PARA MITIGACAO HARMONICA;LUIZ EDUARDO BORGES DA SILVA;IESTI;01/09/2017;30/04/2018;SIM; R$ 57.600,00 ; R$ 50.400,00 
23088.016914/2017-21;2017;SIMULACAO DA INTRODUCAO DE UM EQUIPAMENTO SERIE EM SISTEMAS DE DISTRIBUICAO;LUIZ EDUARDO BORGES DA SILVA;IESTI;01/09/2017;30/04/2018;SIM; R$ 57.600,00 ; R$ 50.400,00 
23088.017318/2017-69;2017;DISSEMINACAO DE INFORMACÕES NO AMBITO DOCENTE  DA UNIFEI SOBRE O MOSQUITO AEDES AEGYPTI E AS DOENCAS POR ELE TRANSMITIDAS;DANIELA ROCHA TEIXEIRA RIONDET COSTA;IRN;07/03/2017;27/06/2017;SIM; R$ -   ; R$ -   
23088.017359/2017-55;2017;OFICINAS DE GERACAO DE SABAO A PARTIR DE OLEO DE COZINHA USADO NAS REPUBLICAS ESTUDANTIS DE ITAJUBA - MG;DANIELA ROCHA TEIXEIRA RIONDET COSTA;IRN;07/03/2017;27/06/2017;SIM; R$ -   ; R$ -   
23088.017360/2017-80;2017;COMBATE AO MOSQUITO AEDES AEGYPTI NA UNIFEI - ALUNOS;DANIELA ROCHA TEIXEIRA RIONDET COSTA;IRN;07/03/2017;27/06/2017;SIM; R$ -   ; R$ -   
23088.017646/2017-65;2017;CURSO DE CAPACITACAO EM MOOC;CLAUDIO KIRNER;IMC;12/09/2017;23/11/2017;SIM; R$ -   ; R$ -   
23088.017717/2017-20;2017;INCENTIVO À LEITURA COMO FORMA DE DESENVOLVIMENTO LOCAL;DANIELA ROCHA TEIXEIRA RIONDET COSTA;IRN;17/04/2017;04/07/2017;SIM; R$ -   ; R$ -   
23088.017718/2017-74;2017;PROJETO COMPOSTEIRA NA ESCOLA MUNICIPAL SAO SEBASTIAO - ITAJUBA MG;DANIELA ROCHA TEIXEIRA RIONDET COSTA;IRN;07/03/2017;27/06/2017;SIM; R$ -   ; R$ -   
23088.017793/2017-35;2017;CONCIENTIZACAO DO USO DA AGUA PARA ALUNOS DO ENSINO FUNDAMENTAL 1;DANIELA ROCHA TEIXEIRA RIONDET COSTA;IRN;07/03/2017;27/06/2017;SIM; R$ -   ; R$ -   
23088.017807/2017-11;2017;PROJETO MEIO AMBIENTE: A IMPORTANCIA DA RECICLAGEM, DA REUTILIZACAO, DA REDUCAO E DA RECUPERACAO PARA O NOSSO PLANETA;DANIELA ROCHA TEIXEIRA RIONDET COSTA;IRN;07/03/2017;27/06/2017;SIM; R$ -   ; R$ -   
23088.017809/2017-18;2017;PROJETO DE EXTENSAO PARA SENSIBILIZACAO DOS ALUNOS DE UMA ESCOLA MUNICIPAL RURAL DE ITAJUBA - MG, A RESPEITO DA SEPARACAO E DESTINACAO AMBIENTALMENTE ADEQUADA DOS RESIDUOS DOMESTICOS;DANIELA ROCHA TEIXEIRA RIONDET COSTA;IRN;17/04/2017;04/07/2017;SIM; R$ -   ; R$ -   
23088.017724/2017-21;2017;HORTA ESCOLAR;DANIELA ROCHA TEIXEIRA RIONDET COSTA;IRN;07/03/2017;27/06/2017;SIM; R$ -   ; R$ -   
23088.017965/2017-71;2017;CODE WEEK;THATYANA DE FARIA PIOLA SERAPHIM;IESTI;16/10/2017;22/10/2017;SIM; R$ -   ; R$ -   
23088.018000/2017-03;2017;O QUITRUPE EM CENA: DIVULGACAO CIENTIFICA POR MEIO DO TEATRO;JANE RAQUEL SILVA DE OLIVEIRA;IFQ;01/06/2017;30/12/2017;SIM; R$ -   ; R$ -   
23088.017904/2017-11;2017;DESENVOLVIMENTO DE ANALISE E CALCULO ESTRUTURAL PRELIMINAR EM FEM PARA UMA PECA DE APLICACAO NA AREA DE OLEO E GAS;ANTONIO CARLOS ANCELOTTI JUNIOR;IEM;18/09/2017;28/02/2019;SIM; R$ 55.000,00 ; R$ 55.000,00 
23088.017910/2017-61;2017;DESENVOLVIMENTO DE PROTOTIPOS DE INSERTOS EM COMPOSITO PEEK/CARBONO;ANTONIO CARLOS ANCELOTTI JUNIOR;IEM;18/09/2017;18/02/2018;NÃO; R$ 60.600,00 ;
23088.015051/2017-75;2017;PARTICIPACAO NO CURSO DE CURTA DURTACAO - QPSE - QUALIDADE DE ENERGIA ELETRICA;JOSE MARIA DE CARVALHO FILHO;ISEE;13/03/2017;17/03/2017;SIM; R$ -   ; R$ 51.865,00 
23088.017260/2017-53;2017;CARACTERIZACAO DA CONDUTIVIDADE TERMICA, ELETRICA E MICROESTRUTURAL DE MATERIAIS;MARIA VIRGINIA GELFUSI;IEM;01/09/2017;30/08/2019;SIM; R$ 15.500,00 ; R$ 1.538,12 
23088.018139/2017-79;2017;APLICACAO DE TECNICAS BIG DATA EM DADOS GERADOS POR SISTEMAS DE TELEMETRIA E GERENCIAMENTO DE OPERACOES DE CAMPO ;BRUNO TARDIOLE KUEHNE;IESTI;01/09/2017;28/02/2019;NÃO; R$ 29.865,00 ;
23088.015958/2017-34;2017;EQUIPE UAI!RRIOR DE ROBOTICA;TALES CLEBER PIMENTA;IESTI;22/08/2017;22/08/2018;SIM; R$ 52.500,00 ; R$ 10.000,00 
23088.013984/2017-28;2017;PARTICIPACAO NO CURSO DE CURTA DURACAO - QPSE - METIDOS COMPUTACIONAIS APLICADOS E SISTEMAS ELETRICOS;BENEDITO ISAIAS DE LIMA LOPES;ISEE;06/06/2016;10/06/2016;SIM; R$ -   ; R$ 8.795,66 
23088.014211/2017-69;2017;PARTICIPACAO NO CURSO DE CURTA DURACAO – QPSE – ESTABILIDADE E DINAMICA DE SISTEMAS ELETRICOS;MAURICIO CAMPOS PASSARO;ISEE;24/07/2017;28/07/2017;SIM; R$ 8.395,66 ; R$ 8.430,84 
23088.017611/2017-26;2017;PARTICIPACAO EM CURSO DE CURTA DURACAO EM TERMOGRAFIA INFRAVERMELHA;GUILHERME SOUSA BASTOS;IESTI;23/08/2017;25/10/2017;SIM; R$ -   ; R$ 77.444,49 
23088.013966/2017-46;2017;PROJETO “SIMUAULAS”;BENEDITO DONIZETI BONATTO;ISEE;31/07/2017;15/09/2017;SIM; R$ -   ; R$ -   
23088.019634/2017-75;2017;PARTICIPACAO EM CURSO DE CURTA DURACAO EM MANUTENCAO EM TRANSFORMADORES;ROSSANO GIMENES;IFQ;26/09/2017;29/09/2017;SIM; R$ 1.367,52 ; R$ 2.051,28 
23088.019664/2017-81;2017;ESTUDO DE CARGAS E RESISTENCIA PARA IMPLANTACAO DE PORTICO METALICO;GERALDO LUCIO TIAGO FILHO;IRN;21/07/2017;29/10/2017;SIM; R$ 9.700,00 ; R$ 11.341,25 
23088.016176/2017-12;2017;ENSAIO DE EFICENCIA DE BOMBAS CENTRIFUGAS;ROBERTO ALVES DE ALMEIDA;IRN;01/07/2017;31/12/2017;SIM; R$ 111.780,00 ; R$ 199.795,26 
23088.019538/2017-27;2017;GRUPOS COLABORATIVOS NA FORMACAO DE PROFESSORES: CONSTRUINDO PRATICAS INOVADORAS NO ENSINO DE CIENCIAS E MATEMATICA;JOAO RICARDO NEVES DA SILVA;IFQ;21/08/2017;04/12/2017;SIM; R$ -   ; R$ -   
23088.020265/2017-63;2017;MINICUESO DE INTRODUCAO À LATEX;THATYANA DE FARIA PIOLA SERAPHIM;IESTI;14/10/2017;21/10/2017;SIM; R$ -   ; R$ -   
23088.020398/2017-30;2017;ELABORACAO DE MAPAS COM AS MANCHAS DE INUNDACAO DO MUNICIPIO DE SANTA RITA DO SAPUCAI;ANA PAULA MONI SILVA;IRN;16/10/2017;31/12/2017;SIM; R$ -   ; R$ -   
23088.020464/2017-71;2017;CURSO: A DIFRACAO DE RAIOS X APLICADA À CARACTERIZACAO DE MATERIAIS;GEOVANI RODRIGUES;IEM;30/10/2017;15/12/2017;SIM; R$ -   ; R$ -   
23088.019391/2017-75;2017;WORKSHOP PROJETO SEMESTRAL 2017;LOURIVAL JORGE MENDES NETO;IEM;15/10/2017;04/12/2017;NÃO; R$ 2.000,00 ;
23088.020312/2017-79;2017;PARTICIPACAO EM CURSO DE CURTA DURACAO QPSE - MODULO CONFIABILIDADE DOS SISTEMAS ELETRICOS;JOAO GUILHERME DE CARVALHO  COSTA;ISEE;02/10/2017;06/10/2017;SIM; R$ 6.400,00 ; R$ 6.781,85 
23088.014560/2017-81;2017;PARTICIPACAO NO CURSO DE CURTA DURACAO - QPSE ANALISE DE SISTEMA DE POTENCIA;CLAUDIO FERREIRA;ISEE;27/06/2016;01/07/2016;SIM; R$ -   ; R$ 12.995,66 
23088.021104/2017-97;2017;VIVENCIA EM LABORATORIO DE MICROBIOLOGIA VOLTADA PARA ESTUDANTES DE NIVEL TECNICO;MARCELO CHUEI MATSUDO;IRN;01/11/2017;10/11/2017;SIM; R$ -   ; R$ -   
23088.019639/2017-06;2017;II SEMANA DA ESPERANCA;PAULO FERNANDO RIBEIRO ;ISEE;06/11/2017;10/11/2017;SIM; R$ -   ; R$ -   
23088.021197/2017-50;2017;JAVA WEB;THATYANA DE FARIA PIOLA SERAPHIM;IESTI;21/10/2017;14/11/2017;SIM; R$ -   ; R$ -   
23088.007805/2017-13;2017;CURSO ASSISTENCIAL THEODOMIRO SANTIAGO - CATS;EDMILSON MARMO MOREIRA;IESTI;01/04/2017;31/12/2017;SIM; R$ -   ; R$ -   
23088.021855/2017-11;2017;ANALISE DE DESEMPENHO DE EMPRESAS DE DISTRIBUICAO;EDUARDO CRESTANA GUARDIA;ISEE;20/10/2017;31/07/2018;SIM; R$ 80.892,00 ; R$ 89.280,00 
23088.018544/2017-67;2017;PROJETOS DE ENGENHARIA DE PRODUCAO;LOURIVAL JORGE MENDES NETO;IEM;31/07/2017;01/12/2017;SIM; R$ -   ; R$ -   
23088.021972/2017-77;2017;FUNDACAO ROBOK;LEONARDO BRESEGHELLO ZOCCAL;IESTI;30/10/2017;30/10/2018;SIM; R$ -   ; R$ -   
23088.022948/2017-55;2017;ENSAIOS DE LABORATORIAIS - ANANLISE TERMICA E REOLOGICA;ANTONIO CARLOS ANCELOTTI JUNIOR;IEM;06/11/2017;17/11/2018;SIM; R$ 33.101,00 ; R$ 33.101,00 
23088.023227/2017-62;2017;PARTICIPACAO NO CURSO DE CURTA-DURACAO - OPERACAO DE CENTRAIS TERMELETRICAS ;OSVALDO JOSE VENTURINI;IEM;27/11/2017;01/12/2017;SIM; R$ 35.197,10 ; R$ 40.426,72 
23088.023613/2017-54;2017;PARTICIPACAO NO CURSO DE CURTA DURACAO - VENTILACAO INDUSTRIAL;OSVALDO JOSE VENTURINI;IEM;18/12/2017;22/12/2017;SIM; R$ 28.766,62 ; R$ 29.275,60 
23088.023615/2017-43;2017;PARTICIPACAO NO CURSO DE CURTA DURACAO - GERACAO TERMICA I;OSVALDO JOSE VENTURINI;IEM;23/10/2017;27/10/2017;SIM; R$ 6.929,62 ; R$ 6.929,62 
23499.001106/2017-28;2017;III SEPROD - TERCEIRA SEMANA DE ENGENHARIA DE PRODUCAO;HENRIQUE DUARTE CARVALHO;ITABIRA;08/05/2017;27/10/2017;SIM; R$ -   ; R$ -   
23499.001698/2017-88;2017;PASTOREIO UNIVERSITARIO II : VIVENCIA DA ESPIRUTUALIDADE CRISTA;RENATA DOS SANTOS;ITABIRA;19/02/2018;19/02/2019;SIM; R$ -   ; R$ -   
23499.000644/2017-03;2017;IV SEMANA DE ENGENHARIA ELETRICA, AUTOMACAO E CONTROLE;IVAN PAULO DE FARIA;ITABIRA;15/05/2017;15/09/2017;SIM; R$ -   ; R$ -   
23088.019730/2017-13;2017;DESENVOLVIMENTO DE PESQUISA APLICADA PARA A CONFECCAO DE LEVANTAMENTO PLANIALTIMETRICO, MODELO DIGITAL DE TERRENO E MOISAICO DIGITAL DA CIDADE DE ITAMONTE;BENEDITO CLAUDIO DA SILVA;IRN;17/10/2017;30/09/2018;SIM; R$ 65.000,00 ; R$ 67.304,11 
23088.020651/2017-55;2017;CAMPEONATO DE CUBO MAGICO - ETAPA NACIONAL;FREDERICO OLIVEIRA PASSOS;ISEE;10/03/2018;11/03/2018;SIM; R$ -   ; R$ -   
23088.023520/2017-20;2017;CURSO QPSE – ESTABILIDADE E DINAMICA DE SISTEMAS ELETRICOS II;BENEDITO ISAIAS DE LIMA LOPES;ISEE;21/08/2017;25/08/2017;SIM; R$ 5.520,00 ; R$ 5.181,85 
23088.023528/2017-96;2017;PARTICIPACAO NO CURSO DE CURTA DURACAO – INTERACAO DO GERADOR AO SISTEMA ELETRICO;ZULMAR SOARES MACHADO JUNIOR ;ISEE;21/08/2017;25/08/2017;SIM; R$ 5.520,00 ; R$ 5.048,15 
23088.024127/2017-53;2017;PARTICIPACAO NO CURSO DE CURTA DURACAO – AJUSTES DE PARAMETROS DE RELES DE PROTECAO;PAULO MARCIO DA SILVEIRA;ISEE;07/11/2017;09/11/2017;SIM; R$ 9.880,05 ; R$ 12.123,42 
23088.024134/2017-55;2017;PARTICIPACAO NO CURSO DE CURTA DURACAO – AJUSTES DE PARAMETROS DE RELES DE PROTECAO (IN COMPANY);PAULO MARCIO DA SILVEIRA;ISEE;27/11/2017;01/12/2017;SIM; R$ 15.204,27 ; R$ 17.809,99 
23088.024183/2017-98;2017;PARTICIPACAO NO CURSO DE CURTA DURACAO – PROTECAO DE SISTEMAS ELETRICOS;PAULO MARCIO DA SILVEIRA;ISEE;23/10/2017;27/10/2017;SIM; R$ 15.078,28 ; R$ 15.078,28 
23088.024185/2017-87;2017;PARTICIPACAO NO CURSO DE CURTA DURACAO – QUALIDADE DA ENERGIA ELETRICA;PAULO MARCIO DA SILVEIRA;ISEE;20/11/2017;24/11/2017;SIM; R$ 14.973,30 ; R$ 14.973,30 
23088.024409/2017-51;2017;PARTICIPACAO NO CURSO DE CURTA DURACAO - INSTRUMENTACAO INSDUSTRIAL;EDSON DA COSTA BORTONI;ISEE;16/10/2017;20/10/2017;SIM; R$ -   ; R$ 10.322,56 
23499.001360/2016-45;2016;CLUBE DE XADREZ;GILBERTO DUARTE CUZZUOL;ICPA;05/10/2016;10/12/2016;SIM; R$ -   ; R$ -   
23088.002063/2018-11;2018;BEYOND ROCKET DESING;ANTONIO AUGUSTO ARAUJO PINTO DA SILVA;IRN;01/01/2018;31/12/2018;SIM; R$ -   ; R$ 10.000,00 
23088.002223/2018-21;2018;PROJETO CHEETAH E-RACING DE FORMULA SAE ELETRICO;JULIANA CAMINHA NORONHA;IEPG;30/01/2018;29/01/2019;SIM; R$ -   ; R$ -   
23088.002318/2018-45;2018;DESENVOLVIMENTO DE PESQUISA APLICADA PARA A ELABORACAO DOS ESTUDOS PARA IMPLANTACAO DE UMA NOVA POLICLINICA MUNICIPAL;GERALDO LUCIO TIAGO FILHO;IRN;26/01/2018;26/04/2018;SIM; R$ 45.767,14 ; R$ 41.100,00 
23088.001813/2018-37;2018;EQUIPE UIRA - PROJETO SAE AERODESING;YOHAN ALI DIAZ MENDEZ;IEM;21/11/2018;30/01/2019;SIM; R$ -   ; R$ 10.000,00 
23088.023618/2017-87;2017;PARTICIPACAO NO CURSO DE CURTA DURACAO - QPSE 2017 - GERACAO TERMICA II;OSVALDO JOSE VENTURINI;IEM;06/03/2017;10/03/2017;SIM; R$ 10.158,35 ; R$ 10.158,36 
23088.024868/2017-34;2017;TESTE DE USABILIDADE PARA EQUIPAMENTO DE TERAPIA A LASER DIODO;ANA PAULA SIQUEIRA SILVA DE ALMEIDA;IESTI;13/12/2017;20/02/2018;SIM; R$ 5.000,00 ; R$ -   
23088.000654/2018-53;2018;PROPOSTA E ANALISE DO GERENCIAMENTO DE RISCO NO SISTEMA DE GESTAO DA QUALIDADE - TRANSICAO DA NORMA NBR ISO 9001:2008 PARA A NBR ISO 9001:2015 - ENFASE NA REDUCAO DE REGISTROS E DOCUMENTACAO POR MEIO DO DESENVOLVIMENTO E IMPLANTACAO DE SISTEMA DE TESTE E RASTREABILIDADE AUTOMATIZADOS PARA AS LINHAS DE PRODUCAO - PARTE DO PROJETO DE PESQUISA MODELO AUTOMATIZADO DE MEDICAO E MONITORAMENTO DO SISTEMA DE GESTAO DA QUALIDADEE RASTREABILIDADE AUTOMATIZADOS PARA AS LINHAS DE PRODUCAO - PARTE DO PROJETO DE PESQUISA MODELO AUTOMATIZADO DE MEDICAO E MONITORAMENTO DO SISTEMA DE GESTAO DA QUALIDADE;CARLOS EDUARDO SANCHES DA SILVA;IEPG;15/01/2018;31/08/2018;SIM; R$ 8.500,00 ; R$ 8.500,00 
23088.001095/2018-07;2018;OFICINA PILOTO DE ENGENHARIA QUIMICA: INTERACAO COM A REDE PUBLICA DE ENSINO DO MUNICIPIO DE ITAJUBA;HUGO PERAZINNI;IRN;01/02/2018;01/08/2018;SIM; R$ -   ; R$ -   
23088.001094/2018-54;2018;BENEFICIOS E POTENCIAIS RISCOS DE PLANTAS ORNAMENTAIS EM AMBIENTES ESCOLARES;KATIUCIA DIAS FERNANDES;IRN;01/06/2016;23/10/2017;SIM; R$ -   ; R$ -   
23088.001043/2018-22;2018;ENSAIOS ELETRICOS;ESTACIO TAVARES WANDERLEY NETO;ISEE;01/01/2018;31/06/18;SIM; R$ 51.000,00 ; R$ 50.972,52 
23088.001178/2018-98;2018;PROJETO ARQUITETONICO E COMPLEMENTARRES PARA EXECUCAO DE OBRA PREDIAL NA PAROQUIA SAO BENEDITO/ITAJUBA-MG;PAULO CESAR GONCALVES;IRN;05/12/2017;30/01/2019;SIM; R$ -   ; R$ -   
23088.001528/2018-16;2018;CONTRATO DE REVISAO TECNICA EM LIVRO COM CESSAO DE DIREITOS AUTORAIS;BENEDITO DONIZETI BONATTO;ISEE;01/03/2018;08/11/2018;SIM; R$ 14.652,00 ;
23088.001679/2018-74;2018;COYOTES MOTORACING UNIFEI;PAULO PEREIRA JUNIOR;IEM;01/01/2018;31/12/2018;SIM; R$ 9.268,72 ; R$ 9.268,72 
23088.001679/2018-74;2018;COYOTES MOTORACING UNIFEI;ANTONIO CARLOS ANCELOTTI JUNIOR;IEM;01/01/2018;31/12/2018;SIM; R$ -   ; R$ -   
23088.001749/2018-94;2018;CURSO ASSISTENCIAL THEODOMIRO SANTIAGO - CATS;EDMILSON MARMO MOREIRA;IESTI;19/03/2018;14/12/2018;SIM; R$ 5.191,94 ;
23088.00473/2018-27;2018;FISCALIZACAO DE APURACAO DOS INDICADORES DE QUALIDADE DE SERVICO NA CONCESSIONARIA DE DISTRIBUICAO DE ENERGIA ELETRICA - COCEL - UNIFEI ;ROBERTO AKIRA YAMACHITA;ISEE;28/08/2017;31/01/2018;SIM; R$ -   ; R$ -   
23088.024393/2017-86;2018;ECOVEICULO;JOSE HAMILTON CHAVES GORGULHO JUNIOR;IEPG;01/01/2018;31/12/2018;SIM; R$ -   ; R$ -   
23088.001817/2018-15;2018;AEROESCOLA;JESUS ANTONIO GARCIA SANCHEZ;IEM;01/03/2018;31/12/2018;SIM; R$ -   ; R$ -   
23088.001877/2018-38;2018;CURSOS EAD DE CURTA DURACAO;RITA DE CASSIA MAGALHAES TRINDADE STANO;IEPG;29/01/2018;30/07/2018;SIM; R$ -   ; R$ -   
23088.002097/2018-13;2018;PROJETO FSAE - EQUIPE CHEETAH RACING;BRUNO SILVA DE SOUSA;IEM;01/01/2018;31/12/2018;SIM; R$ 10.000,00 ;
23088.002197/2018-31;2018;PROJETO BAJA- EQUIPE SACI;DIEGO MAURICIO YEPES MAYA;IEM;01/01/2018;31/12/2018;SIM; R$ -   ; R$ -   
23088.002542/2018-37;2018;DESENVOLVIMENTO DE PESQUISA APLICADA PARA A ELABORACAO DE PLANO DIRETOR;GERALDO LUCIO TIAGO FILHO;IRN;01/02/2018;01/02/2019;SIM; R$ 92.220,00 ; R$ 71.770,00 
23088.019727/2017-08;2017;CHEETAH RACING UNIFEI;BRUNO SILVA DE SOUSA;IEM;01/01/2017;31/12/2017;SIM; R$ -   ; R$ -   
23088.001439/2018-70;2018;DESENVOLVIMENTO E APERFEICOAMENTO DE MODULOS DE RADIO PARA INTERNET DAS COISAS;DANILO HENRIQUE SPADOTI;IESTI;23/01/2018;30/05/2019;SIM; R$ 12.000,00 ; R$ 22.937,29 
23088.001195/2018-25;2018;ENSAIOS ELETRICOS EM TRANSFORMADORES;ESTACIO TAVARES WANDERLEY NETO;ISEE;01/01/2018;31/12/2018;SIM; R$ 225.600,00 ; R$ 16.209,25 
23088.002669/2018-56;2018;PARTICIPACAO NO CURSO DE CURTA DURACAO - INSTRUMENTO DE MEDICAO E CALIBRACAO;EDSON DA COSTA BORTONI;ISEE;19/09/2017;20/09/2017;NÃO; R$ 12.222,55 ; R$ 12.222,55 
23499.000431/2017-73;2018;LOTS AERODESING;RUBEN ALEXIS MIRANDA CARRILHO;ITABIRA;10/04/2017;01/09/2017;SIM; R$ -   ; R$ -   
23499.001031/2017-85;2018;CURSO PREPARATORIO PARA ENEM;EVANDRO AUGUSTO DE MORAIS;ITABIRA;14/08/2017;03/12/2017;SIM; R$ -   ; R$ -   
23499.001071/2017-27;2018;SEMECO - SEMANA DA ENGENHARIA DE COMPUTACAO;WALTER AOIAMA NAGAI;ITABIRA;15/05/2017;01/09/2017;SIM; R$ -   ; R$ -   
23499.001087/2017-30;2018;PRODUCAO DE MATERIAL DIDATICO SOBRE CARLOS DRUMOND PARA EDUCACAO BASICA;RICARDO SHITSUKA;ITABIRA;14/09/2017;11/12/2017;SIM; R$ -   ; R$ -   
23499.001168/2017-30;2018;CURSO ACLS PARA A REGINAL DO CRM-MG;GUILHERME OLIVEIRA SIQUEIRA;ITABIRA;04/09/2017;01/10/2017;SIM; R$ -   ; R$ -   
23499.001592/2017-84;2018;CURSO DE INTRIDUCAO AO ARGIS APLICADO A ANALISES AMBIENTAIS;ELIANE MARIA VIEIRA;ITABIRA;30/11/2017;12/12/2017;SIM; R$ -   ; R$ -   
23499.001708/2017-85;2018;DESAFIO DO CONCRETO;CARLOS AUGUSTO DE SOUZA OLIVEIRA;ITABIRA;01/11/2017;29/12/2017;SIM; R$ -   ; R$ -   
23499.001475/2016-30;2018;ENACTUS UNIFEI-ITABIRA;FERNANDA RODRIGUES DA SILVA;ITABIRA;31/10/2016;30/06/2017;SIM; R$ -   ; R$ -   
23499.001532/2016-81;2018;PASTOREIO UNIVERSITARIO : VIVENCIA DA ESPIRITUALIDADE CRISTA;RENATA DOS SANTOS;ITABIRA;14/11/2016;14/11/2017;SIM; R$ -   ; R$ -   
23499.000974/2017-91;2018;PLANETARIO ITINERANTE;EVANDRO AUGUSTO DE MORAIS;ITABIRA;20/02/2017;20/12/2017;SIM; R$ -   ; R$ -   
23499.000799/2017-31;2018;PROJETO SOLVEIT! CRIACAO DE UMA PLATAFORMA COMPETITIVA DE RESOLUCAO DE PROBLEMAS REAIS;HENRIQUE DUARTE CARVALHO;ITABIRA;09/06/2017;08/12/2017;SIM; R$ -   ; R$ -   
23499.000954/2017-10;2018;4º ARTE - FESTIVAL DE INVERNO DE ITABIRA;JOAO LUCAS SILVA;ITABIRA;16/07/2017;30/07/2017;SIM; R$ -   ; R$ -   
23499.000954/2017-10;2018;4º ARTE - FESTIVAL DE INVERNO DE ITABIRA;JULIANO DE ALMEIDA MONTE-MOR;ITABIRA;16/07/2017;30/07/2017;SIM; R$ -   ; R$ -   
23499.000973/2017-46;2018;POPESIA E CIENCIA;EVANDRO AUGUSTO DE MORAIS;ITABIRA;01/04/2017;30/12/2017;SIM; R$ -   ; R$ -   
23088.021801/2017-48;2017;IV ENCONTRO DE PESQUISA SOBRE O DESEMVOLVIMENTO, TECNOLOGIAS E SOCIEDADE E ENCONTRO INTERNACIONAL EM PESQUISA SOBRE DESENVOLVIMENTO REGIONAL E ECONOMIA SOCIAL;CARLOS ALBERTO MAXIMO PIMENTA;IFQ;13/11/2017;22/11/2017;SIM; R$ -   ; R$ -   
23088.003224/2018-93;2018;TODOS SOMOS LEITORES;CLAUDIA ELIANE DA MATTA;ISEE;07/03/2018;12/12/2018;SIM; R$ -   ; R$ -   
23088.003358/2018-12;2018;12ª EDICAO DA CONFERENCIA DE PEQUENAS CENTRAIS HIDRELETRICAS, MERCADO & MEIO AMBIENTE;GERALDO LUCIO TIAGO FILHO;IRN;07/08/2018;08/08/2018;SIM; R$ -   ; R$ -   
23088.003360/2018-83;2018;XIII SEMINARIO DE MEIO AMBIENTE E ENERGIAS RENOVAVEIS - SEMEAR;GERALDO LUCIO TIAGO FILHO;IRN;06/06/2018;07/06/2018;SIM; R$ -   ; R$ -   
23499.000536/2017-22;2018;ENGENHEIROS DO FUTURO: UMA PESQUISA-ACAO VISANDO A DIFUSAO DA CIENCIA E ENGENHARIA DE MATERIAIS NO CICLO FUNDAMENTAL E ENSINO DO METODO CIENTIFICO;MARCIO ROBERTO DE FREITAS;ITABIRA;29/05/2017;20/12/2017;SIM; R$ 4.800,00 ;
23499.000492/2017-31;2018;TERCA LITERARIA;FERNANDA RODRIGUES SILVA;ITABIRA;07/04/2017;15/12/2017;SIM; R$ -   ; R$ -   
23499.000492/2017-31;2018;TERCA LITERARIA;VINICIUS SOUZA NASCIMENTO;ITABIRA;07/04/2017;15/12/2017;SIM; R$ -   ; R$ -   
23499.000302/2017-85;2018;RONDOM ITABIRA;MARCIO TSUYOSHI YASUDA;ITABIRA;02/03/2017;14/12/2017;SIM; R$ -   ; R$ -   
23499.000302/2017-85;2018;RONDOM ITABIRA;BIANCA CABRAL CALDEIRA;ITABIRA;02/03/2017;14/12/2017;SIM; R$ -   ; R$ -   
23499.000378/2017-19;2018;CAFE AMBIENTAL;BIANCA CABRAL CALDEIRA;ITABIRA;27/04/2017;25/10/2017;SIM; R$ -   ; R$ -   
23499.000550/2017-26;2018;POPTEC POPULARIZACAO DE CONCEITOS E TECNOLOGIAS DE GERACAO DE ENERGIA COM FONTES RENOVAVEIS E EFICIENCIA ENERGETICA, EM ESCOLAS DE ENSINO MEDIO DE ITABIRA - MG;RAFAEL BALBINO CARDOSO;ITABIRA;01/05/2017;19/12/2017;SIM; R$ -   ; R$ -   
23499.000646/217-94;2018;V COMPETICAO DE CARRINHOS DE ROLIMA UNIFEI/ITABIRA;GLAUBER ZERBINI COSTAL;ITABIRA;17/05/2017;05/09/2017;SIM; R$ -   ; R$ -   
23499.000748/2017-18;2018;#INCLUDE - SALA VIRTUAL - ECO;SANDRO CARVALHO IZIDORO;ITABIRA;12/06/2017;01/12/2017;SIM; R$ -   ; R$ -   
23499.001191/2017-24;2018;UNIFEI PORTAS ABERTAS _ENSINO MEDIO;BIANCA CABRAL CALDEIRA;ITABIRA;31/08/2017;22/09/2017;SIM; R$ -   ; R$ -   
23499.001191/2017-24;2018;UNIFEI PORTAS ABERTAS _ENSINO MEDIO;GUILHERME OLIVEIRA SIQUEIRA;ITABIRA;31/08/2017;22/09/2017;SIM; R$ -   ; R$ -   
23088.021269/2017-69;2018;PALESTRA MOVIMENTO BRASIL LIVRE;CARLOS EDUARDO CORREA MOLINA;IEM;09/11/2017;09/11/2017;SIM; R$ -   ; R$ -   
23499.001749/2017-71;2018;SEMANA DO CURSO DE ENGENHARIA MECANICA - CAMPUS DA UNIFEI GOMIDES;TARCISIO GONCALVES DE BRITO;ITABIRA;06/10/2017;10/11/2017;SIM; R$ -   ; R$ -   
23499.001749/2017-71;2018;SEMANA DO CURSO DE ENGENHARIA MECANICA - CAMPUS DA UNIFEI GOMIDES;LUCIANA DE MELO GOMIDES;ITABIRA;06/10/2017;10/11/2017;SIM; R$ -   ; R$ -   
23088.007820/2017-17;2017;QUANTO VALE O DINHEIRO PARA OS JOVENS? CONSTRUCAO E CONSOLIDACAO DO CONHECIMENTO DE EDUCACAO FINANCEIRA ENTRE ALUNOS UNIVERSITARIOS;ANDRE LUIZ MEDEIROS;IEPG;01/04/2017;31/12/2017;SIM; R$ -   ; R$ -   
23088.014963/2017-20;2018;PRIMEIRO SIMPOSIO DE FISICA TEORICA GIFT;ALEXIS ROA AGUIRRE;IFQ;16/11/2017;18/11/2017;SIM; R$ -   ; R$ 2.370,00 
23088.005034/2018-19;2018;O MUNDO DA AERONAUTICA - PROJETO DE ESPECIALIDADES AERONAUTICAS;PATRICIA DA SILVA LOPES ALEXANDRINO;IEM;19/03/2018;31/12/2018;SIM; R$ 10.000,00 ; R$ 640,20 
23088.005364/2018-04;2018;IMPLANTACAO DE UM SISTEMA DE AQUAPONIA NO CAMPUS UNIFEI COM FINS EDUCACIONAIS E DE EMPODERAMENTO SOCIAL PARA O MUNICIPIO DE ITAJUBA;ANDREIA ARANTES BORGES;IRN;19/03/2018;31/12/2018;SIM; R$ 10.000,00 ;
23499.001374/2017-40;2018;CAPOEIRA: PRATICA DE TRANSFORMACAO SOCIAL DO INDIVIDUO;CAROLINA LIPPARELLI MORELLI;ITABIRA;01/03/2018;31/12/2018;SIM; R$ 7.084,00 ;
23088.004726/2018-31;2018;INTEGRAMAT 2018;RICK ANTONIO RISCHER;IMC;27/03/2018;28/03/2018;SIM; R$ -   ; R$ -   
23088.004892/2018-38;2018;COMPARTILHAMENTO DE ESTRUTURAS DE LINHAS DE SUBTRANSMISSAO CLASSES 72,5KV E 145 KV COM REDES DE DISTRIBUICAO DE MEDIA TENSAO CLASSE 15 KV - ESTUDOS DE TRANSITORIOS ELETROMAGNETICOS;GUSTAVO PAIVA LOPES;ISEE;01/04/2018;31/11/18;SIM; R$ 127.876,52 ; R$ 127.876,50 
23088.001454/2018-18;2018;ENSAIOS ELETRICOS;ESTACIO TAVARES WANDERLEY NETO;ISEE;01/01/2018;31/12/2018;SIM; R$ 319.564,00 ; R$ 38.032,34 
23088.005647/2018-48;2018;GESTAO DE RESIDUOS INDUSTRIAIS;ROGERIO JOSE DA SILVA;IEM;20/03/2018;31/12/2018;SIM; R$ 9.304,00 ;
23088.005647/2018-48;2018;GESTAO DE RESIDUOS INDUSTRIAIS;ROGERIO JOSE DA SILVA;IEM;20/10/2018;20/10/2018;SIM; R$ -   ; R$ -   
23088.005647/2018-48;2018;GESTAO DE RESIDUOS INDUSTRIAIS;ROGERIO JOSE DA SILVA;IEM;29/09/2018;29/09/2018;SIM; R$ -   ; R$ -   
23088.005647/2018-48;2018;GESTAO DE RESIDUOS INDUSTRIAIS;ROGERIO JOSE DA SILVA;IEM;10/11/2018;10/11/2018;SIM; R$ -   ; R$ -   
23088.005527/2018-41;2018;PROGRAMA DE FORMACAO INICIAL E CONTINUADA DE PROFESSORES EM CIENCIAS, MATEMATICA E SAUDE: UMA PROPOSTA DE ACÕES COLOBORATIVAS EM PARCERIA COM PROFESSORES DE EDUCACAO BASICA;ELIANE MATESCO CRISTOVAO;IMC;19/03/2018;31/12/2018;SIM; R$ -   ; R$ -   
23088.005765/2018-56;2018;ONG ENGENHEIROS DA ALEGRIA ;ANA PAULA MONI SILVA;IRN;01/03/2018;31/12/2018;SIM; R$ 2.457,50 ; R$ 2.227,69 
23088.005869/2018-61;2018;PROJETO AQUECEDOR SOLAR SUSTENTAVEL;DANIELE ORNAGHI SANT’ANNA;IRN;11/04/2018;31/12/2018;SIM; R$ 4.460,08 ; R$ 3.200,00 
23088.004718/2018-95;2018;SEMINARIOS GFIT 2018;ALEXIS ROA AGUIRRE;IFQ;14/03/2018;30/11/2018;SIM; R$ -   ; R$ -   
23088.005228/2018-14;2018;QUANTO VALE O DINHEIRO PARA OS JOVENS? CONSTRUCAO E CONSOLIDACAO DO CONHECIMENTO DE EDUCACAO FINANCEIRA ENTRE ALUNOS UNIVERSITARIOS;ANDRE LUIZ MEDEIROS;IEPG;19/03/2018;31/12/2018;SIM; R$ 9.992,00 ; R$ 9.992,00 
23088.006037/2018-61;2018;FORTALECIMENTO E AMPLIACAO DO PROGRAMA DE INCUBACAO TECNOLOGICA DE COOPERATIVAS POPULARES DE ITAJUBA (INTECOOP);CARLOS EDUARDO CORREA MOLINA;IEM;19/03/2018;31/12/2018;SIM; R$ 9.600,00 ; R$ 9.600,00 
23088.004959/2018-34;2018;LEDICAMP: LETRAMENTO DIGITAIS NO CAMPUS;ALESSANDRA RODRIGUES;IFQ;21/03/2018;13/12/2018;SIM; R$ 8.000,00 ;
23088.006226/2018-34;2018;CURSO DE DESIGN DE LOGOTIPOS;ADRIANA PREST MATTEDI;IMC;05/05/2018;31/05/2018;SIM; R$ -   ; R$ -   
23088.006226/2018-34;2018;CURSO DE DESIGN DE LOGOTIPOS;ELISA DE CASSIA SILVA RODRIGUES;IMC;05/05/2018;31/05/2018;SIM; R$ -   ; R$ -   
23088.006226/2018-34;2018;CURSO DE DESIGN DE LOGOTIPOS;HEVILLA NOBRE CEZAR;IMC;05/05/2018;31/05/2018;SIM; R$ -   ; R$ -   
23088.024902/2017-71;2018;PARTICIPACAO NO CURSO DE CURTA DURACAO - OPERACAO E PLANEJAMENTO DE SISITEMAS DE POTENCIA;ROBSON CELSO PIRES;ISEE;11/12/2017;15/12/2017;SIM; R$ 6.781,85 ; R$ 6.781,85 
23088.005996/2018-60;2018;CURSO DE RESOLUCAO DE CASES;FABIO FAVARETTO;IEPG;21/03/2018;23/03/2018;SIM; R$ -   ; R$ -   
23088.006190/2018-99;2018;COLOQUIOS INTERDISCIPLINARES ;EDUARDO HENRIQUE SILVA BITTENCOURT;IFQ;10/05/2018;29/11/2018;SIM; R$ 9.059,10 ;
23088.006374/2018-59;2018;CULTIVAR-TE;ADHIMAR FLAVIO OLIVEIRA;IFQ;19/03/2018;31/12/2018;SIM; R$ 9.999,27 ;
23088.006377/2018-92;2018;PRATICAS INCLUSIVAS NO ENSINO DE CIENCIAS;PALOMA ALINNE ALVES RODRIGUES RUAS;IFQ;01/05/2018;03/12/2018;SIM; R$ 10.000,00 ;
23088.006382/2018-03;2018;QUITRUPE APRESENTA: ALICE CIENTIFICAMENTE COOMPROVADA;JANE RAQUEL SILVA DE OLIVEIRA;IFQ;01/03/2018;31/12/2018;SIM; R$ 10.000,00 ; R$ 10.000,00 
23088.006429/2018-21;2018;RECUPERACAO DA AREA DE RECARGA DA NASCENTE DO BAIRRO PEDRAO (PEDRALVA/MG) UTILIZADA COMO FONTE DE ABASTECIMENTO DE AGUA PELA COMUNIDADE RURAL;ANA LUCIA FONSECA;IRN;19/03/2018;31/12/2018;SIM; R$ 10.000,00 ;
23499.000566/2017-39;2018;"PROJETO ""RONDON CINQUENTENARIO""";ELCIO FRANKLIN DE ARRUDA;ITABIRA;05/04/2017;31/08/2017;SIM; R$ -   ; R$ -   
23499.000738/2017-74;2018;SEMANA DO MEIO AMBIENTE;BIANCA CABRAL CALDEIRA;ITABIRA;05/06/2017;08/06/2017;SIM; R$ -   ; R$ -   
23499.000259/2018-39;2018;CURSO DE PREVENCAO RESPIRATORIA;LEONARDO FERREIRA REIS;ITABIRA;26/02/2018;08/03/2018;SIM; R$ -   ; R$ -   
23088.005238/2018-41;2018;3ª SEMANA DE EDUCACAO FINANCEIRA PARA ITAJUBA E REGIAO;ANDRE LUIZ MEDEIROS;IEPG;15/05/2018;17/05/2018;SIM; R$ -   ; R$ -   
23088.005851/2018-69;2018;EPICS CODERS - MARTONA DE PROGRAMACAO;ROBERTO AFFONSO DA COSTA JUNIOR;IMC;01/01/2018;31/12/2018;SIM; R$ 8.095,44 ; R$ 8.095,44 
23499.000088/2018-48;2018;MINICURSO DE DESENHO AUXILIADO POR COMPUTADOR;MARCO AURELIO MOURA SURIANI;ITABIRA;05/02/2018;29/06/2018;SIM; R$ -   ; R$ -   
23499.000126/2018-62;2018;EQUIPE MOUNTAINBAJA;JOSE CARLOS DE LACERDA;ITABIRA;01/01/2018;31/12/2018;SIM; R$ 10.000,00 ;
23088.004567/2018-51;2018;TECNOLOGIAS EMERGENTES A SERVICO DA APRENDIZAGEM;CLAUDIA ELIANE DA MATTA;ISEE;19/03/2018;31/12/2018;SIM; R$ -   ; R$ -   
23499.000331/2018-28;2018;CONJUNTO DE PALESTRAS DA AREA DE ENGENHARIA ELETRICA;ELCIO FRANKLIN DE ARRUDA;ITABIRA;14/03/2018;20/11/2018;SIM; R$ -   ; R$ -   
23499.000381/2018-13;2018;LIGA ESTUDANTIL DE EMPREENDEDORISMO & NEGOCIOS (LESTE&NEGOCIOS);LILIAN CAMPOS;ITABIRA;19/03/2018;30/06/2018;SIM; R$ -   ; R$ -   
23499.000381/2018-13;2018;LIGA ESTUDANTIL DE EMPREENDEDORISMO & NEGOCIOS (LESTE&NEGOCIOS);HENRIQUE DUARTE CARVALHO;ITABIRA;19/03/2018;30/06/2018;SIM; R$ -   ; R$ -   
23499.000394/2018-84;2018;MARE VERDE SOCIAL;MARCIO TSUYOSHI YASUDA;ITABIRA;02/04/2018;17/12/2018;SIM; R$ -   ; R$ -   
23088.006406/2018-16;2018;PINT OF SCIENCE FESTIVAL DA CIENCIA;JULIANA FEDOCE LOPES;IFQ;19/03/2018;31/12/2018;SIM; R$ 8.500,00 ;
23088.006812/2018-89;2018;ROBOK - FUTEBOL DE ROBOS;LUIZ LENARTH GABRIEL VERMAAS;IESTI;01/01/2018;31/12/2018;SIM; R$ -   ; R$ -   
23499.000450/2017-08;2017;MAQUINAS DE LEONARDA DA VINCI;EDELMA ELETO DA SILVA;ITABIRA;01/05/2017;31/11/17;SIM; R$ -   ; R$ -   
23088.006945/2018-55;2018;COLETA SELETIVA - CAMPANHA DE CONSCIENTIZACAO E ENGANJAMENTO DO CIDADAO ITAJUBENSE;JULIANA CAMINHA NORONHA;IEPG;19/03/2018;20/12/2018;SIM; R$ -   ; R$ -   
23088.006947/2018-44;2018;ENTRE O SABER E O FAZER DA CULTURA: A FORMACAO DE AGENTES CULTURAIS EM ITAJUBA/MG;ADILSON DA SILVA MELLO ;IEPG;27/03/2018;20/12/2018;SIM; R$ -   ; R$ -   
23088.006993/2018-43;2018;PROJETO PLAY - EMPREENDEDORISMO SOCIAL;PAULO HENRIQUE DA SILVA CAMPOS;IEPG;02/04/2018;07/12/2018;SIM; R$ -   ; R$ -   
23088.006646/2018-11;2018;AS DOENCAS TEM HOSTORIA;MILTON JOSE ZAMBONI;IMC;19/04/2018;05/07/2018;SIM; R$ -   ; R$ -   
23088.006648/2018-18;2018;NEGRITUDES POSSIVEIS;MILTON JOSE ZAMBONI;IMC;18/04/2018;20/06/2018;SIM; R$ -   ; R$ -   
23088.007373/2018-21;2018;AIRCRAFT STRUCTURAL ANALYSIS USING THE FINITE ELEMENT METHOD - SHORT COURSE;ROGERIO FRAENDORF DE FARIA COIMBRA;IEM;20/03/2018;30/03/2018;SIM; R$ -   ; R$ -   
23088.007540/2018-34;2018;LONGE DE CASA - ANSIEDADE EM PROVAS E APRESENTACÕES;FLAVIA LUDOVICO DE MATOS;DAE;19/06/2018;19/06/2018;NÃO; R$ -   ; R$ -   
23088.007540/2018-34;2018;LONGE DE CASA - ANSIEDADE EM PROVAS E APRESENTACÕES;LUCIANA DA SILVA CARETTI;DAE;19/06/2018;19/06/2018;NÃO; R$ -   ; R$ -   
23088.007540/2018-34;2018;LONGE DE CASA - ANSIEDADE EM PROVAS E APRESENTACÕES;THAMIRIS DANIEL DOS SANTOS;DAE;19/06/2018;19/06/2018;NÃO; R$ -   ; R$ -   
23088.007540/2018-34;2018;LONGE DE CASA - ANSIEDADE EM PROVAS E APRESENTACÕES;FLAVIA LUDOVICO DE MATOS;DAE;18/04/2018;18/04/2018;NÃO; R$ -   ; R$ -   
23088.007540/2018-34;2018;LONGE DE CASA - ANSIEDADE EM PROVAS E APRESENTACÕES;LUCIANA DA SILVA CARETTI;DAE;18/04/2018;18/04/2018;NÃO; R$ -   ; R$ -   
23088.007540/2018-34;2018;LONGE DE CASA - ANSIEDADE EM PROVAS E APRESENTACÕES;THAMIRIS DANIEL DOS SANTOS;DAE;18/04/2018;18/04/2018;NÃO; R$ -   ; R$ -   
23088.007676/2018-44;2018;DEV-U;RAFAEL DE MOURA MOREIRA;IESTI;02/03/2018;31/12/2018;SIM; R$ -   ; R$ -   
23088.007676/2018-44;2018;DEV-U;JOAO PAULO REUS RODRIGUES LEITE;IESTI;02/03/2018;31/12/2018;SIM; R$ -   ; R$ -   
23088.007833/2018-11;2018;EX MACHINA;ANTONIO CARLOS ANCELOTTI JUNIOR;IEM;01/01/2018;31/12/2018;SIM; R$ -   ; R$ -   
23088.007656/2018-73;2018;TIME ENACTUS - ENTREPRENEURIAL ACTION US;LUIZ EUGENIO VENEZIANI PASIN;IEPG;05/02/2018;30/12/2018;SIM; R$ -   ; R$ -   
23088.007657/2018-18;2018;EMPREENDEDORISMO SOCIOAMBIENTAL E DESENVOLVIMENTO REGIONAL SUSTENTAVEL COM BASE NA PRODUCAO DE PRODUTOS ORGANICOS;LUIZ EUGENIO VENEZIANI PASIN;IEPG;05/02/2018;30/12/2018;SIM; R$ -   ; R$ -   
23499.001374/2017-40;2018;CAPOEIRA  - PRATICA DE TRANSFORMACAO SOCIAL E DO INDIVIDUO;CAROLINA LIPPARELLI MORELLI;ITABIRA;02/10/2017;31/12/2018;SIM; R$ -   ; R$ -   
23499.000522/2018-90;2018;MAQUINAS DE LEONARDA DA VINCI 2018;EDELMA ELETO DA SILVA;ITABIRA;27/03/2018;31/12/2018;SIM; R$ -   ; R$ -   
23088.006211/2018-76;2018;PROJETO DE COMPETICAO TECNOLOGICA BLACK BEE DRONES;ALEXANDRE CARLOS BRANDAO RAMOS;IMC;26/03/2018;26/03/2019;SIM; R$ -   ; R$ 30.202,80 
23088.008417/2018-31;2018;MIDIA EM METEOROLOGIA;MARCELO DE PAULA CORREA;IRN;01/03/2018;30/06/2018;SIM; R$ -   ; R$ -   
23088.008415/2018-41;2018;CRIACAO DE LABORATORIO VIRTUAL DA ENGENHARIA QUIMICA POR FLUIDODINAMICA COMPUTACIONAL (CFD);MAXIMILIAN JOACHIM HODAPP;IRN;02/05/2018;02/05/2019;SIM; R$ -   ; R$ -   
23088.007758/2018-99;2018;CURSO DE GOOGLE APPS;JULIANA CAMINHA NORONHA;IEPG;29/03/2018;29/03/2018;SIM; R$ -   ; R$ -   
23088.008628/2018-73;2018;TECNICAS DE DEEP LEARNING;LUIZ EDUARDO BORGES DA SILVA;IESTI;21/05/2018;13/06/2018;SIM; R$ -   ; R$ -   
23088.008634/2018-21;2018;MEDICAO DA CONDUTIVIDADE TERMICA;SANDRO MENTREVELLE MARCONDES DE LIMA E SILVA;IEM;01/04/2018;31/12/2018;SIM; R$ -   ; R$ 4.597,70 
23088.008494/2018-91;2018;EXPOSICAO DE KITS DIDATICOS DE ENERGIAS RENOVAVEIS;BENEDITO DONIZETI BONATTO;ISEE;27/02/2018;28/02/2018;SIM; R$ -   ; R$ -   
23499.000412/2017-47;2018;MINI CURSO DE SIMULACAO DE TRAFEGO UTILIZANDO O SOFTWARE AIMSUN;EMERSON JOSE DE PAIVA;ITABIRA;31/03/2017;01/04/2017;SIM; R$ -   ; R$ -   
23499.000981/2017-92;2018;LIGA ESTUDANTIL DE EMPREENDEDORISMO & NEGOCIOS;LILIAM CAMPOS;ITABIRA;21/07/2017;01/12/2017;SIM; R$ -   ; R$ -   
23499.000981/2017-92;2018;LIGA ESTUDANTIL DE EMPREENDEDORISMO & NEGOCIOS;HENRIQUE DUARTE CARVALHO;ITABIRA;21/07/2017;01/12/2017;SIM; R$ -   ; R$ -   
23088.018492/2017-29;2018;PARTICIPACAO NO CURSO DE CURTA DURACAO - QPSE 20017 - ELETRONICA DE POTENCIA APLICADA A SISTEMAS ELETRICOS;RONDINELI RODRIGUES PEREIRA;IESTI;11/09/2017;15/09/2017;SIM; R$ -   ; R$ 10.769,13 
23088.008182/2018-87;2018;METODOLOGIAS ATIVAS E NOVAS TECNOLOGIAS EDUCACIONAIS NO ENSINO DE CIENCIAS E MATEMATICA: OFICINA NARRATIVAS DIGITAIS;DENISE PEREIRA DE ALCANTARA FERRAZ;IFQ;18/04/2018;30/11/2018;SIM; R$ -   ; R$ -   
23499.000486/2018-64;2018;TERCA LITERARIA;FERNANDA RODRIGUES SILVA;ITABIRA;11/04/2018;15/12/2018;SIM; R$ -   ; R$ -   
23499.000486/2018-64;2018;TERCA LITERARIA;VINICIUS SOUZA NASCIMENTO;ITABIRA;11/04/2018;15/12/2018;SIM; R$ -   ; R$ -   
23088.009191/2018-95;2018;INTRODUCAO AO PYTHON;MAURILIO PEREIRA COUTINHO;IESTI;04/06/2018;06/06/2018;SIM; R$ -   ; R$ -   
23499.000376/2018-01;2018;STAR UP WEEKEND MAKER 2018;LILIAN BARROS PEREIRA CAMPOS;ITABIRA;01/12/2018;15/04/2019;SIM; R$ -   ; R$ -   
23499.000411/2018-83;2018;ARTESANATO SUSTENTAVEL;MARCIO TSUYOSHI YASUDA;ITABIRA;02/04/2018;17/12/2018;SIM; R$ -   ; R$ -   
23499.000412/2018-28;2018;MARE VERDE PARA O ACESSO AO ENSINO SUPERIOR;MARCIO TSUYOSHI YASUDA;ITABIRA;05/04/2018;29/11/2018;SIM; R$ -   ; R$ -   
23499.000426/2018-41;2018;MARE VERDE: EDUCANDO PARA O FUTURO;MARCIO TSUYOSHI YASUDA;ITABIRA;02/04/2018;01/12/2018;SIM; R$ -   ; R$ -   
23499.000439/2018-11;2018;V SEMANA DA ENGENHARIA ELETRICA AUTOMACAO E CONTROLE (V SEEAC);MARCO AURELIO MOURA SURIANI;ITABIRA;09/04/2018;10/09/2018;SIM; R$ -   ; R$ -   
23499.000439/2018-11;2018;V SEMANA DA ENGENHARIA ELETRICA AUTOMACAO E CONTROLE (V SEEAC);ELCIO FRANKLIN DE ARRUDA;ITABIRA;09/04/2018;10/09/2018;SIM; R$ -   ; R$ -   
23499.000469/2018-27;2018;VI COMPETICAO DE CARRINHOS DE ROLIMA UNIFEI/ITABIRA;GLAUBER ZERBINI COSTAL;ITABIRA;06/04/2018;05/08/2018;SIM; R$ -   ; R$ -   
23499.000470/2018-51;2018;UNIFEI PORTAS ABERTAS ENSINO FUNDAMENTAL 2018;MARTINELLY VIEIRA MARTINS;ITABIRA;05/04/2018;07/06/2018;SIM; R$ -   ; R$ -   
23499.000493/2018-66;2018;A QUEIMADA E SEUS IMPACTOR NO MEIO URBANO: ABORDAGENS DIRECIONADAS AO ENSINO FUNDAMENTAL E MEDIO;ROSE MARIE BELARDI;ITABIRA;01/05/2018;31/12/2018;SIM; R$ -   ; R$ -   
23499.000513/2018-07;2018;DESENVOLVIMENTO DE UM BLOG E UM CANAL SOBRE ERGONOMIA DA ATIVIDADE;RAONI ROCHA SIMÕES;ICPA;01/03/2018;01/12/2018;SIM; R$ -   ; R$ -   
23499.000515/2018-98;2018;1º SEMINARIO INTERNACIONAL DE SAUDE E SEGURANCA DA UNIFEI-ITABIRA;RAONI ROCHA SIMÕES;ITABIRA;01/04/2018;26/04/2018;SIM; R$ -   ; R$ -   
23088.009988/2018-92;2018;CINEMA & DEBATE;ROGERIO RODRIGUES;IFQ;28/08/2018;20/11/2018;SIM; R$ -   ; R$ -   
23088.024496/2018-27;2018;CURSO DE GOOGLE APPS 2º  EDICAO;ISABEL CRISTINA DA SILVA ARANTES;IEPG;24/05/2018;24/05/2018;SIM; R$ -   ; R$ -   
23499.000700/2018-82;2018;CAFE AMBIENTAL;GLAUCIO  MARCELINO MARQUES;ITABIRA;28/05/2018;29/06/2018;SIM; R$ -   ; R$ -   
23499.000711/2018-62;2018;ENACTUS UNIFEI-ITABIRA;FERNANDA RODRIGUES DA SILVA;ITABIRA;28/05/2018;04/02/2019;SIM; R$ -   ; R$ -   
23499.000401/2018-48;2018;POPTEC- POPULARIZACAO DE CONCEITOS E TECNOLOGIAS DE GERACAO DE ENERGIA, COM FONTES RENOVAVEUS E EFICIENCIA ENERGETICA EM ESCOLAS DE ENSINO MEDIO DE ITABIRA - MG;RAFAEL BALBINO CARDOSO;ITABIRA;27/04/2018;13/12/2018;SIM; R$ 7.900,00 ;
23499.000761/2018-40;2018;ANALISE DAS CONDICÕES DE TRABALHO NA PRODUCAO DE ALGODAO EM CATUTI MG;LEONARDO FERREIRA REIS;ITABIRA;11/06/2018;15/06/2018;SIM; R$ -   ; R$ -   
23088.010527/2018-62;2018;ASTROWORKSHOP: INTRODUCAO A FERRAMENTAS DA ASTROFISICA PARA ALUNOS DE GRADUACAO;HEKTOR STHENOS ALVES MONTEIRO;IFQ;15/07/2018;31/12/2018;SIM; R$ -   ; R$ 600,00 
23088.015551/2017-15;2018;REVISTA AMAN-TI-KYR: ESTUDOS INTERDISCIPLINARES EM EDUCACAO;ALESSANDRA RODRIGUES;IFQ;21/08/2017;21/08/2018;SIM; R$ -   ; R$ -   
23499.001032/2017-20;2018;III SEMOB -  SEMANA DA ENGENHARIA DA MOBILIDADE;CLAUDIO ERNANI MARTINS OLIVEIRA;ITABIRA;01/08/2017;03/10/2017;SIM; R$ -   ; R$ -   
23088.008191/2018-78;2018;ENCONTRO DE FORMACAO EM LINGUA BRASILEIRA DE SINAIS LIBRAS;ANA CAROLINA SALES OLIVEIRA;IFQ;27/04/2018;27/04/2018;SIM; R$ -   ; R$ -   
23499.000763/2018-39;2018;CPEE - CONGRESSO PESQUISA EXTENSAO E ENSINO;MARCOS ROBERTO DE ABREU ALVES;ITABIRA;01/05/2018;30/04/2019;SIM; R$ 37.248,00 ; R$ 31.476,45 
23088.011487/2018-76;2018;PARTICIPACAO EM CURSO DE ESPECIALIZACAO EM ENGENHARIA DE PROCESSOS, PRODUTIVIDADE E QUALIDADE;CARLOS HENRIQUE PEREIRA MELLO;IEPG;09/06/2018;15/12/2018;SIM; R$ 31.377,50 ; R$ 15.911,38 
23088.011518/2018-99;2018;WRECKING BALL - COMPETICÕES EM CONCRETO;VALQUIRIA CLARET DOS SANTOS;IRN;26/02/2018;07/12/2018;SIM; R$ 10.000,00 ; R$ 15.331,91 
23499.000737/2018-19;2018;PRODUCAO DE MATERIAL DIDATICO SOBRE CARLOS DRUMOND DE ANDRADE;RICARDO SHITSUKA;ITABIRA;01/06/2018;20/12/2018;SIM; R$ -   ; R$ -   
23499.000591/2018-30;2018;IRON RACERS DE FORMULAS SAE 2018;GLAUBER ZERBINI COSTAL;ITABIRA;03/05/2018;02/03/2019;SIM; R$ -   ; R$ 10.000,00 
23088.011539/2018-12;2018;ALIANCA BIBLICA UNIVERSITARIA DO BRASIL;PAULO FERNANDO RIBEIRO ;ISEE;12/06/2018;12/06/2019;SIM; R$ -   ; R$ -   
23088.012104/2018-87;2018;XIII ENCONTRO REGIONAL DE CATALISE: MINAS GERAIS, PARANA E SAO PAULO;KARINA ARRUDA ALMEIDA;IRN;14/06/2018;14/11/2018;SIM; R$ -   ; R$ -   
23088.024639/2017-10;2018;INICIACAO À COMUNICACAO CIENTIFICA;GILBERT SILVA;IEM;28/08/2017;03/12/2017;SIM; R$ -   ; R$ -   
23088.005984/2018-35;2018;INSPECAO EM ENSAIOR EM ISOLADORES E TRANSFORMADORES;ESTACIO TAVARES WANDERLEY NETO;ISEE;01/01/2018;30/06/2018;SIM; R$ 14.056,55 ; R$ 52.084,70 
23088.012345/2018-26;2018;CENTRO DE ESTUDANTES VOLUNTARIOS AMIGOS DE ITAJUBA;LUIZ EUGENIO VENEZIANI PASIN;IEPG;01/02/2018;30/12/2018;SIM; R$ -   ; R$ -   
23088.012458/2018-21;2018;III CURSO DE INTRODUCAO A SISTEMAS FOTOLAICOS: DIMENSIONAMENTO DE SISTEMAS EM E OFF GRID. TREINAMENTO EM BANCADA, ANALISE TECNICO ECONOMICA, ESTUDOS DE CASO E SIMULACAO COMPUTACIONAL EM PVSYST;CHRISTIAN J CORONADO RODRIGUEZ;IEM;20/09/2018;30/11/2018;SIM; R$ 11.885,00 ; R$ 10.130,00 
23499.000520/2018-09;2018;QUARTA ARTE;FERNANDO NEVES LIMA;IEI;04/06/2018;30/12/2018;SIM; R$ -   ; R$ -   
23499.000520/2018-09;2018;QUARTA ARTE;JOAO LUCAS DA SILVA;ICT;04/06/2018;30/12/2018;SIM; R$ -   ; R$ -   
23499.000788/2018-32;2018;EQUIPE DESAFIO SAMPE ITABIRA;ANDREZA DE SOUSA ANDRADA;ITABIRA;10/03/2018;10/12/2018;SIM; R$ -   ; R$ -   
23088.013127/2018-17;2018;ECONOMIA SOLIDARIA NA PEROBA - ITAJUBA - MG: FORTALECENDO AS PRATICAS DE COMERCIALIZACAO DA AGRICULTURA FAMILIA;VIVIANE GUIMARAES PEREIRA;IEPG;09/07/2018;11/02/2019;SIM; R$ -   ; R$ -   
23088.013285/2018-69;2018;TERINAMENTO DE USABILIDADE EM EQUIPAMENTOS MEDICOS - PELOTAS;ANA PAULA SIQUEIRA SILVA DE ALMEIDA;IESTI;21/06/2018;30/10/2018;SIM; R$ 4.180,00 ; R$ 4.513,80 
23088.013163/2018-72;2018;FLUIR MANDU: EXPRESSÕES CULTURAIS NO BAIRRO SAO GERALDO;CARLOS ALBERTO MAXIMO PIMENTA;IEPG;02/07/2018;20/12/2018;SIM; R$ -   ; R$ -   
23088.013744/2018-12;2018;PESQUISA APLICADA DE ANOMALIAS EM ESTRUTURAS DE CONCRETO ARMADO;ADINELE GOMES GUIMARAES;IRN;01/06/2018;30/08/2018;SIM; R$ 8.730,00 ; R$ 8.730,00 
23088.013752/2018-51;2018;PARTICIPACAO EM CURSO DE CURTA DURACAO EM MANUTENCAO EM TRANSFORMADORES;ROSSANO GIMENES;IFQ;03/07/2018;02/07/2019;SIM; R$ 3.200,00 ; R$ 8.806,84 
23088.013838/2018-83;2018;ELABORACAO DE ESTUDO SIMPLIFICADO DE GESTAO INTEGRADA DE RESIDUOS SOLIDOS;HERLANE COSTA CALHEIROS;IRN;01/04/2018;30/08/2018;SIM; R$ 12.471,40 ; R$ 14.000,00 
23088.012233/2018-75;2018;V ENCONTRO SOBRE DESENVOLVIMENTO, TECNOLOGIAS E SOCIEDADE;DANIELE ORNAGHI SANT’ANNA;IRN;18/06/2018;20/06/2018;SIM; R$ -   ; R$ -   
23088.015268/2017-85;2018;WRECKING BALL - COMPETICÕES EM CONCRETO;VALQUIRIA CLARET DOS SANTOS;IRN;20/02/2017;01/12/2017;SIM; R$ -   ; R$ -   
23499.001043/2018-91;2018;PROJETO DE APOIO PEDAGOGICO AO COLEGIO TIRADENTES ITABIRA;ELCIO FRANKLIN DE ARRUDA;ITABIRA;13/08/2018;30/11/2018;SIM; R$ -   ; R$ 4.800,00 
23499.001044/2018-35;2018;CURSO PREPARATORIO PARA ENEM 2018;EVANDRO AUGUSTO DE MORAIS;ITABIRA;13/08/2018;30/11/2018;SIM; R$ 4.800,00 ;
23088.015043/2018-18;2018;"I SIMPOSIO DO MESTRADO PROFISSIONAL EM ADMINISTRACAO - MPA ""OPORTUNIDADES E TENDENCIAS PARA O MESTRADO PROFISSIONAL""";LUIZ EUGENIO VENEZIANI PASIN;IEPG;30/07/2018;31/07/2018;SIM; R$ 3.544,80 ; R$ 3.544,80 
23088.015286/2018-48;2018;AERACAO DO LAGO DO CAMPUS DA UNIFEI;ROBERTO ALVES DE ALMEIDA;IRN;01/08/2018;10/09/2019;SIM; R$ -   ; R$ -   
23088.013408/2018-61;2018;BIOTEC EM FOCO;GUILHERME YOUSSEF RODRIGUEZ;IRN;16/06/2018;17/06/2018;SIM; R$ -   ; R$ -   
23088.015784/2018-91;2018;PROJETO DE EDUCACAO AMBIENTAL: HORTA ORGANICA;DANIELA ROCHA TEIXEIRA RIONDET COSTA;IRN;12/04/2018;19/02/2018;SIM; R$ -   ; R$ -   
23088.016013/2018-11;2018;DETERMINACAO DA CONDUTIVIDADE TERMICA EM FUNCAO DO NUMERO DE FIOS E TEMPERATURA DE CABOS DE RUTHERFORD;SANDRO MENTREVELLE MARCONDES DE LIMA E SILVA;IEM;10/07/2018;31/12/2018;SIM; R$ 12.000,00 ; R$ 12.000,00 
23088.015284/2018-59;2018;ESTUDOS AMBIENTAIS RELATIVOS E REVALIDACAO DO LICENCIAMENTO AMBIENTAL DO COMPLEXO DOSDIQUES E CONTENCA DE CHEIAS.;ANA PAULA MONI SILVA;IRN;01/06/2018;01/10/2018;SIM; R$ 43.740,00 ; R$ 43.740,00 
23088.015285/2018-01;2018;ELABORACAO DE PLANO DIRETOR;BENEDITO CLAUDIO DA SILVA;IRN;01/06/2018;01/10/2018;SIM; R$ 89.640,00 ; R$ 86.238,00 
23088.015858/2018-99;2018;ENSAIOS PARA CARACTERIZACAO DE MATERIAIS - ANALISE TERMICA, REOLOGICA, FISICO-QUIMICA, MECANICA E NÃO DESTRUTIVA;ANTONIO CARLOS ANCELOTTI JUNIOR;IEM;01/08/2018;21/12/2018;NÃO; R$ 50.275,00 ;
23088.016082/2018-24;2018;TECNICAS DE DEEP LEARNING - DL 101;LUIZ EDUARDO BORGES DA SILVA;IESTI;20/08/2018;24/08/2018;SIM; R$ -   ; R$ -   
23499.000658/2018-08;2018;MARATONA MINEIRA DE PROGRAMACAÕ;ERICK OLIVEIRA RODRIGUES;ITABIRA;10/05/2018;15/12/2018;SIM; R$ -   ; R$ -   
23088.016350/2018-16;2018;POR QUE PRECISAMOS DE FOTOPROTECAO DIFERENCIADA NO BRASIL E NA AMERICA LATINA?;MARCELO DE PAULA CORREA;IRN;19/09/2018;19/09/2018;SIM; R$ -   ; R$ -   
23499.000241/2016-75;2018;LOTS AERODESIGN;RUBEN ALEXIS MIRANDA CARRILHO;ITABIRA;01/01/2016;31/12/2016;SIM; R$ -   ; R$ -   
23499.000539/2017-66;2018;EQUIPE DE DESENVOLVIMENTO DE JOGOS ELETRONICOS;Juliano De almeiDa monte mor ;ITABIRA;25/04/2017;24/04/2018;SIM; R$ -   ; R$ -   
23088.015863/2018-00;2018;ENSAIOS PARA CARACTERIZACAO DE MATERIAIS - ANALISE TERMICA, REOLOGICA, FISICO-QUIMICA, MECANICA E NAO DESTRUTIVA;ANTONIO CARLOS ANCELOTTI JUNIOR;IEM;01/08/2018;01/08/2019;SIM; R$ 50.275,00 ; R$ 22.364,85 
23499.000088/2018-48;2018;MINICURSO DE DESENHO AUXILIADO POR COMPUTADOR;MARCO AURELIO MOURA SURIANI;ITABIRA;05/02/2018;29/06/2018;SIM; R$ -   ; R$ -   
23499.000611/2018-36;2018;V WORSHOP DOP GRUPO DE PESQUISA EM SISTEMAS DE EXAUTAO (GPESE);JOSE CARLOS DE LACERDA;ITABIRA;08/05/2018;12/05/2018;SIM; R$ -   ; R$ -   
23088.016250/2018-81;2018;V SEMINARIO DE RECURSOS NATURAIS;MARCELO DE PAULA CORREA;IRN;06/08/2018;10/08/2018;SIM; R$ -   ; R$ -   
23088.017086/2018-20;2018;EMISSAO DE PARECER TECNICO PARA FUNCIONAMENTO ININTERRUPTO ;EDMILSON OTONI CORREA;IEM;08/08/2018;08/08/2019;SIM; R$ 36.000,00 ; R$ 10.000,00 
23088.019728/2017-44;2018;PARTICIPACAO EM CURSO DE CURTA DURACAO QPSE - MODULO GERACAO HIDRAULICA;BENDITO CLAUDIO DA SILVA;IRN;02/10/2017;06/10/2017;SIM; R$ 14.000,00 ; R$ 14.830,84 
23088.017234/2018-44;2018;TESTE DE USABILIDADE DE PRODUTOS PARA CURATIVOS;ANA PAULA SIQUEIRA SILVA DE ALMEIDA;IESTI;01/08/2018;31/12/2018;SIM; R$ 3.500,00 ; R$ 3.500,00 
23088.017300/2018-48;2018;EMISSAO DE LAUDO TECNICO SOBRE DESEMPENHO DE EQUIPAMENTOS DE ALIMENTACAO DE BIOMASSA EM UTE;ELECTO EDUARDO SILVA LORA;IEM;03/09/2018;20/12/2018;SIM; R$ 40.000,00 ; R$ 40.000,00 
23499.001226/2018-14;2018;ENSINO DE PROGRAMACAO BASICA/DESENVOLVIMENTO DE APLICATIVOS NO EEMZA -  ITABIRA;ERICK OLIVEIRA RODRIGUES;ITABIRA;14/08/2018;14/12/2018;SIM; R$ -   ; R$ -   
23088.016625/2018-11;2018;MULTIRAO NO PARQUE NACIONAL SERRA DA BOCAINA COMO INSTRUMENTO DE EDUCACAO AMBIENTAL;DANIELA ROCHA TEIXEIRA RIONDET COSTA;IRN;31/08/2018;01/09/2018;SIM; R$ -   ; R$ -   
23088.016626/2018-11;2018;PARTICIPACAO NO PROGRAMA DE POS GRADUACAO EM CIENCIAS DE ENGENHARIA AMBIENTAL (PPGSEA);MARIA RITA RAIMUNDO E ALMEIDA ;IRN;20/08/2018;19/08/2019;SIM; R$ -   ; R$ -   
23088.016627/2018-11;2018;PARTICIPACAO NO PROGRAMA DE POS GRADUACAO EM QUALIDADE AMBIENTAL (PPGMQ);MARIA RITA RAIMUNDO E ALMEIDA ;IRN;20/08/2018;18/02/2019;SIM; R$ -   ; R$ -   
23499.001202/2018-57;2018;LIGA ESTUDANTIL DE EMPREENDEDORISMO & NEGOCIOS (LESTE & NEGOCIOS);LILIAN CAMPOS;ITABIRA;10/08/2018;03/12/2018;NÃO; R$ -   ; R$ -   
23499.001202/2018-57;2018;LIGA ESTUDANTIL DE EMPREENDEDORISMO & NEGOCIOS (LESTE & NEGOCIOS);HENRIQUE DUARTE CARVALHO;ITABIRA;10/08/2018;03/12/2018;NÃO; R$ -   ; R$ -   
23088.016516/2018-96;2018;EQUIPE UAI!RRIOR DE ROBOTICA;TALES CLEBER PIMENTA;IESTI;22/08/2018;22/08/2019;SIM; R$ -   ; R$ 9.955,00 
23088.016597/2018-24;2018;UNIFEI SINTROPICA;ALAN BENDASOLI PAVAN;IFQ;30/07/2018;15/12/2018;SIM; R$ -   ; R$ -   
23088.017214/2018-35;2018;EDUCACAO AMBIENTAL E SUA IMPORTANCIA PARA A CIDADANIA;DANIELA ROCHA TEIXEIRA RIONDET COSTA;IRN;07/08/2018;07/08/2018;SIM; R$ -   ; R$ -   
23499.001265/2018-11;2018;I DEMAT - DIA DE ENGENHARIA DE MATERIAIS;GUILHERME OLIVEIRA SIQUEIRA;ITABIRA;20/08/2018;31/08/2018;SIM; R$ -   ; R$ -   
23499.001294/2018-75;2018;FEIRA DE ESTAGIO DE ENGENHARIA DE PRODUCAO - FEEP;TABATA FERNANDES PEREIRA;ITABIRA;18/10/2018;18/10/2018;SIM; R$ -   ; R$ -   
23499.001317/2018-41;2018;SETEMBRO AMARELO NA UNIFEI - CAMPUS ITABIRA;MARCELLE NUNES ARAUJO;ITABIRA;13/09/2018;30/10/2018;SIM; R$ -   ; R$ -   
23088.013998/2018-22;2018;METODOLOGIA DE ANALISE DE DESEMPENHO DE REGIONAIS DE EMPRESAS DE DISTRIBUICAO;EDUARDO CRESTANA GUARDIA;ISEE;07/07/2018;28/02/2019;NÃO; R$ 77.040,00 ;
23499.001322/2018-54;2018;CONSERVACAO E RESTAURACAO AMBIENTAL DE TERRITORIOS NA REGIAO DA SERRA DO ESPINHACO;ANA CAROLINA VASQUES FREITAS;ICPA;01/09/2018;01/09/2019;SIM; R$ -   ; R$ -   
23499.000904/2017-32;2018;CHEERLEADERS;ROSE-MARIE BELARDI;ITABIRA;01/07/2017;01/07/2018;SIM; R$ -   ; R$ -   
23088.018232/2018-34;2018;BANCADA DE TECNOLOGIAS DE IRRIGACAO;ROBERTO ALVES DE ALMEIDA;IRN;01/09/2018;31/12/2018;SIM; R$ -   ; R$ -   
23088.016525/2018-87;2018;CICLO DE ESTUDOS SOBRE BNCC: PARCERIA ESCOLA-UNIVERSIDADE;ANA CAROLINA SALES OLIVEIRA;IFQ;01/08/2018;31/08/2018;SIM; R$ -   ; R$ -   
23088.018333/2018-13;2018;SEMANA DE TECNOLOGIAS AERONAUTICAS (STA);PATRICIA SILVA LOPES ALEXANDRINO;IEM;10/09/2018;15/09/2018;SIM; R$ -   ; R$ -   
23088.018386/2018-26;2018;GESTAO DA SEMANA DE ENGENHARIA MECANICA (SEMEC);JESUS ANTONIO GARCIA SANCHEZ;IEM;23/07/2018;10/12/2018;SIM; R$ 5.000,00 ; R$ 2.000,00 
23088.018393/2018-28;2018;GESTAO DA SEMANA DE ENGENHARIA MECANICA (SEMEC);JESUS ANTONIO GARCIA SANCHEZ;IEM;23/07/2018;10/12/2018;SIM; R$ 5.000,00 ; R$ 2.000,00 
23088.018485/2018-16;2018;"DEBATE-MEIO AMBIENTE E ACÕES GLOBAIS SOBRE OS PROBLEMAS GERADOS PELA URBANIZACAO; O LIXO PLASTICO NOS OCEANOS";MARCELO DE PAULA CORREA;IRN;05/09/2018;05/09/2018;SIM; R$ -   ; R$ -   
23088.018488/2018-41;2018;A TEMPERATURA ESTA AUMENTANDO! POR QUE A DEFESA DE UM CLIMA SEGURO E ESSENCIAL PARA A SAUDE DA CRIANCA?;MARCELO DE PAULA CORREA;IRN;14/09/2018;14/09/2018;SIM; R$ -   ; R$ -   
EV013-2018;2018;STARTUP WEEKEND MAKER UNIFEI;JULIANA CAMINHA NORONHA;IEPG;31/08/2018;02/09/2018;SIM ; R$ -   ; R$ -   
EV012-2018;2018;I CIRCUITO DE ADMINISTRACAO;ISABEL CRISTINA DA SILVA ARANTES;IEPG;30/08/2018;13/09/2018;SIM; R$ -   ; R$ -   
EV010-2018;2018;XIII JOB SHOP - FEIRA DE CARREIRA E RECRUTAMENTO DA UNIFEI;LAUREN FERREIRA COLVARA;IEPG;16/08/2018;24/08/2018;SIM; R$ -   ; R$ -   
EV006-2018;2018;MAKER HACKLAB;JULIANA CAMINHA NORONHA;IEPG;19/05/2018;27/05/2018;SIM; R$ -   ; R$ -   
EV005-2018;2018;WE INOVAI FORUM - DESENVOLVENDO AMBIENTES DE NEGOCIOS ENTRE INDUSTRIAS E STARTUPS;CARLOS HENRIQUE PEREIRA MELLO;IEPG;10/05/2018;10/05/2018;SIM; R$ -   ; R$ -   
EV004-2018;2018;WE INOVAI CONFERENCE;CARLOS HENRIQUE PEREIRA MELLO;IEPG;04/04/2018;04/04/2018;SIM; R$ -   ; R$ -   
EV001-2018;2018;"SEMINARIO ""PROPRIEDADE INTELECTUAL FOR NOOBS""";JULIANA CAMINHA NORONHA;IEPG;02/04/2018;04/04/2018;SIM; R$ -   ; R$ -   
EV002-2017;2017;SEMANA DE ENGENHARIA PRODUCAO - SEMEPRO;CARLOS HENRIQUE PEREIRA MELLO;IEPG;16/08/2017;18/08/2017;SIM; R$ -   ; R$ -   
CR008-2018;2018;ANALISE BIBLIOMETRICA: A PRODUCAO CIENTIFICA DE PERIODICO DA AREA INTERDISCIPLINAR;LAUREN FERREIRA COLVARA;IEPG;16/08/2018;16/08/2018;SIM; R$ -   ; R$ -   
CR007-2018;2018;LIBRAS BASICO I;PALOMA ALINNE ALVES RODRIGUES RUAS;IFQ;30/08/2018;29/11/2018;SIM; R$ -   ; R$ -   
CR004-2018;2018;CINETICA E TERMODINAMICA APLICADA AO PROCESSO HAPC PARA REVESTIMENTOS DE LIGAS PARA ALTAS TEMPERATURAS;GEOVANI RODRIGUES;IEM;18/06/2018;22/06/2018;SIM; R$ -   ; R$ -   
23499.001449/2016-10;2018;MONTANHISMO UNIFEI;JULIANO DE ALMEIDA MONTE-MOR;ITABIRA;01/04/2017;31/12/2017;SIM; R$ -   ; R$ -   
23088.013352/2018-45;2018;MANUTENCAO DOS COMPUTADORES DA POLICIA CIVIL DO ESTADO DE MINAS GERAIS;THATYANA DE FARIA PIOLA SERAPHIM;IESTI;03/04/2018;02/04/2019;SIM; R$ -   ; R$ -   
23499.001458/2018-64;2018;EPR WEEKEND;TABATA FERNANDES PEREIRA;ITABIRA;11/09/2018;30/11/2018;SIM; R$ -   ; R$ -   
23088.018803/2018-31;2018;SEMANA DE ENGENHARIA DE PRODUCAO - SEMEPRO;JOSE LEONARDO NORONHA;IEPG;20/08/2018;30/09/2018;SIM; R$ -   ; R$ -   
23088.018759/2018-69;2018;REVISTA AMAN-TI-KIR: ESTUDOS INTERDISCIPLINARES EM EDUCACAO;ALESSANDRA RODRIGUES;IFQ;24/08/2018;24/08/2019;SIM; R$ -   ; R$ -   
23088.016100/2018-78;2018;CERTIFICACAO E ENSAIOS DE PRODUTOS DE TECNOLOGIA DA INFORMACAO E TECECOMUNICACAO;JOSE CARLOS GRILLO RODRIGUES;ISEE;06/08/2018;31/08/2019;SIM; R$ 385.589,65 ; R$ 107.476,00 
23088.014807/2018-40;2018;PARTICIPACAO NO COMITE DE AVALIACAO DOS PROJETOS PIPE-FAPESP;MARCELO DE PAULA CORREA;IRN;26/07/2018;26/07/2018;SIM; R$ -   ; R$ 850,00 
23499.001231/2017-38;2018;L.O.T.S AERODESIGN;RUBEN ALEXIS MIRANDA CARRILHO;ITABIRA;11/09/2017;07/04/2018;SIM; R$ -   ; R$ 9.304,50 
23499.000496/2018-08;2018;L.O.T.S AERODESIGN;RUBEN ALEXIS MIRANDA CARRILHO;ITABIRA;13/04/2018;31/12/2018;SIM; R$ -   ; R$ -   
23088.015782/2018-00;2018;UM PANORAMA DA RADIACAO ULTRAVIOLETA NO BRASIL E SEUS IMPACTOR SOBRE A POPULACAO;MARCELO DE PAULA CORREA;IRN;30/08/2018;30/08/2018;SIM; R$ 4.500,00 ; R$ 4.744,44 
23088.016521/2018-07;2018;I SIMPOSIO INTERNACIONAL DE EDUCACAO EM CIENCIAS E III SEMANA DAS LICENCIATURAS DA UNIFEI;DENISE PEREIRA DE ALCANTARA FERRAZ;IFQ;29/10/2018;01/11/2018;SIM; R$ 2.000,00 ; R$ 2.820,00 
23088.017742/2018-94;2018;INSPECAO EM ENSAIOS EM ISOLADORES E TRANSFORMADORES;ESTACIO TAVARES WANDERLEY NETO;ISEE;01/07/2018;31/12/2018;SIM; R$ 14.056,55 ; R$ -   
23088.019046/2018-12;2018;"PARTICIPACAO NO CURSO DE ""CENTRAIS TERMELETRICAS - FUNDAMENTOS TERMODINAMICOS, EQUIPAMENTOS E OPERACAO""";OSVALDO JOSE VENTURINI;IEM;24/09/2018;23/09/2019;SIM; R$ 13.492,23 ; R$ 15.046,73 
23088.018487/2018-05;2018;FOTOPROTECAO COM ENFASE EM LUZ VISIVEL;MARCELO DE PAULA CORREA;IRN;25/09/2018;25/09/2018;SIM; R$ 3.950,00 ; R$ 4.014,72 
23499.001457/2018-10;2018;ENGENHARIA DA MOBILIDADE: TEORIA E PRATICA NO CONTEXTO ITABIRANO;PATRICIA BALDINI DE MEDEIROS GARCIA;ITABIRA;25/09/2018;25/09/2018;SIM; R$ -   ; R$ -   
23088.019159/2018-18;2018;TREINAMEMBROS - ENTREPRENEURIAL ACTION US;LUIZ EUGENIO VENEZIANI PASIN;IEPG;25/08/2018;25/08/2018;SIM; R$ -   ; R$ -   
PJ002-2018;2018;QUANTO VALE O DINHEIRO PARA OS JOVENS? CONSTRUCAO E CONSOLIDACAO DO CONHECIMENTO DE EDUCACAO FINANCEIRA ENTRE ALUNOS UNIVERSITARIOS;ANDRE LUIZ MEDEIROS;IEPG;19/03/2018;31/12/2018;SIM; R$ -   ; R$ -   
23088.019200/2018-56;2018;TESTE DE BOMBEAMENTO EM CISTERNAS NA UNIFEI CAMPUS ITAJUBA;ANA PAULA MONI SILVA;IRN;21/09/2018;15/12/2018;NÃO; R$ -   ; R$ -   
23088.018935/2018-62;2018;FISCALIZACAO DO CUMPRIMENTO DO PLANO DE MELHORIAS E PROVIDENCIAS DA DISTRIBUIDORA DE ENERGIA ELETRICA;ROBERTO AKIRA YAMACHITA;ISEE;25/06/2018;24/06/2019;SIM; R$ 50.000,00 ; R$ 50.000,00 
23088.016497/2018-06;2018;MEDICAO E ANALISE DA QUALIDADE DOS PARAMETROS ELETRICOS (QUALIDADE DE ENERGIA);PAULO FERNANDO RIBEIRO ;ISEE;01/08/2018;01/08/2019;SIM; R$ 12.124,09 ; R$ 12.124,09 
23499.001401/2018-65;2018;SAUDE E SEGURANCA PARA TODOS;LUCIANA DE MELO GOMIDES;ITABIRA;30/10/2018;30/10/2019;SIM; R$ -   ; R$ -   
23088.018973/2018-15;2018;CURSO DE FORMACAO DE PRECEPTORES E RESIDENTES;JANAINA ROBERTA DOS SANTOS;IRN;17/08/2018;18/10/2018;SIM ; R$ -   ; R$ -   
23499.001348/2018-01;2018;METODOLOGIAS ATIVAS PARA APRIMORAMENTO DO PROCESSO DE ENSINO-APRENDIZAGEM NO ENSINO SUPERIOR;RENATA DOS SANTOS;ITABIRA;01/10/2018;20/12/2018;SIM; R$ -   ; R$ -   
23088.019788/2018-48;2018;EMISSAO DE PARECER TECNICO PARA FUNCIONAMENTO INICTERRUPTO - DECRETO 27.048 DE 12/08/49;RICARDO RISSO CHAVES;IEM;13/09/2018;30/11/2018;SIM; R$ -   ; R$ 9.000,00 
23088.020090/2018-75;2018;QUIMICA COM SEGURANCA;GEISE RIBEIRO;IFQ;26/10/2018;26/10/2018;SIM; R$ -   ; R$ -   
23499.001346/2018-11;2018;BATERIA CALANGODUM;JULIANO DE ALMEIDA MONTE-MOR;ITABIRA;01/10/2018;30/09/2019;SIM; R$ -   ; R$ -   
23088.020615/2018-72;2018;PROGRAMACAO FUNCIONAL 101;MAURILIO PEREIRA COUTINHO;IESTI;15/10/2018;17/10/2018;SIM; R$ -   ; R$ -   
23499.001347/2018-58;2018;ESCALANGO - MONTANHISMO UNIFEI;JULIANO DE ALMEIDA MONTE-MOR;ITABIRA;01/10/2018;30/09/2019;SIM; R$ -   ; R$ -   
23088.020893/2018-20;2018;PROJETO, MONTAGEM E INSTRUMENTACAO DE UM PROTOTIPO EXPERIMENTAL PARA CONTROLE DE PROCESSOS;THIAGO VAZ DA COSTA;IRN;01/04/2018;01/04/2019;NÃO; R$ -   ; R$ -   
23088.020897/2018-16;2018;DESENVOLVIMENTO DE UMA PLATAFORMA PARA MONITORAMENTO E APLICACAO EXPERIMENTAL DE TECNICAS DE CONTROLE AVANCADO;THIAGO VAZ DA COSTA;IRN;01/09/2018;01/02/2019;SIM; R$ -   ; R$ -   
23499.001539/2017-83;2018;PROJETO TECNOLOGICO - IRON RACERS DE FORMULA SAE;GLAUBER ZERBINI COSTAL;ITABIRA;01/02/2017;31/01/2018;SIM; R$ -   ; R$ -   
23088.021530/2018-10;2018;PROJETO ECOEFICIENTE PARAA ONG RESGACTI;MARIA CLAUDIA COSTA DE OLIVEIRA BOTAN;IRN;10/09/2018;09/04/2018;SIM; R$ -   ; R$ -   
23088.021673/2018-13;2018;AS DOENCAS TEM HISTORIA II;MILTON JOSE ZAMBONI;IEPG;18/10/2018;29/11/2018;SIM; R$ -   ; R$ -   
23088.021730/2018-64;2018;OFICINA PILOTO DE ENGENHARIA QUIMICA;HUGO PERAZINNI;IRN;01/08/2018;01/08/2019;SIM; R$ -   ; R$ -   
23088.014328/2018-23;2018;ENSAIOS ELETRICOS;ESTACIO TAVARES WANDERLEY NETO;ISEE;01/07/2018;31/12/2018;SIM; R$ 51.094,00 ; R$ 57.564,39 
23088.008929/2018-05;2018;PROJETOS DE ENGENHARIA DE PRODUCAO;LOURIVAL JORGE MENDES NETO;IEM;26/02/2018;29/06/2018;SIM; R$ -   ; R$ -   
23088.020269/2018-77;2018;PARTICIPACAO NO CURSO DE CURTA DURACAO EM OPERACAO DE TURBINAS HIDRAULICAS E REGULADORES DE VELOCIDADE;HELCIO FRANCISCO VILLA NOVA;IEM;01/10/2018;30/09/2019;SIM; R$ 5.831,87 ; R$ 6.321,31 
23088.020106/2018-40;2018;EDUCACAO PERMANENTE PARA FUNCIONARIOS EM ATENCAO BASICA À SAUDE DA PMI;ELIANA DE FATIMA SOUZA SALOMON;IEPG;01/09/2018;31/08/2019;SIM; R$ -   ; R$ -   
23499.001736/2018-83;2018;ESOCIAL: IMPLEMANTACAO DA FERRAMENTA E SEUS EVENTOS JPRATICOS PARA A SAUDE E SEGURANCA DO TRABALHO;ANNA RITA TOMICH M FELIPPE;ITABIRA;16/11/2018;16/12/2018;SIM; R$ -   ; R$ -   
23499.001722/2018-60;2018;CHEERLEADERS;ROSE-MARIE BELARDI;ITABIRA;12/09/2018;12/09/2019;SIM; R$ -   ; R$ -   
23088.020105/2018-03;2018;"PALESTRA ""ENGENHARIA DE PRODUCAO: NOVAS TENDENCIAS E AVANCOS"" - UNIVERSIDADE DE RIO VERDE GO";CARLOS EDUARDO SANCHES DA SILVA;IEPG;26/09/2018;26/09/2018;SIM; R$ 2.000,00 ; R$ 2.000,00 
23499.001750/2018-87;2018;PROGRAMA DE FOMENTO AO EMPREENDEDORISMO - BELMONT LAB;LILIAN BARROS PEREIRA CAMPOS;ITABIRA;19/10/2018;19/10/2019;SIM; R$ -   ; R$ -   
23088.022862/2018-11;2018;PRESTACAO DE SERVICO PARA ASSESSORAMENTO, PESQUISE E DESENVOLV. PROJETOS ESPECIFICOS PARA DESENVOLVER O PORTAL BRASILEIRO DE INDICADORES DE EFICIENCIA ENERGETICA PARA O INTERNATIONAL ENERGY INITIATIVE - IEI BRASIL;ROBERTO AKIRA YAMACHITA;ISEE;10/09/2018;09/07/2019;SIM; R$ 46.000,00 ; R$ 46.000,00 
23499.000404/2018-81;2018;OBSERVATORIO DE CONFLITOS RURAIS DO ALTO E MEDIO RIO DOCE (MG);LEONARDO FERREIRA REIS;ITABIRA;27/03/2018;29/02/19;SIM; R$ -   ; R$ -   
23499.000956/2016-17;2018;FISICA UAI!;MARCIO TSUYOSHI YASUDA;ITABIRA;01/07/2016;10/12/2016;SIM; R$ -   ; R$ -   
23088.022728/2018-11;2018;PALESTRA CIDADE EMPREENDEDORA E CIDADE 4.0;ELZO ALVES ARANHA;IEPG;05/11/2018;05/11/2018;SIM; R$ -   ; R$ -   
23088.022950/2018-13;2018;PARTICIPACAO NO CURTA DURACAO EM TERMOGRAFIA INFRAVERMELHA;EDSON DA COSTA BORTONI;IESTI;29/10/2018;28/10/2019;SIM; R$ -   ; R$ -   
23088.023161/2018-91;2018;ESTUDOS DE DESCARGAS PARCIAIS EM ISOLADORES;ESTACIO TAVARES WANDERLEY NETO;ISEE;15/11/2018;14/08/2019;SIM; R$ 47.278,62 ; R$ 47.278,60 
23088.016851/2018-94;2018;CAMPEONATO DE CUBO MAGICO - ETAPA PRIMAVERA;FREDERICO OLIVEIRA PASSOS;ISEE;15/09/2018;16/09/2018;SIM; R$ -   ; R$ -   
23088.021805/2018-15;2018;III SEMANA DA ESPERANCA;PAULO FERNANDO RIBEIRO ;ISEE;22/10/2018;25/10/2018;SIM; R$ -   ; R$ -   
23088.023600/2018-66;2018;TREINAMENTO EM RESILIENCIA URBANA - NEIRU;GERALDO LUCIO TIAGO FILHO;IRN;09/11/2018;10/11/2018;NÃO; R$ -   ; R$ -   
23088.023601/2018-19;2018;ELABORACAO DE ESTUDO ESTRATEGICO PARA IMPLANTACAO DE UNIDADE DE SAUDE;GERALDO LUCIO TIAGO FILHO;IRN;01/10/2018;31/12/2018;SIM; R$ 20.760,00 ; R$ 27.624,00 
23088.023645/2018-31;2018;PALESTRA SOBRE EFEITOS DA RADIACAO UV SOBRE A PELA E SUAS IMPLICACÕES AMBIENTAIS NO EVENTO SCIENTIFIC SUNCARE DAY;MARCELO DE PAULA CORREA;IRN;09/11/2018;09/11/2018;SIM; R$ -   ; R$ 4.400,00 
23088.024648/2017-19;2017;CONTRATO DE REVISAO TECNINCA COM CESSAO DE DIREITOS AUTORAIS;THATYANA DE FARIA PIOLA SERAPHIM;IESTI;12/12/2017;11/12/2018;SIM; R$ -   ; R$ -   
23088.024651/2017-24;2017;CONTRATO DE REVISAO TECNINCA COM CESSAO DE DIREITOS AUTORAIS;ENZO SERAPHIM;IESTI;12/12/2017;11/12/2018;SIM; R$ -   ; R$ 9.540,00 
23088.023401/2018-58;2018;SEMANA PARA AUTOMOCAO, COMPUTACAO E ELETRONICA - SPACE;RODRIGO MAXIMIANO ANTUNES DE ALMEIDA;IESTI;11/09/2018;14/09/2018;SIM; R$ -   ; R$ -   
23499.000219/2017-14;2018;EQUIPE MOUNTAINBAJA;JOSE CARLOS DE LACERDA;ITABIRA;01/01/2017;20/12/2017;SIM; R$ -   ; R$ -   
23088.024064/2018-16;2018;II SEMINARIO DE ECONOMIA POPULAR SOLIDARIA E V ENCONTRO DE GRUPOS INCUBADOS;VIVIANE GUIMARAES PEREIRA;IEPG;26/11/2018;27/11/2018;SIM; R$ 2.382,72 ; R$ 2.382,72 
23088.024083/2018-42;2018;PATICIPACAO EM PROGRAMA DE CAPACITACAO EM ENGENHARIA ECONOMICA 1 E 2;JOSE ARNALDO BARRA MONTEVECHI;IEPG;09/11/2018;30/11/2018;SIM; R$ 8.050,00 ; R$ 10.742,90 
23499.001938/2018-25;2018;PARTICIPACAO NO CURSO DE CURTA DURACAO DE ENERGIA SOLAR FOTOVOLTAICA;RAFAEL BALBINO CARDOSO;ITABIRA;15/11/2018;20/12/2018;SIM; R$ 4.500,00 ; R$ 3.340,64 
23088.024069/2018-49;2018;PESQUISA PARA LEVANTAMENTO DO POTENCIAL DE ENERGIAS OCEANICAS E FLUVIAIS NA BAIA DE SAO MARCOS NO MARANHAO - INEOF;GERALDO LUCIO TIAGO FILHO;IRN;01/10/2018;30/09/2019;NÃO; R$ -   ; R$ -   
23088.024490/2018-50;2018;MINICURSO SOBRE DIVERSIDADE SOCIAL NO TRABALHO;ISABEL CRISTINA DA SILVA ARANTES;IEPG;25/07/2018;25/07/2018;SIM; R$ -   ; R$ -   
23088.024674/2018-10;2018;PARTICIPACAO EM PROGRAMA DE CAPACITACAO EM ENGENHARIA ECONOMICA 1 E 2;EDSON DE OLIVEIRA PAMPLONA;PROEX;28/11/2018;08/12/2018;SIM; R$ 12.075,00 ; R$ 16.190,11 
23088.024686/2018-44;2018;PALESTRA UNIVERSIDADE EMPREENDEDORA;ELZO ALVES ARANHA;IEPG;21/11/2018;22/11/2018;SIM; R$ -   ; R$ -   
23088.024689/2018-88;2018;CURSO DE LINKEDIN;ISABEL CRISTINA DA SILVA ARANTES;IEPG;17/11/2018;17/11/2018;SIM; R$ -   ; R$ -   
23088.023239/2018-78;2018;WORKSHOP PROJETO SEMESTRAL UNIFEI 2018;LOURIVAL JORGE MENDES NETO;IEM;20/10/2018;20/11/2018;SIM; R$ -   ; R$ -   
23499.000498/2017-16;2018;ALLONS AU CINEMA!;MARTINELLY VIEIRA MARTINS;ITABIRA;02/05/2017;17/11/2017;SIM; R$ -   ; R$ -   
23499.000498/2017-16;2018;ALLONS AU CINEMA!;MARIA ELIZABETE VILLELA SANTIAGO;ITABIRA;02/05/2017;17/11/2017;SIM; R$ -   ; R$ -   
23088.024948/218-71;2018;MINICURSO INTERNATIONAL ADVANCES IN BIODIGESTION TECHNOLOGY;DIEGO MAURICIO YEPES MAYA;IEM;10/12/2018;14/12/2018;SIM; R$ -   ; R$ -   
23088.024958/2018-14;2018;SEMINARIO INTERNACIONAL UNIFEI E UNILIBRE;DIEGO MAURICIO YEPES MAYA;IEM;05/11/2018;09/11/2018;SIM; R$ -   ; R$ -   
23088.025012/2018-67;2018;RODA DE NEGOCIO ;ISABEL CRISTINA DA SILVA ARANTES;IEPG;22/11/2018;22/11/2018;SIM; R$ -   ; R$ -   
23499.001975/2018-33;2018;AVALIACAO DO APROVEITAMENTO DE AGUA DE CHUVA NA PRODUCAO DE CIMENTO NA EMPRESA ITAMIX;EDUARDO DE AGUIAR DO COUTO;ITABIRA;01/11/2018;30/04/2019;SIM; R$ -   ; R$ -   
23088.025123/2018-73;2018;IMPRESSAO DE PECAS POR PROTOTIPAGEM RAPIDA;CARLOS HENRIQUE PEREIRA MELLO;PROEX;22/10/2018;21/10/2019;SIM; R$ 18.602,89 ; R$ 1.843,15 
23499.002084/2018-02;2018;NATAL SOLIDARIO;MARCIO TSUYOSHI YASUDA;ITABIRA;01/12/2018;08/12/2018;SIM; R$ -   ; R$ -   
23499.002084/2018-02;2018;NATAL SOLIDARIO;GLAUCIO MARCELINO MARQUES;ITABIRA;01/12/2018;08/12/2018;SIM; R$ -   ; R$ -   
23499.001363/2017-60;2018;PALESTRAS E OFICINAS DE PRODUCAO DOCENTE;RICARDO SHITSUKA;ITABIRA;31/08/2017;31/08/2018;SIM; R$ -   ; R$ -   
23088.015096/2018-21;2018;CURSO DE CURTA DURACAO EM TERMOGRAFIA INFRAVERMELHA;GUILHERME SOUSA BASTOS;IESTI;06/08/2018;06/08/2019;SIM; R$ 17.802,00 ; R$ 19.657,98 
23088.025318/2018-13;2018;MUTIRAO DE PLANTIO DE MUDAS NATIVAS EM MEMORIA AO EUCALIPTO DO JOAQUINZAO, EM TAUBATE - SP;MARIA CLAUDIA COSTA DE OLIVEIRA BOTAN;IRN;12/11/2018;26/01/2019;SIM; R$ -   ; R$ -   
23088.025319/2018-68 ;2018;MESA REDONDA COM EX-ALUNOS DO CURSO DE ENGANHARIA AMBIENTAL E SANITARIA DA UNIVERSIDADE DE TAUBATE - UNITAU;MARIA CLAUDIA COSTA DE OLIVEIRA BOTAN;IRN;01/11/2018;01/11/2018;SIM; R$ -   ; R$ -   
23499.000382/2018-50;2018;CONHECENDO A ENERGIA NAS CIENCIAS;RICARDO SHITSUKA;ITABIRA;01/08/2018;28/02/2019;SIM; R$ -   ; R$ -   
23088.025393/2018-84;2018;FUNDACAO ASIMO;LEONARDO BRESEGHELLO ZOCCAL;IESTI;30/12/2018;30/12/2019;SIM; R$ -   ; R$ -   
23088.025567/2018-17;2018;TERMOGERACAO CENTRALIZADA;MARCELO JOSE PIRANI;IEM;03/12/2018;03/03/2019;SIM; R$ -   ; R$ 10.126,36 
23499.001742/2018-31;2018;CURSO DE APERFEICOAMENTO DA MAO DE OBRA DA CONSTRUCAO CIVIL;CARLOS AUGUSTO DE SOUZA OLIVEIRA;ITABIRA;05/11/2018;05/12/2018;SIM; R$ -   ; R$ -   
23088.0026553/2018-11;2018;KRAKENS AUVS;MARCELO SANTIAGO DE SOUSA;IEM;15/12/2018;15/12/2019;SIM; R$ -   ; R$ -   
23499.000499/2017-52;2018;BATERIA CALANGODUM;JOAO LUCAS DA SILVA;ITABIRA;20/06/2017;20/06/2018;SIM; R$ -   ; R$ -   
23088.026940/2018-49;2018;ELABORACAO DE MATERIAL/ARTIGO DIDATICO SOBRE RADIACAO UV E EFEITO SOBRE OS OLHOS;MARCELO DE PAULA CORREA;IRN;09/11/2019;09/11/2018;SIM; R$ 3.450,00 ; R$ 3.450,00 
23088.024784/2018-81;2018;II CAMPEONATO SUL-MINEIRO DE CUBO MAGICO - ETAPA NACIONAL;FREDERICO OLIVEIRA PASSOS;ISEE;09/03/2019;10/03/2019;SIM; R$ -   ; R$ -   
23088.024550/2018-34;2018;WORKSHOP PPC - ENGENHARIA ELETRICA;BENEDITO DONIZETI BONATTO;ISEE;25/08/2018;25/08/2018;SIM; R$ -   ; R$ -   
23088.014613/2017-63;2018;TODOS SOMOS LEITORES;SANDRA NAKAMATSU;IFQ;08/03/2017;06/12/2017;SIM; R$ -   ; R$ -   
23088.014613/2017-63;2018;TODOS SOMOS LEITORES;CLAUDIA ELIANE DA MATTA;ISEE;08/03/2017;06/12/2017;SIM; R$ -   ; R$ -   
23499.001349/2018-47;2018;UNIFEI DE PORTAS ABERTAS ENSINO MEDIO 2018;GLAUCIO MARCELINO MARQUES;ICPA;23/08/2018;28/09/2018;SIM; R$ -   ; R$ -   
23499.002315/2018-70;2018;CAPACITACAO: GERADOR DE INDUCAO DUPLAMENTE ALIMENTADO (DFIG) PARA GERACAO DE ENERGIA EOLICA DE GRANDE PORTE - NOCÕES BASICAS;JOAO LUCAS DA SILVA;ICT;21/01/2019;27/01/2019;SIM; R$ -   ; R$ -   
23499.001235/2017-16;2018;PAUSA;CLAUDIO ERNANI MARTINS OLIVEIRA;IEI;13/09/2017;12/09/2018;SIM; R$ -   ; R$ -   
23499.001235/2017-16;2018;PAUSA;JOAO LUCAS DA SILVA;IEI;13/09/2017;12/09/2018;SIM; R$ -   ; R$ -   
23499.001235/2017-16;2018;PAUSA;VANESSA SILVA DE FARIA;ITABIRA;13/09/2017;12/09/2018;SIM; R$ -   ; R$ -   
23088.025245/2018-60;2018;PARTICIPACAO NO CURSO DE CURTA DURACAO EM SELETIVIDADE E COORDENACAO DE PROTECAO EM SISTEMAS INDUSTRIAIS ;JOSE MARIA DE CARVALHO FILHO;ISEE;03/12/2018;02/12/2019;SIM; R$ 10.862,02 ; R$ 10.101,91 
23088.024777/2018-80;2018;MEDICAO E VERIFICACAO DO DIAGNOSTICO DA OPERACAO DE PROTECAO;PAULO FERNANDO RIBEIRO ;ISEE;09/11/2018;08/11/2019;NÃO; R$ 16.077,00 ; R$ 20.380,65 
CR009-2018;2018;FORMACAO PARA BUSCA DE ANTERIORIDADE;JULIANA CAMINHA NORONHA;IEPG;13/11/2018;13/11/2018;SIM; R$ -   ; R$ -   
CR010-2018;2018;PROPRIEDADE INTELECTUAL FOR NOOBS;JULIANA CAMINHA NORONHA;IEPG;13/11/2018;13/11/2018;SIM; R$ -   ; R$ -   
PJ005-2018;2018;A SATISFACAO NO TRABALHO DOS COLABORADORES DO IEPG;JULIANA ESTACIO RIOS;IEPG;13/11/2018;20/12/2018;SIM; R$ -   ; R$ -   
PJ006-2018;2018;A SATISFACAO NO TRABALHO DOS TRABALHADORES EM EDUCACAO DA UNIVERSIDADE FEDERAL DE ITAJUBA;JULIANA ESTACIO RIOS;IEPG;14/11/2018;16/11/2018;SIM; R$ -   ; R$ -   
23088.001056/2019-82;2019;III SEMANA DE ENGENHARIA ELETRICA (SEMEEL);THIAGO CLE DE OLIVEIRA;ISEE;27/08/2018;06/09/2018;SIM; R$ -   ; R$ -   
23088.001103/2019-98;2019;INTERPRETACAO SIMULTANEA PORTUGUES - ESPANHOL PARA A TRADWORKS;YOHAN ALI DIAZ MENDEZ;IEM;28/01/2019;31/01/2019;SIM; R$ 1.800,00 ; R$ 1.800,00 
23499.002186/2018-10;2019;OFICINAS TEMATICAS: DESAFIOS DO COTIDIANO;MARCELLE NUNES ARAUJO;CGP;21/03/2019;08/08/2019;SIM; R$ -   ; R$ -   
23088.001718/2019-14;2019;REVISAO TECNICA DE LIVRO DE ENGENHARIA ;SEBASTIAO SIMÕES DA CUNHA JUNIOR;IEM;01/12/2017;01/12/2018;SIM; R$ 9.449,00 ; R$ 9.449,00 
23088.000664/2019-70;2019;PARTICIPACAO NO PROGRAMA DE POS-GRADUACAO EM BIOTECNOLOGIA (PPGBIOTEC);ANDRE AGUIAR MENDES;IRN;20/01/2019;19/01/2020;SIM; R$ -   ; R$ -   
23088.027168/2018-82;2019;MONTAGEM DE DISPOSTIVO DE SOLDA POR DESCARGA CAPACITATIVA;SANDRO METREVELLE MARCONDES DE LIMA E SILVA;IEM;20/12/2018;11/03/2019;SIM; R$ -   ; R$ 1.150,00 
23088.001049/2019-81;2019;CURSO RECICLAGEM AUDITORES INTERNOS SISVOO;CARLOS EDUARDO SANCHES DA SILVA;IEPG;14/01/2019;14/04/2019;NÃO; R$ 2.000,00 ;
23088.001074/2019-64;2019;PROJETO ESPECIAL: LIGA DE MERCADO FINANCEIRO DA UNIFEI;CLEBER GONCALVES JUNIOR;IEPG;31/08/2017;31/12/2018;SIM; R$ -   ; R$ -   
23088.001080/2019-11;2019;PROJETO ESPECIAL: LIGA DE MERCADO FINANCEIRO DA UNIFEI;CLEBER GONCALVES JUNIOR;IEPG;01/01/2019;31/12/2019;SIM; R$ -   ; R$ -   
23088.000886/2019-92;2019;ENSAIOS ELETRICOS;ESTACIO TAVARES WANDERLEY NETO;ISEE;01/01/2019;31/12/2019;SIM; R$ 139.238,53 ; R$ 164.780,09 
23088.000553/2019-63;2019;CURSO ASSITENCIAL THEODOMIRO SANTIAGO - CATS;EDMILSON MARMO MOREIRA;IESTI;01/01/2019;31/12/2019;SIM; R$ -   ; R$ -   
23499.000568/2017-28;2019;VI SEMINARIO DE SAUDE E SEGURANCA - VI SEMSSEG;LINDOMAR MATIAS GONCALVES;ITABIRA;15/05/2017;15/09/2017;SIM; R$ -   ; R$ -   
23088.024883/2018-63;2019;SEMANA DE INVESTIMENTO AO VOLUNTARIO ;LUIZ EUGENIO VENEZIANI PASIN;IEPG;17/09/2018;22/09/2018;SIM; R$ -   ; R$ -   
PJ001-2017;2019;CORAL UNIFEI;FLAVIA FERNANDA CARVALHO MOTTA BARBIERI;PROEX;01/03/2017;26/11/2017;SIM; R$ -   ; R$ -   
23088.002274/2019-34;2019;GRUPO DE ESTUDOS EM EDUCACAO E TECNOLOGIAS - GEETEC;ALESSANDRA RODRIGUES;IFQ;01/03/2019;15/12/2019;SIM; R$ -   ; R$ -   
23088.001726/2019-61;2019;PROJETO BAJA - EQUIPE SACI;JEAN CARLO CESCON PEREIRA;IEM;01/01/2019;31/12/2019;SIM; R$ -   ; R$ -   
23088.002445/2019-25;2019;ENSAIOS ELETRICOS EM TRANSFORMADORES;ESTACIO TAVARES WANDERLEY NETO;ISEE;01/01/2019;31/12/2019;SIM; R$ 237.768,42 ; R$ 18.392,40 
23088.002446/2019-70;2019;ENSAIOS ELETRICOS;ESTACIO TAVARES WANDERLEY NETO;ISEE;01/01/2019;31/12/2019;SIM; R$ 215.868,42 ; R$ 72.004,04 
23088.002448/2019-69;2019;INSPECAO EM ENSAIOS EM ISOLADORES E TRANSFORMADORES;ESTACIO TAVARES WANDERLEY NETO;ISEE;01/01/2019;30/06/2019;SIM; R$ 14.056,55 ; R$ 23.502,00 
23088.002662/2019-15;2019;TERMOGERACAO CENTRALIZADA;MARCELO JOSE PIRANI;IEM;11/02/2019;10/04/2019;SIM; R$ 9.648,00 ; R$ 13.040,32 
23088.002832/2019-61;2019;CORO-ACAO;MARIA ELENA LEYVA GONZALEZ;IFQ;10/03/2019;10/12/2019;SIM; R$ -   ; R$ -   
23088.002974/2019-29;2019;PLANEJAMENTO E ORGANIZACAO DO II SEMINARIO DE EDUCACAO EMPREENDEDORA EM ENGENHARIA DA ASSOCIACAO BRASILEIRA DE EDUCACAO EM ENGENHARIA (ABENGE);ELZO ALVES ARANHA;IEPG;13/02/2019;22/03/2019;SIM; R$ -   ; R$ -   
23088.002981/2019-21;2019;CURSO DE TECNICAS EDLE-EDUCACAO EMPREENDEDORA PARA PROFESSORES DE ENGENHARIA - MODULO BASICO - ORGANIZADO PELA ASSOCIACAO BRSILEIRA DE EDUCACAO EM ENGENHARIA - ABENGE;ELZO ALVES ARANHA;IEPG;13/02/2019;21/03/2019;SIM; R$ -   ; R$ -   
EV001-2019;2019;FEEDBACK;JULIANA ESTACIO RIOS;IEPG;12/02/2019;12/02/2019;SIM; R$ -   ; R$ -   
23499.000302/2019-47;2019;II DEMAT - DIA DE ENGENHARIA DE MATERIAIS;HAROLDO LHOU HASEGAWA;IEI;01/02/2019;05/04/2019;SIM; R$ -   ; R$ -   
23088.004118/2019-16;2019;EX MACHINA;ANTONIO CARLOS ANCELOTTI JUNIOR;IEM;01/01/2019;31/12/2019;SIM; R$ -   ; R$ -   
23499.000280/2019-15;2019;EQUIPE DE ROBOTICA DRUMONSTERS;JULIANO DE ALMEIDA MONTE-MOR;ICT;15/02/2019;14/02/2020;SIM; R$ -   ; R$ -   
23499.000323/2019-62;2019;VI SEMANA DA ENGENHARIA ELETRICA, AUTOMACAO E CONTROLE (VI SEEAC);LUIZ FELIPE PUGLIESE ;ICT;08/04/2019;09/09/2019;SIM; R$ -   ; R$ -   
23499.000323/2019-62;2019;VI SEMANA DA ENGENHARIA ELETRICA, AUTOMACAO E CONTROLE (VI SEEAC);TIAGO GAIBA DE OLIVEIRA;ICT;08/04/2019;09/09/2019;SIM; R$ -   ; R$ -   
23088.004693/2019-19;2019;PRATICAS INCLUSIVAS NO ENSINO DE CIENCIAS;PALOMA ALINNE ALVES RODRIGUES RUAS;IFQ;06/03/2019;06/12/2019;SIM; R$ 10.000,00 ;
23088.004664/2019-49;2019;LEDICAMP: LETRAMENTOS DIGITAIS NO CAMPUS;ALESSANDRA RODRIGUES;IFQ;06/03/2019;30/12/2019;SIM; R$ 8.000,00 ; R$ 8.000,00 
23499.000349/2019-19;2019;MAQUINAS DE LEONARDO DA VINCI 2019;EDELMA ELETO DA SILVA;ICPA;01/04/2019;31/12/2019;SIM; R$ 8.800,00 ; R$ 8.800,00 
23499.000348/2019-66;2019;POR TRAS DAS CAMERAS: PRODUCAO DE MATERIAL DIDATICO-ARTISTICO SOBRE SAUDE E SEGURANCA NO TRABALHO COMO FERRAMENTA DE ENSINO PARA UNIVERSITARIOS E EMPRESAS;RAONI ROCHA SIMÕES;ICPA;06/03/2019;31/12/2019;SIM; R$ 9.240,00 ; R$ 9.240,00 
23499.000281/2017-06;2017;EQUIPE DE ROBOTICA DRUMONSTERS;JULIANO DE ALMEIDA MONTE-MOR;ICT;01/01/2017;31/12/2018;SIM; R$ 10.000,00 ; R$ 10.000,00 
23088.004992/2019-45;2019;CINEMA & DEBATE;ROGERIO RODRIGUES;IFQ;27/03/2019;20/11/2019;SIM; R$ -   ; R$ -   
23088.005037/2019-25;2019;CONEXAO DOS SABERES;JULIANA ESTACIO RIOS;IEPG;12/03/2019;31/12/2019;SIM; R$ 10.000,00 ; R$ 10.258,05 
23088.005202/2019-49;2019;13º EDICAO DA CONFERENCIA DE PEQUENAS CENTRAIS HIDRELETRICAS, MERCADO & MEIO AMBIENTE;GERALDO LUCIO TIAGO FILHO;IRN;07/08/2019;06/08/2020;NÃO; R$ 80.000,00 ;
23088.005196/2019-20;2019;AVALIACAO AMBIENTAL DE PROPRIEDADES RURAIS LOCALIZADAS NO BAIRRO PESSEGUEIRO/ITAJUBA/MG E PROPOSTAS DE MANEJO: ENFASE QUALIDADE E QUALIDADE DE AGUA;ANA LUCIA FONSECA;IRN;06/03/2019;31/12/2019;SIM; R$ 10.000,00 ; R$ 10.000,00 
23088.004710/2019-18;2019;SEMANA DE INTRODUCAO À QUIMICA;GEISE RIBEIRO;IFQ;25/03/2019;28/03/2019;SIM; R$ -   ; R$ -   
23088.004851/2019-22;2019;PROJETO DO SISTEMA DE ESGOTAMENTO SANITARIO DO BAIRRO PESSEGUEIRO;MARCIA VIANA LISBOA MARTINS;IRN;18/03/2019;30/06/2019;SIM; R$ -   ; R$ -   
23088.005401/2019-57;2019;EXPRESSÕES ECONOMICAS E CULTURAIS DA FEIRA-LIVRE E A IMPORTANCIA DA FORMACAO DOS FEIRANTES PARA A ECONOMIA SOLIDARIA;VIVIANE GUIMARAES PEREIRA;IEPG;12/03/2019;31/12/2019;SIM; R$ 10.000,00 ; R$ 10.000,00 
23499.000369/2019-81;2019;FEIRA DE ESTAGIOS EM ENGENHARIAS DE ITABIRA - FEEI;TABATA FERNANDES PEREIRA;IEI;23/04/2019;02/06/2019;SIM; R$ -   ; R$ -   
23088.004409/2019-04;2019;PROGRAMA DE FORMACAO CONTINUADA DE PROFESSORES EM CIENCIAS E MATEMATICA: UMA PROPOSTA DE ACÕES COLABORATIVAS COM FOCO NA NOVA BNCC;ELIANE MATESCO CRISTOVAO;IMC;01/03/2019;31/12/2019;SIM; R$ 10.000,00 ; R$ 8.437,32 
23088.005649/2019-18;2019;DESENVOLVIMENTO DE EXPERIMENTOS SOBRE OS TIPOS DE SOLOS DA REGIAO DO SUL DE MINAS GERAIS COMO INSTRUMENTO DE EDUCACAO AMBIENTAL;ADINELE GOMES GUIMARAES;IRN;01/04/2019;20/12/2019;SIM; R$ 9.600,00 ; R$ 9.600,00 
23088.026064/2018-51;2019;ESTUDO EXPERIMENTAL SOBRE A TRANSFERENCIA DE CALOR POR EBULICAO CONVECTIVA INTERNA EM TUBOS DE ACO DURANTE O PROCESSO DE TEMPERA;JUAN JOSE GARCIA PABON;IEM;01/04/2019;30/03/2020;SIM; R$ 21.195,00 ; R$ 17.100,94 
23088.005962/2019-56;2019;TIME ENACTUS UNIFEI ITAJUBA;LUIZ EUGENIO VENEZIANI PASIN;IEPG;22/03/2019;30/12/2019;SIM; R$ 10.000,00 ;
23088.005802/2019-15;2019;WRECKING BALL - COMPETICÕES EM CONCRETO;VALQUIRIA CLARET DOS SANTOS;IRN;25/02/2019;14/12/2019;SIM; R$ 23.862,27 ; R$ 17.799,00 
23088.003390/2019-71;2019;ANALISE MICROESTRUTURAL DE MATERIAIS;DANIEL THOMAZINI;IEM;01/04/2019;31/03/2020;NÃO; R$ 12.500,00 ; R$ 9.555,65 
23499.000370/2019-14;2019;LINGUA BRASILEIRA DE SINAIS - BASICO I;PALOMA ALINNE ALVES RODRIGUES RUAS;IFQ;05/04/2019;12/07/2019;SIM; R$ -   ; R$ -   
23088.006057/2019-13;2019;O PAPEL TRANSFORMADOR DA UNIVERSIDADE;CLEBER GONCALVES JUNIOR;IEPG;01/04/2019;31/12/2019;SIM; R$ 10.000,00 ; R$ 10.000,00 
23088.005921/2019-60;2019;BEYOND ROCKET DESIGN;ANTONIO AUGUSTO ARAUJO PINTO DA SILVA;IEM;01/01/2019;31/12/2019;SIM; R$ 10.000,00 ;
23088.005908/2019-19;2019;EQUIPE UIRA - PROJETO SAE AERODESIGN;YOHAN ALI DIAZ MENDEZ;IEM;01/02/2019;30/01/2020;SIM; R$ 10.000,00 ;
23088.005089/2019-00;2019;CIENCIAS NAS ESCOLAS: MOSTRA DE CINEMA CIENTIFICO E FEIRA ITINERANTE DE CIENCIAS E MATEMATICA NAS ESCOLAS PUBLICAS DE ITAJUBA/MG;HEVILLA NOBRE CEZAR;IMC;06/03/2019;31/12/2019;SIM; R$ 10.000,00 ; R$ 8.774,36 
23088.006204/2019-55;2019;CASA DA TERRA: UMA OFICINA SUSTENTAVEL;DANIELE ORNAGHI SANT’ANNA;IRN;13/03/2019;31/12/2019;NÃO; R$ 10.000,00 ;
23088.006180/2019-34;2019;INCLUSAO E ACESSIBILIDADE PARA PESSOAS COM DEFICIENCIA VISUAL USANDO IMPRESSORAS 3D;JESUS ANTONIO GARCIA SANCHEZ;IEM;28/03/2019;31/12/2019;SIM; R$ 10.000,00 ;
23088.006098/2019-18;2019;INTECOOP ITAJUBA: INCUBANDO E TRANSFORMANDO VIDAS POR MEIO DA EXTENSAO UNIVERSITARIA;CARLOS EDUARDO CORREA MOLINA;IEM;06/03/2019;31/12/2019;SIM; R$ 9.600,00 ;
23088.002126/2019-10;2019;PARTICIPACAO EM CURSO DE ESPECIALIZACAO EM ENGENHARIA DE PROCESSOS, PRODUTIVIDADE E QUALIDADE NA FACULDADE DE ADMINISTRACAO E INFORMATICA (FAI);JOSE ANTONIO QUEIROZ;IEPG;02/02/2019;30/04/2019;SIM; R$ 4.145,88 ; R$ 4.145,88 
23088.006271/2019-70;2019;COLETA SELETIVA - CAMPANHA DE CONSCIENTIZACAO, ENGAJAMENTO DO CIDADAO ITAJUBENSE E EMPODERAMENTO DOS CATADORES LOCAIS;VICTOR EDUARDO DE MELLO VALERIO;IEPG;29/01/2019;31/12/2019;SIM; R$ 10.000,00 ;
23088.006108/2019-15;2019;PROJETO PLAY;EGON LUIZ MULLER JUNIOR;IESTI;22/03/2019;31/12/2019;NÃO; R$ 9.750,00 ;
23499.001606/2017-60;2017;ENGENHEIROS SEM FRONTEIRAS - NUCLEO ITABIRA;JOAO LUCAS DA SILVA;ICT;12/11/2017;11/11/2018;SIM; R$ -   ; R$ -   
23088.006112/2019-75;2019;CHEETAH E-RACING;JULIANA CAMINHA NORONHA;IEPG;30/01/2019;30/01/2020;SIM; R$ 10.000,00 ; R$ 9.912,00 
23088.005223/2019-64;2019;ESTUDO DE ALTERNATIVAS PARA ELABORACAO DE PLANO DE MOBILIZACAO SOCIAL EM PLANOS MUNICIPAIS ;GERALDO LUCIO TIAGO FILHO;IRN;07/03/2019;30/08/2019;NÃO; R$ 43.748,00 ;
23088.005222/2019-10;2019;DESENVOLVIMENTO DE PESQUISA APLICADA PARA A ELABORACAO DE PLANO DIRETOR II;BENEDITO CLAUDIO DA SILVA;IRN;12/03/2019;12/03/2020;NÃO; R$ 58.920,00 ;
23088.024878/2018-51;2019;ENSAIOS ELETRICOS;ESTACIO TAVARES WANDERLEY NETO;ISEE;01/09/2018;28/02/2019;SIM; R$ -   ; R$ -   
23088.006782/2019-91;2019;CENTRO DE ESTUDANTES VOLUNTARIOS AMIGOS DE ITAJUBA;LUIZ EUGENIO VENEZIANI PASIN;IEPG;11/02/2019;30/12/2019;SIM; R$ -   ; R$ -   
23088.005138/2019-04;2019;TODOS SOMOS LEITORES;CLAUDIA ELIANE DA MATTA;ISEE;01/02/2019;30/12/2019;SIM; R$ -   ; R$ -   
23088.005138/2019-04;2019;TODOS SOMOS LEITORES;SANDRA NAKAMATSU;IFQ;01/02/2019;30/12/2019;SIM; R$ -   ; R$ -   
23088.005780/2019-85;2019;PLANO DIRETOR E PROMOCAO DA SAUDE: INTERSECCÕES E INTERACÕES;LUIZ FELIPE SILVA;IRN;06/03/2019;31/12/2019;SIM; R$ 10.000,00 ; R$ 3.200,00 
23088.006822/2019-03;2019;MUSEU ITINERANTE DE GEOLOGIA E MINERALOGIA;ESTEFANIA FERNANDES DOS SANTOS;IRN;28/03/2019;30/07/2019;NÃO; R$ 8.810,00 ;
23088.005994/2019-51;2019;CIENCIA ABERTA: EVENTOS CIENTIFICOS PARA A COMUNIDADE;JULIANA FEDOCE LOPES;IFQ;06/03/2019;31/12/2019;SIM; R$ 8.200,00 ; R$ 8.200,00 
23088.006969/2019-95;2019;MEDICAO DE CONDUTIVIDADE TERMICA EM CABOS DE RUTHERFORD COM BITOLAS DIFERENTES ;SANDRO METREVELLE MARCONDES DE LIMA E SILVA;IEM;05/04/2019;28/02/2020;SIM; R$ 8.235,30 ;
23088.005942/2019-85;2019;ROBOK - FUTEBOL DE ROBOS AUTONOMOS;LUIZ LENARTH GABRIEL VERMAAS;IESTI;01/01/2019;31/12/2019;SIM; R$ 10.000,00 ; R$ 10.000,00 
23088.006110/2019-86;2019;EPIC CODERS - MARATONA DE PROGRAMACAO;ROBERTO AFFONSO DA COSTA JUNIOR;IMC;01/01/2019;31/12/2019;SIM; R$ 10.000,00 ;
23088.007131/2019-19;2019;UIRA MICRO;PATRICIA DA SILVA LOPES ALEXANDRINO;IEM;31/01/2019;30/01/2020;SIM; R$ 10.000,00 ; R$ 10.000,00 
23499.000588/2019-61;2019;EQUIPE MOUNTAIN BAJA;JOSE CARLOS DE LACERDA;ITABIRA;01/01/2019;31/12/2019;SIM; R$ 10.000,00 ;
23088.002075/2019-26;2019;COYOTES MOTORACING UNIFEI;PAULO PEREIRA JUNIOR;IEM;01/01/2019;31/12/2019;NÃO; R$ 10.000,00 ;
23499.000482/2018-86;2019;CAPACITACAO EM SIMULACAO DE TRAFEGO COM AIMSUN;EMERSON JOSE DE PAIVA;ITABIRA;27/03/2018;16/05/2018;SIM; R$ -   ; R$ -   
23088.006911/2019-41;2019;TECNOLOGIAS EMERGENTES A SERVICO DA APRENDIZAGEM;JULIANA MARIA SAMPAIO FURLANI;IFQ;01/05/2019;30/12/2019;SIM; R$ 9.600,00 ; R$ 9.600,00 
23499.000528/2019-48;2019;BATUCA BETHANIA;JULIANO DE ALMEIDA MONTE-MOR;ICT;28/03/2019;31/12/2019;SIM; R$ 10.000,00 ; R$ 9.600,00 
23088.007740/2019-78;2019;DEV-U;ELISA DE CASSIA SILVA RODRIGUES;IMC;15/04/2019;15/04/2020;SIM; R$ -   ; R$ -   
23088.002306/2014-97;2014;I JORNADA DO CEPRASST - CENTRO DE ESTUDOS EM SEGURANCA E SAUDE DO TRABALHADOR;DAVIDSON PASSOS MENDES;ICPA;01/09/2014;22/09/2014;SIM; R$ -   ; R$ -   
23088.002306/2014-97;2014;I JORNADA DO CEPRASST - CENTRO DE ESTUDOS EM SEGURANCA E SAUDE DO TRABALHADOR;GERALDO FABIANO DE SOUZA MORAES;ICPA;01/09/2014;22/09/2014;SIM; R$ -   ; R$ -   
23088.007973/2019-71;2019;FUNDACAO ASIMO;LEONARDO BRESEGHELLO ZOCCAL;IESTI;17/04/2019;31/12/2019;SIM; R$ 6.797,49 ; R$ 9.997,49 
23088.007735/2019-65;2019;PROJETO DE COMPETICAO TECNOLOGICA BLACK BEE DRONE;ALEXANDRE CARLOS BRANDAO RAMOS;IMC;27/03/2019;12/03/2020;SIM; R$ 45.000,00 ; R$ 44.748,62 
23088.007819/2019-07;2019;IV CURSO DE SISTEMAS FOTOVOLTAICOS: DIMENSIONAMENTO ON E OFF GRID, TARIFACAO, TREINAMENTO EM BANCADA, VIABILIDADE, ECONOMICA AGENTE DO MERCADO FV, ESTUDOS DE CASO E SIMULACAO COMPUTACIONAL EM PVSYST;CHRISTIAN J CORONADO RODRIGUEZ;IEM;25/05/2019;25/10/2019;NÃO; R$ 10.000,00 ;
23499.000527/2019-01;2019;A QUEIMADA E SEUS IMPACTOS NO MEIO URBANO: ABORDAGENS DIRECIONADAS AO ENSINO FUNDAMENTAL E MEDIO;ROSE-MARIE BELARDI;ICPA;29/04/2019;28/04/2020;SIM; R$ -   ; R$ -   
23088.008224/2019-61;2019;ENTENDENDO FATORES CLIMATICOS E SUA RELACAO COM A PROTECAO SOLAR;MARCELO DE PAULA CORREA;IRN;23/04/2019;25/04/2019;SIM; R$ -   ; R$ -   
23088.007779/2019-95;2019;PRESTACAO DE SERVICOS DE METALOGRAFIA, ENSAIOS MECANICOS, ANALISE DE COMPOSICAO QUIMICA, MICROSCOPIA OTICA, TRATAMENTOS TERMICOS, MEDICAO DE DUREZA, MEDICAO DE ESPESSURA POR ULTRASSOM E QUALIFICACAO DE SOLDADORES;EDMILSON OTONI CORREA;IEM;26/04/2019;26/04/2020;NÃO; R$ 17.838,82 ;
23499.000516/2019-13;2019;REDE CAMACO. REDE DE TECNOLOGIA SOCIAL DA REGIAO DO MATO DENTRO;FREDERICO FERREIRA VIANA MATOS;ICT;01/04/2019;31/12/2019;SIM; R$ -   ; R$ 9.491,13 
23088.008043/2019-34;2019;METODOLOGIA DE ANALISE DE DESEMPENHO DE REGIONAIS DE EMPRESAS DE DISTRIBUICAO;EDUARDO CRESTANA GUARDIA;ISEE;22/04/2019;22/12/2019;NÃO; R$ 94.616,00 ;
23088.008428/2019-00;2019;III JORNADA UNIVERSITARIA EM DEFESA DA REFORMA AGRARIA;LUIZ FELIPE SILVA;IRN;08/05/2019;08/05/2019;NÃO; R$ -   ; R$ -   
23088.004849/2019-53;2019;TESTE DE USABILIDADE EM BOMBA EXTRACORPOREA;EGON LUIZ MULLER JUNIOR;IESTI;15/03/2019;30/06/2020;NÃO; R$ 25.828,32 ;
23088.014498/2016-46;2016;ENSAIO DE EFICIENCIA DE BOMBAS CENTRIFUGAS;ROBERTO ALVES DE ALMEIDA;IRN;01/01/2017;30/06/2017;SIM; R$ -   ; R$ 216.734,50 
23088.007411/2019-27;2019;APLICACAO DE METODOS COMPUTACIONAIS PARA PREVISAO DE DURACAO E FREQUENCIA DE INTERRUPCAO DE ENERGIA EM ESTACÕES DISTRIBUIDORAS;BRUNO GUAZZELLI BATISTA;IMC;04/04/2019;31/09/2019;SIM; R$ 27.420,13 ; R$ 27.420,13 
23088.008408/2019-21;2019;FISCALIZACAO DE APURACAO DOS INDICADORES DE QUALIDADE DO SERVICO NA CELESC;ROBERTO AKIRA YAMACHITA;ISSE;05/05/2019;13/01/2020;SIM; R$ 44.000,00 ; R$ 42.848,59 
23088.006160/2019-63;2019;ESTUDO DE GASES COMBUSTIVEIS E REALIZACAO DE ENSAIOS COM MOTOR A GAS;CARLOS ROBERTO ROCHA;IRN;01/04/2019;01/07/2019;NÃO; R$ -   ; R$ -   
23499.000596/2019-15;2019;CPEE - CONGRESSO PESQUISA EXTENSAO E ENSINO;MARCOS ROBERTO DE ABREU ALVES;IEI;01/05/2019;30/04/2020;NÃO; R$ -   ; R$ -   
23499.000596/2019-15;2019;CPEE - CONGRESSO PESQUISA EXTENSAO E ENSINO;FERNANDA RODRIGUES DA SILVA;ICT;01/05/2019;30/04/2020;NÃO; R$ -   ; R$ -   
23088.008788/2019-01;2019;PARTICIPACAO EM CURSO DE ESPECIALIZACAO EM ENGENHARIA DE PROCESSOS, PRODUTIVIDADE E QUALIDADE NA FACULDADE DE ADMINISTRACAO E INFORMATICA (FAI), DE SANTA RITA DO SAPUCAI, MINAS GERAIS;JOSE ANTONIO QUEIROZ;IEPG;18/05/2019;18/08/2019;SIM; R$ 4.145,88 ; R$ 4.145,88 
23499.001137/2015-17;2019;PROJETO DE MICROAERONAVES PARA O CAMPUS UNIFEI EM ITABIRA;VAGNER FERREIRA DE OLIVEIRA;IEI;03/06/2015;29/11/2015;SIM; R$ -   ; R$ -   
23088.008896/2019-76;2019;PROJETO CAPACITACAO DOS MEMBROS DO CODEMA;MARCIA VIANA LISBOA MARTINS;IRN;08/05/2019;10/12/2019;SIM; R$ -   ; R$ -   
23499.000681/2019-75;2019;SEGUNDA LINGUA;MARIA ELIZABETE VILLELA SANTIAGO;ICPA;01/04/2019;31/12/2019;SIM; R$ -   ; R$ -   
23499.000681/2019-75;2019;SEGUNDA LINGUA;MARTINELLY VIEIRA MARTINS;ICPA;01/04/2019;31/12/2019;SIM; R$ -   ; R$ -   
23499.000670/2019-95;2019;TEDXITABIRA;LILIAN BARROS PEREIRA CAMPOS;ITABIRA;15/02/2019;15/04/2019;SIM; R$ -   ; R$ -   
23499.000639/2019-54;2019;ENGENHEIROS SEM FRONTEIRAS - NUCLEO ITABIRA;ELIANE MARIA VIEIRA;ICPA;25/02/2019;30/11/2019;SIM; R$ -   ; R$ -   
23499.000612/2019-61;2019;CURSO DE CURTA DURACAO DE ENERGIA SOLAR FOTOVOLTAICA;RAFAEL BALBINO CARDOSO;ICPA;15/04/2019;20/05/2019;SIM; R$ 3.500,00 ; R$ 3.150,00 
23499.000605/2019-60;2019;PAUSA;FLAVIO FONTENELLE LOQUE;ICPA;10/05/2019;10/12/2019;SIM; R$ -   ; R$ -   
23499.001524/2017-15;2019;ENCHENDO O CADIM DE MUSICA: VIVENCIAS MUSICAIS;JOAO LUCAS DA SILVA;ICT;01/11/2017;31/10/2018;SIM; R$ -   ; R$ -   
23499.001524/2017-15;2019;ENCHENDO O CADIM DE MUSICA: VIVENCIAS MUSICAIS;GLAUBER ZERBINI COSTAL;IEI;01/11/2017;31/10/2018;SIM; R$ -   ; R$ -   
23088.009243/2019-12;2019;AERODAY;PATRICIA DA SILVA LOPES ALEXANDRINO;IEM;09/05/2019;09/05/2019;SIM; R$ -   ; R$ -   
23088.008225/2019-13;2019;UNIFEI SINTROPICA;DANIELA ROCHA TEIXEIRA RIONDET COSTA;IRN;25/02/2019;31/12/2019;NÃO; R$ -   ; R$ -   
23088.009450/2019-69;2019;CONTRIBUICÕES DOS ALUNOS DO CURSO CIENCIAS BIOLOGICAS LICENCIATURA PARA AS ATIVIDADES DA SEMANA DO MEIO AMBIENTE E EDUCACAO AMBIENTAL DA SECRETARIA DO MIO AMBIENTE DE ITAJUBA;SIMONE POLICENA ROSA;IRN;10/05/2019;10/06/2019;SIM; R$ -   ; R$ -   
23088.009451/2019-11;2019;CRIACAO DE LABORATORIO VIRTUAL DA ENGENHARIA QUIMICA POR FLUIDODINAMICA COMPUTACIONAL (CFD);MAXIMILIAN JOACHIM HODAPP;IRN;20/05/2019;20/05/2020;SIM; R$ -   ; R$ -   
23088.001838/2014-15;2019;CURSO DE APERFEICOAMENTO DA MAO DE OBRA DA CONSTRUCAO CIVIL;CARLOS AUGUSTO DE SOUZA OLIVEIRA;ITABIRA;15/06/2014;15/11/2014;SIM; R$ 13.180,24 ; R$ 13.180,24 
23088.000676/2019-62;2019;EQUIPE DESAFIO SAMPE ITABIRA;DANIEL ANDRADA MARIA;IEI;10/04/2019;10/12/2019;SIM; R$ 10.000,00 ;
23088.009717/2019-18;2019;MEDICAO DA CONDUTIVIDADE TERMICA PELO METODO DA PLACA QUENTE PROTEGIDA EM 6 TRACOS DE CONCRETO;SANDRO METREVELLE MARCONDES DE LIMA E SILVA;IEM;13/05/2019;19/10/2019;SIM; R$ 3.690,00 ; R$ 3.690,00 
23088.008930/2019-11;2019;ESTUDO DO IMPACTO DOS PROCESSOS DE DESCONTAMINACAO DE PCB NO DESEMPENHO DE TRANSFORMADORES;ESTACIO TAVARES WANDERLEY NETO;ISEE;13/05/2019;12/05/2020;SIM; R$ 90.000,00 ; R$ 33.103,45 
23088.009955/2019-23;2019;CAPACITACAO TECNICA EM PROJETOS DE RESILIENCIA URBANA;BENEDITO CLAUDIO DA SILVA;IRN;16/05/2019;14/06/2019;SIM; R$ -   ; R$ -   
23088.010038/2019-91;2019;SEMANA DE INVESTIMENTO AO VOLUNTARIO ;LUIZ EUGENIO VENEZIANI PASIN;IEPG;20/05/2019;25/05/2019;SIM; R$ -   ; R$ -   
23499.000774/2019-08;2019;OFICINA DE SIDERURGIA E OFICINA DE CORROSAO;RICARDO LUIZ PEREZ TEIXEIRA;IEI;10/06/2019;25/06/2019;SIM; R$ -   ; R$ -   
23499.000811/2019-70;2019;IRON RACERS DE FORMULA SAE 2019;LEONARDO ALBERGARIA OLIVEIRA;IEI;14/05/2019;31/12/2019;SIM; R$ 10.000,00 ;
23499.000772/2019-19;2019;MARATONA DE PROGRAMACAO;PAULO JOSE LAGE ALVARENGA ;ICT;07/05/2019;06/03/2020;SIM; R$ -   ; R$ -   
23499.000828/2019-27;2019;MOB DAY;IARA ALVES MARTINS DE SOUZA;IEI;01/05/2019;24/05/2019;NÃO; R$ -   ; R$ -   
23499.000828/2019-27;2019;MOB DAY;CARLOS AUGUSTO DE SOUZA OLIVEIRA;IEI;01/05/2019;24/05/2019;SIM; R$ -   ; R$ -   
23088.010472/2019-71;2019;SENSIBILIZACAO SOBRE ARBORIZACAO NA ESCOLA MUNICIPAL ANTONIO SALOMON;DANIELA ROCHA TEIXEIRA RIONDET COSTA;IRN;30/05/2019;13/06/2019;SIM; R$ -   ; R$ -   
23499.000855/2019-08;2019;FORRO DO LINDO;LINDOMAR MATIAS GONCALVES;ICPA;01/05/2019;01/12/2019;SIM; R$ -   ; R$ -   
23499.000830/2019-04;2019;EDUCACAO AMBIENTAL - CARMESIA;ELIANE MARIA VIEIRA;ICPA;01/05/2019;31/04/2020;NÃO; R$ -   ; R$ -   
23499.000809/2019-09;2019;EXPEDICAO PIRACICABA - PELA VIDA DO RIO;JOSE AUGUSTO COSTA GONCALVES;ICPA;26/05/2019;30/06/2020;NÃO; R$ -   ; R$ -   
23088.010253/2019-92;2019;MAKER HACKLAB;JULIANA CAMINHA NORONHA;IEPG;25/05/2019;02/06/2019;SIM; R$ 5.742,80 ; R$ 8.392,80 
23088.010052/2019-95;2019;MODULO RF/NERAS FIT: LEVANTAMENTO DE REQUISITOS;DANILO HENRIQUE SPADOTI;IESTI;15/05/2019;30/08/2019;SIM; R$ 6.000,00 ; R$ 6.000,00 
23088.005667/2019-08;2019;RECUPERACAO DE MERCADO - ENERGIA SEGURA COM INIBIDORES DE FURTOS - FASE DESENVOLVIMENTO EXPERIMENTAL;ESTACIO TAVARES WANDERLEY NETO;ISEE;03/06/2019;02/05/2020;SIM; R$ 88.854,20 ; R$ 87.654,21 
23088.010554/2019-16;2019;SISTEMA INTELIGENTE DE GESTAO DA MANUTENCAO E OPERACAO DE ATIVOS (SIGO);CARLOS HENRIQUE VALERIO DE MORAES;IESTI;18/04/2019;17/04/2020;NÃO; R$ 50.400,00 ;
23088.010542/2019-91;2019;SISTEMA INTELIGENTE DE GESTAO DA MANUTENCAO E OPERACAO DE ATIVOS (SIGO);CARLOS HENRIQUE VALERIO DE MORAES;IESTI;18/04/2019;13/04/2020;SIM; R$ 50.400,00 ; R$ 42.000,00 
23088.011161/2019-20;2019;PALESTRA FINANCAS PESSOAIS;ANDRE LUIZ MEDEIROS;IEPG;04/06/2019;04/06/2019;SIM; R$ -   ; R$ -   
23499.000780/2019-57;2019;CAPACITACAO EM METODOLOGIAS ATIVAS PARA APRIMORAMENTO DO PROCESSO DE ENSINO-APRENDIZAGEM NO ENSINO SUPERIOR;RENATA DOS SANTOS;ICPA;10/06/2019;20/12/2019;NÃO; R$ -   ; R$ -   
23088.000210/2015-75;2015;EMISSAO DE PARECER TECNICO PARA FUNCIONAMENTO ININTERRUPTO - DECRETO 27.048 DE 12/08/1949 E PORTARIA 3.118 DE 03/04/1989 DO MINISTERIO DO TRABALHO;EDMILSON OTONI CORREA;IEM;11/02/2015;15/03/2015;SIM; R$ 6.500,00 ; R$ 6.500,00 
23088.011317/2019-72;2019;ASTRONOMIA NA PRATICA;JOAO RICARDO NEVES DA SILVA;IFQ;23/06/2019;30/07/2019;SIM; R$ -   ; R$ -   
23088.011560/2019-91;2019;SENSIBILIZACAO SOBRE O MEIO AMBIENTE POR MEIO DA RECICLAGEM;DANIELA ROCHA TEIXEIRA RIONDET COSTA;IRN;07/06/2019;21/06/2019;NÃO; R$ -   ; R$ -   
23088.011566/2019-68;2019;XIV JOB SHOP;LAUREN FERREIRA COLVARA;IEPG;22/08/2019;23/08/2019;SIM; R$ -   ; R$ -   
23088.011423/2019-56;2019;REVITALIZAR - CIEM DESEMBARGADOR FRANCISCO PEREIRA ROSA;LUIZ EUGENIO VENEZIANI PASIN;IEPG;08/06/2019;09/06/2019;SIM; R$ -   ; R$ -   
23088.011427/2019-34;2019;T.R.E.M IV - TREINAMENTO REGIONAL DAS ENACTUS MINEIRAS;LUIZ EUGENIO VENEZIANI PASIN;IEPG;26/10/2019;27/10/2019;SIM; R$ -   ; R$ -   
PJ001-2019;2019;UNIVERSIDADE CULTURAL: ESTIMULANDO A CULTURA NA CIDADE DE ITAJUBA;FLAVIA FERNANDA CARVALHO MOTTA BARBIERI;PROEX;08/03/2019;31/12/2019;SIM; R$ -   ; R$ -   
PJ002-2019;2019;O LABORATORIO REMOTO DA UNIFEI COMO FERRAMENTA PARA A POPULARIZACAO DA CIENCIA, TECNOLOGIA E INOVACAO: DO DESENVOLVIMENTO DE PROPOSTAS À FORMACAO DE PROFESSORES;JOSE ALBERTO FERREIRA FILHO;IESTI;22/03/2019;31/12/2019;NÃO; R$ -   ; R$ -   
PJ003-2019;2019;ECOPONIA - AQUASENSOR HIDROPONIA;ODILON DE OLIVEIRA DUTRA;IESTI;01/05/2019;31/12/2019;SIM; R$ -   ; R$ 10.000,00 
PJ004-2019;2019;APRIMORAMENTO DO DISPOSITIVO DE DESCARGA CAPACITATIVA PARA FIXACAO DE TERMOPARES EM METAIS;SANDRO METREVELLE MARCONDES DE LIMA E SILVA;IEM;01/05/2019;31/12/2019;SIM; R$ -   ; R$ -   
PJ005-2019;2019;MONTAGEM DE UMA IMPRESSORA 3D COM RECURSOS AVANCADOS;JESUS ANTONIO GARCIA SANCHEZ;IEM;01/05/2019;31/12/2019;SIM; R$ 5.792,00 ; R$ 5.792,00 
PJ006-2019;2019;LATICIN;FABIO ROBERTO FOWLER;IEPG;17/05/2019;31/12/2019;NÃO; R$ -   ; R$ -   
PJ007-2019;2019;PRATICA EM RECRUTAMENTO E SELECAO;JULIANA ESTACIO RIOS;IEPG;21/05/2019;13/06/2019;SIM; R$ -   ; R$ -   
PJ009-2019;2019;I - MAQUINA SELECIONADORA DO FRUTO CAFEEIRO;GIOVANI BERNARDES VITOR;ICT;09/05/2019;31/12/2019;SIM; R$ 14.928,00 ;
PJ010-2019;2019;SIMPLE JURIS;JOAO PAULO REUS RODRIGUES LEITE;IESTI;16/05/2019;31/12/2019;SIM; R$ -   ; R$ -   
CR001-2019;2019;CORAL UNIFEI;CARLOS HENRIQUE PEREIRA MELLO;IEPG;01/03/2019;30/06/2019;SIM; R$ -   ; R$ -   
CR005-2019;2019;PLANEJAMENTO DE CARREIRA;JULIANA ESTACIO RIOS;IEPG;08/05/2019;08/05/2019;SIM; R$ -   ; R$ -   
CR006-2019;2019;BATERIA DANADA;FLAVIA FERNANDA CARVALHO MOTTA BARBIERI;PROEX;25/05/2019;29/11/2019;SIM; R$ -   ; R$ -   
CR007-2019;2019;REDACAO DE PATENTES;TAISA CORREA;PROEX;24/10/2019;24/10/2019;SIM; R$ -   ; R$ -   
CR008-2019;2019;PI FOR NOOBS;TAISA CORREA;PROEX;23/10/2019;23/10/2019;SIM; R$ -   ; R$ -   
CR009-2019;2019;PRATICAS MEDIATIVAS E AUTOCONHECIMENTO ;FLAVIA FERNANDA CARVALHO MOTTA BARBIERI;PROEX;12/03/2019;26/11/2019;SIM; R$ -   ; R$ -   
EV001-2019;2019;FEEDBACK;JULIANA ESTACIO RIOS;IEPG;12/02/2019;12/02/2019;SIM; R$ -   ; R$ -   
EV005-2019;2019;CORAL UNIFEI 2019.2;FLAVIA FERNANDA CARVALHO MOTTA BARBIERI;PROEX;05/08/2019;02/12/2019;SIM; R$ -   ; R$ -   
EV006-2019;2019;I WORKSHOP IEPG - METODOLOGIAS INOVADORAS NO ENSINO-APRENDIZAGEM;JULIANA ESTACIO RIOS;IEPG;01/08/2019;02/08/2019;SIM; R$ -   ; R$ -   
EV009-2019;2019;ANSIEDADE: COMO LIDAR COM VESTIBULANDOS ANSIOSOS NA CONTEMPORANEIDADE?;FLAVIA FERNANDA CARVALHO MOTTA BARBIERI;PROEX;18/06/2019;18/06/2019;NÃO; R$ -   ; R$ -   
EV010-2019;2019;III CIRCUITO DE ADMINISTRACAO E CONEXAO SICOOB;ANDRE LUIZ MEDEIROS;IEPG;09/09/2019;14/09/2019;SIM; R$ -   ; R$ -   
EV011-2019;2019;II CIRCUITO DE ADMINISTRACAO;ISABEL CRISTINA DA SILVA ARANTES;IEPG;22/05/2019;23/05/2019;SIM; R$ -   ; R$ -   
EV012-2019;2019;PRIMEIROS SOCORROS;DENISE RANSOLIN SORANSO;IEPG;02/12/2019;02/12/2019;SIM; R$ -   ; R$ -   
EV013-2019;2019;LIDERANCA ARCHOTE JUNIOR;JULIANA ESTACIO RIOS;IEPG;30/09/2019;30/09/2019;SIM; R$ -   ; R$ -   
EV014-2019;2019;VII FESTIVAL DE MUSICA BRASILEIRA;FLAVIA FERNANDA CARVALHO MOTTA BARBIERI;PROEX;05/08/2019;07/09/2019;NÃO; R$ -   ; R$ -   
PD001-2019;2019;DROPS DE ECONOMIA E FINANCAS DO GRUPO DENARIUS;MOISES DINIZ VASSALO;IEPG;06/12/2018;03/12/2019;NÃO; R$ -   ; R$ -   
PD001-2019;2019;DROPS DE ECONOMIA E FINANCAS DO GRUPO DENARIUS;VICTOR EDUARDO DE MELLO VALERIO;IEPG;06/12/2018;03/12/2019;NÃO; R$ -   ; R$ -   
PD001-2019;2019;DROPS DE ECONOMIA E FINANCAS DO GRUPO DENARIUS;ANDRE LUIZ MEDEIROS;IEPG;06/12/2018;03/12/2019;NÃO; R$ -   ; R$ -   
23088.011237/2019-17;2019;SALA VERDE LEAS: PALESTRA, OFICINA E EXPOSICAO DE BANNERS SOBRE FAUNA E UNIDADES DE CONSERVACAO;DANIELA ROCHA TEIXEIRA RIONDET COSTA;IRN;06/07/2019;07/07/2019;SIM; R$ -   ; R$ -   
23088.011739/2019-48;2019;BIOLOGIA DE PORTAS ABERTAS;SIMONE POLICENA ROSA;IRN;03/06/2019;04/12/2019;SIM; R$ -   ; R$ -   
23499.000700/2017-00;2019;CLUBE DE XADREZ UNIFEI ITABIRA;GILBERTO DUARTE CUZZUOL;ICPA;22/06/2017;07/07/2017;SIM; R$ -   ; R$ -   
23499.000808/2019-56;2019;VI WORKSHOP DO GRUPO DE PESQUISA EM SISTEMAS DE EXAUSTAO (GPESE) ;JOSE CARLOS DE LACERDA;IEI;12/03/2019;04/06/2019;SIM; R$ -   ; R$ -   
23499.001717/2015-12;2019;6º WORKSHOP DE INOVACAO NO ENSINO SUPERIOR;DAIR JOSE DE OLIVEIRA;ICT;05/08/2015;12/11/2015;SIM; R$ -   ; R$ -   
23499.000684/2019-17;2019;EQUIPE SAGRES;RAFAEL EMILIO LOPES;ICT;15/01/2019;31/12/2019;NÃO; R$ -   ; R$ -   
23499.000551/2016-90;2019;APLICATIVO CAMINHOS DRUMONDIANOS;PAULO JOSE LAGE ALVARENGA ;ICT;18/04/2016;18/07/2016;SIM; R$ -   ; R$ -   
23499.000283/2016-44;2019;COMPET - COMPETICAO EM MARATONA DE PROGRAMACAO;PAULO JOSE LAGE ALVARENGA ;ICT;01/02/2016;12/12/2016;SIM; R$ -   ; R$ -   
23499.001747/2015-11;2019;APRENDER.COM;PAULO JOSE LAGE ALVARENGA ;ICT;01/03/2015;15/12/2015;SIM; R$ -   ; R$ -   
23499.001746/2015-76;2019;UNIFEI TECH MORNING;PAULO JOSE LAGE ALVARENGA ;ICT;09/12/2015;09/12/2015;SIM; R$ -   ; R$ -   
23499.000720/2019-34;2019;FEIRA DE ECONOMIA SOLIDARIA E SUSTENTABILIDADE DE ITABIRA 2019;JOAO LUCAS DA SILVA;ICT;29/04/2019;31/12/2019;NÃO; R$ -   ; R$ -   
23499.000753/2017-12;2019;SEGUNDA LINGUA;MARIA ELIZABETE VILLELA SANTIAGO;ICPA;14/08/2017;27/11/2017;SIM; R$ -   ; R$ -   
23499.000493/2017-85;2019;HACKATHON INDUSTRIAS DO SETOR METAL MECANICO NO FIEMG ITINERANTE;PAULO JOSE LAGE ALVARENGA ;ICT;26/04/2017;28/04/2017;SIM; R$ -   ; R$ -   
23088.012283/2019-33;2019;ESTUDOS TECNICOS PARA ELABORACAO DO PROJETO CONCEITUAL DE UMA ESCOLA PRAQUE;ADINELE GOMES GUIMARAES;IRN;21/06/2019;21/02/2020;NÃO; R$ 40.605,00 ;
23088.012290/2019-35;2019;ESTUDOS TECNICOS PARA ELABORACAO DO PROJETO PASSARELA DE PEDESTRE;PAULO CESAR GONCALVES;IRN;21/06/2019;20/04/2020;NÃO; R$ 19.626,66 ;
23088.012342/2019-73;2019;PARTICIPACAO EM PROGRAMA DE FORMACAO E CAPACITACAO EM INOVACAO DE PROCESSO DE AVALIACAO DE INVESTIMENTOS EM PPPS: ENGENHARIA ECONOMICA I E II;JOSE ARNALDO BARRA MONTEVECHI;IEPG;24/06/2019;24/12/2019;SIM; R$ 13.800,00 ; R$ 16.224,06 
23088.012376/2019-68;2019;PARTICIPACAO EM PROGRAMA DE FORMACAO E CAPACITACAO EM INOVACAO DE PROCESSO DE AVALIACAO DE INVESTIMENTOS EM PPPS: ENGENHARIA ECONOMICA I E II;EDSON DE OLIVEIRA PAMPLONA;IEPG;24/06/2019;24/12/2019;SIM; R$ 20.700,00 ; R$ 25.893,80 
23088.012436/2019-42;2019;PARTICIPACAO EM CURSO DE ESPECIALIZACAO EM ENGENHARIA DE PROCESSOS, PRODUTIVIDADE E QUALIDADE NA FACULDADE DE ADMINISTRACAO E INFORMATICA (FAI), DE SANTA RITA DO SAPUCAI, MINAS GERAIS;JOSE ANTONIO QUEIROZ;IEPG;29/06/2019;29/09/2019;SIM; R$ 4.145,88 ; R$ 3.631,58 
23088.012164/2019-81;2019;I WORKSHOP EM FISICA EXPERIMENTAL DA UNIFEI - I WFEU;MARCELOS LIMA PERES;IFQ;24/06/2019;20/09/2019;SIM; R$ -   ; R$ 1.070,00 
23088.012334/2019-27;2019;PROJETO ECOVEICULO;JOSE HAMILTON CHAVES GORGULHO JUNIOR;IEPG;01/01/2019;31/12/2019;SIM; R$ -   ; R$ -   
23088.006900/2019-61;2019;PROJETO FORMULA SAE CHEETAH RCING UNIFEI;BRUNO SILVA DE SOUSA;IEM;01/01/2019;31/12/2019;SIM; R$ 10.000,00 ;
23088.012531/2019-46;2019;BLUE BRUNNIES;SANDRA NAKAMATSU;IFQ;26/02/2019;10/12/2019;SIM; R$ -   ; R$ -   
23088.012656/2019-76;2019;ENGENHEIROS DA ALEGRIA - UNIFEI;ANA PAULA MONI SILVA;IRN;22/04/2019;31/12/2019;SIM; R$ -   ; R$ -   
23088.012822/2019-34;2019;PALESTRA: EDLE: ENTREPRENEURIAL DYNAMIC LEARNING - (TECNICAS INTEGRADAS DE APRENDIZAGEM DINAMICA EMPREENDEDORA) - COMPARTILHAMENTO DE EXPERIENCIAS INOVADORAS DE APRENDIZAGEM NA EDUCACAO SUPERIOR;ELZO ALVES ARANHA;IEPG;01/07/2019;24/07/2019;SIM; R$ -   ; R$ -   
23088.012830/2019-81;2019;SEMANA DE ENGENHARIA DE PRODUCAO - SEMEPRO;JOSE LEONARDO NORONHA;IEPG;01/07/2019;30/10/2019;SIM; R$ 1.379,30 ; R$ -   
23088.012860/2019-97;2019;SENSIBILIZACAO DOS ALUNOS DO 4º ANO DA ESCOLA MUNICIPAL TEODOMIRO SANTIAGO QUANTO À PROBLEMATICA DO LIXO;DANIELA ROCHA TEIXEIRA RIONDET COSTA;IRN;19/06/2019;03/07/2019;SIM; R$ -   ; R$ -   
23088.012845/2019-49;2019;PROJETO ECOEFICIENTE PARA A ONG RESGATI - FASE 2;DANIELA ROCHA TEIXEIRA RIONDET COSTA;IRN;10/04/2019;30/12/2019;SIM; R$ -   ; R$ -   
23088.012964/2019-00;2019;"PALESTRA SOBRE ""TEORIA E OBSERVACÕES SOBRE RELAMPAGOS NO BRASIL""";ENRIQUE VIEIRA MATTOS;IRN;09/06/2019;12/06/2019;SIM; R$ -   ; R$ -   
23499.000948/2019-24;2019;CURSO DE FILOSOFIA - ATUALIZACAO;FLAVIO FONTENELLE LOQUE;ICPA;01/10/2019;31/10/2019;SIM; R$ 720,00 ; R$ 742,27 
23088.012661/2019-89;2019;METODOLOGIAS ATIVAS E NOVAS TECNOLOGIAS EDUCACIONAIS NO ENSINO DE CIENCIAS E MATEMATICA;DENISE PEREIRA DE ALCANTARA FERRAZ;IFQ;01/08/2019;10/12/2019;SIM; R$ -   ; R$ -   
23088.013402/2019-75;2019;GESTAO DE RESIDUOS INDUSTRIAIS;ROGERIO JOSE DA SILVA;IEM;09/07/2019;09/09/2019;SIM; R$ -   ; R$ -   
23088.013257/2019-22;2019;DA CAPTACAO À DISTRIBUICAO: ELUCIDANDO QUESTÕES DO SISTEMA DE ABASTECIMENTO DE JESUANIA/MG;ANA LUCIA FONSECA;IRN;30/07/2018;08/12/2018;SIM; R$ -   ; R$ -   
23499.000610/2017-19;2019;MARATONA MINEIRA DE PROGRAMACAO;PAULO JOSE LAGE ALVARENGA ;ICT;26/05/2017;28/05/2017;SIM; R$ -   ; R$ -   
23499.001488/2017-90;2019;SUICIDE HAWKS ENGINEERING;TARCISIO GONCALVES DE BRITO;IEI;24/10/2016;25/10/2017;SIM; R$ -   ; R$ -   
23088.013717/2019-12;2019;RECICLANDO E APRENDENDO;ANA LUCIA FONSECA;IRN;01/08/2019;05/12/2019;SIM; R$ -   ; R$ -   
23088.013484/2019-58;2019;STARTUP WEEKEND MAKER;JULIANA CAMINHA NORONHA;IEPG;30/08/2019;01/09/2019;SIM; R$ 41.000,00 ; R$ 19.426,80 
23088.013247/2019-97;2019;CARACTERIZACAO DE ANTENAS E MODULOS DE RADIO ONERF;DANILO HENRIQUE SPADOTI;IESTI;02/07/2019;30/06/2020;NÃO; R$ 29.400,00 ;
23088.013554/2019-78;2019;OFICINA DE EDUCACAO AMBIENTAL;ANA LUCIA FONSECA;IRN;01/08/2019;05/12/2019;SIM; R$ -   ; R$ -   
23499.000980/2019-18;2019;EIXO EDUCACIONAL E A SUSTENTABILIDADE DO PROJETO DE REVITALIZACAO DE 14 ESCOLAS PUBLICAS ESTADUAIS DE ITABIRA-MG ;GISELLE DE PAULA QUEIROZ CUNHA;ICPA;04/06/2019;04/05/2020;NÃO; R$ -   ; R$ -   
23499.000979/2019-85;2019;"DIAGNOSTICO, PROGNOSTICO E MOBILIZACAO DE PARCEIROS PARA REVITALIZACAO INFRAESTRUTURAL DE 14 ESCOLAS PUBLICAS ESTADUAIS DE ITABIRA-MG (PROJETO ESCOLA ""UBUNTU"" - ""SOU O QUE SOU, PORQUE SOMOS TODOS NOS!"" ";GISELLE DE PAULA QUEIROZ CUNHA;ICPA;04/06/2019;04/05/2020;NÃO; R$ -   ; R$ -   
23088.014053/2019-17;2019;PARTICIPACAO EM CURSO DE ESPECIALIZACAO EM ENGENHARIA DE PROCESSOS, PRODUTIVIDADE E QUALIDADE NA FACULDADE DE ADMINISTRACAO E INFORMATICA (FAI), DE SANTA RITA DO SAPUCAI, MINAS GERAIS (MODULO PCP);FABIANO LEAL;IEPG;03/08/2019;28/11/2019;NÃO; R$ 3.523,53 ; R$ 3.026,32 
23088.014058/2019-31;2019;ATIVIDADE DE EXTENSAO UNIVERSITARIA COM BASE NA EDUCACAO AMBIENTAL CRITICA E REFLEXIVA VIA DESENVOLVIMENTO DE UM PROJETO APLICADO À PERMACULTURA E SISTEMAS AGROFLORESTAIS;DANIELA ROCHA TEIXEIRA RIONDET COSTA;IRN;30/05/2019;18/06/2019;SIM; R$ -   ; R$ -   
23088.014017/2019-45;2019;ESTUDOS DE DESCARGAS PARCIAIS EM ISOLADORES;ESTACIO TAVARES WANDERLEY NETO;ISEE;15/08/2019;14/05/2020;SIM; R$ 47.278,62 ; R$ 47.281,05 
23088.014474/2019-30;2019;PALESTRA SOBRE O ARTIGO DE PROTECAO UV E VISAO NO ADVISORY BOARD J&J VISION CARE 2019;MARCELO DE PAULA CORREA;IRN;25/07/2019;25/08/2019;SIM; R$ 4.000,00 ; R$ 4.000,00 
23088.014473/2019-95;2019;SIMPOSIO AEHA - ACUVUE EYE HEALTH ADVISOR 2019;MARCELO DE PAULA CORREA;IRN;03/08/2019;20/08/2019;SIM; R$ 3.500,00 ; R$ 3.960,00 
23088.014898/2019-02;2019;OFICINA ORIGAMI I;MARCIA SAYURI KASHIMOTO;IMC;23/08/2019;27/09/2019;SIM; R$ -   ; R$ -   
23088.014182/2019-05;2019;PARTICIPACAO EM CURSO DE CURTA DURACAO EM MANUTENCAO E TESTES AVANCADOS EM TRANSFORMADORES DE POTENCIA - TEORIA E PRATICA;ROSSANO GIMENES;IFQ;16/07/2019;16/07/2020;NÃO; R$ 1.770,88 ;
23088.015440/2019-62;2019;"PALESTRA ""RADIACAO SOLAR NO BRASIL E SEUS IMPACTOS SOBRE A SAUDE DA PELE E DOS CABELOS"" NO II SEMINARIO SOBRE PROTECAO INDOOR E OUTDOOR";MARCELO DE PAULA CORREA;IRN;15/08/2019;15/08/2019;SIM; R$ -   ; R$ -   
23088.015430/2019-27;2019;TERCAS TEATRAIS;JANE RAQUEL SILVA DE OLIVEIRA;IFQ;06/08/2019;19/11/2019;SIM; R$ -   ; R$ -   
23088.014977/2019-13;2019;SEMANA DA QUIMICA;FABIO DA SILVA LISBOA;IFQ;05/08/2019;09/08/2019;SIM; R$ -   ; R$ -   
23088.015434/2019-13;2019;PROJETO MAOS A HORTA;ANA LUCIA FONSECA;IRN;01/08/2019;05/12/2019;SIM; R$ -   ; R$ -   
23088.015274/2019-02;2019;PROJETO PRE-ACELERACAO LAB001;JULIANA CAMINHA NORONHA;IEPG;31/08/2019;30/05/2020;SIM; R$ -   ; R$ -   
23088.015273/2019-50;2019;PROJETO DE PRE-ACELERACAO IMPULSO;JULIANA CAMINHA NORONHA;IEPG;31/08/2019;29/05/2020;SIM; R$ -   ; R$ -   
23088.015701/2019-44;2019;II SIMPOSIO INTERNACIONAL DE EDUCACAO EM CIENCIAS E IV SEMANA DAS LICENCIATURAS DA UNIFEI;DENISE PEREIRA DE ALCANTARA FERRAZ;IFQ;11/11/2019;20/12/2019;SIM; R$ 2.000,00 ; R$ 3.002,65 
23088.013842/2019-22;2019;SISTEMA DE INFORMACAO GERENCIAL PARA MICROEMPRESAS;ELIZABETE RIBEIRO SANCHES DA SILVA;IMC;12/08/2019;22/11/2019;SIM; R$ -   ; R$ -   
23088.012557/2019-94;2019;EXCEL MINICURSO - APLICADO À ADMINISTRACAO;LUIZ EUGENIO VENEZIANI PASIN;IEPG;08/06/2019;09/06/2019;SIM; R$ -   ; R$ -   
23088.016029/2019-12;2019;TREINAMENTO DO TERCEIRO NIVEL DA OBMEP;RICK ANTONIO RISCHTER;IMC;14/09/2019;07/12/2019;SIM; R$ -   ; R$ -   
23088.016029/2019-12;2019;TREINAMENTO DO TERCEIRO NIVEL DA OBMEP;FERNANDO PEREIRA MICENA;IMC;14/09/2019;07/12/2019;SIM; R$ -   ; R$ -   
23088.016042/2019-63;2019;"PARTICIPACAO EM CURSO DE CURTA DURACAO ""OPERACAO DE CENTRAIS TERMELETRICAS""";OSVALDO JOSE VENTURINI;IEM;19/08/2019;18/08/2020;SIM; R$ 69.952,48 ; R$ 74.112,93 
23088.016524/2019-13;2019;TREINAMENTO DE TABLEAU;MELISE MARIA VEIGA DE PAULA;IMC;23/08/2019;23/08/2019;SIM; R$ -   ; R$ -   
23088.016222/2019-45;2019;ESTUDOS DE DESCARGAS PARCIAIS EM ISOLADORES;ESTACIO TAVARES WANDERLEY NETO;ISEE;15/08/2019;14/05/2020;NÃO; R$ -   ; R$ -   
23088.016710/2019-52;2019;CURSO DE MAPEAMENTO DE PROCESSO ATRAVES DA TECNICA BPMN PARA EMPRESAS JUNIORES;FABIANO LEAL;IEPG;19/09/2019;24/10/2019;SIM; R$ -   ; R$ -   
23088.016901/2019-14;2019;TREINAMENTO DE MS PROJECT;ADLER DINIZ DE SOUZA;IMC;27/09/2019;27/09/2019;SIM; R$ -   ; R$ -   
23088.016617/2019-48;2019;SEGUNDO ENCONTRO DE FISICA TEORICA GIFT;ALEXIS ROA AGUIRRE;IFQ;14/08/2019;30/11/2019;SIM; R$ 8.800,00 ; R$ 5.224,91 
23499.001039/2019-11;2019;III FEIRA DE ESTAGIOS EM ENGENHARIAS DE ITABIRA - FEEI;TABATA FERNANDES PEREIRA;IEI;21/05/2020;21/05/2020;SIM; R$ -   ; R$ -   
23499.001394/2019-82;2019;UNIFEI PORTAS ABERTAS ENSINO MEDIO;GEUDERSON TRASPADINI MARCHIORI;ITABIRA;26/08/2019;27/09/2018;SIM; R$ -   ; R$ -   
23088.017263/2019-59;2019;QUIMICA NA PRATICA;EVANDRO FORTES ROZENTALSKI;IFQ;12/08/2019;29/11/2019;SIM; R$ -   ; R$ -   
23499.001380/2019-69;2019;ENCONTRO DE ENGENHARIA AMBIENTAL;JAMES LACERDA MAIA;ICPA;02/07/2019;06/09/2019;SIM; R$ -   ; R$ -   
23088.017271/2019-03;2019;REVISTA AMAN-TI-KYR: ESTUDOS INTERDISCIPLINARES EM EDUCACAO (ISSN 2526-124X)*;ALESSANDRA RODRIGUES;IFQ;26/08/2019;26/08/2020;NÃO; R$ -   ; R$ -   
23088.017375/2019-18;2019;SEMANA DE TECNOLOGIAS AERONAUTICAS (STA);PATRICIA DA SILVA LOPES ALEXANDRINO;IEM;02/09/2019;06/09/2019;SIM; R$ -   ; R$ -   
23088.015897/2019-77;2019;SEMANA DE ENGENHARIA DE MATERIAIS;GERSON AVELINO FERNANDES;IEM;19/08/2019;24/08/2019;SIM; R$ -   ; R$ -   
23088.017195/2019-28;2019;MEDICAO DA CONDUTIVIDADE TERMICA DE MATERIAIS PELO METODO DE LASER PULSADO;DANIEL THOMAZINI;IEM;01/09/2019;31/08/2020;NÃO; R$ 17.500,00 ;
23088.015071/2019-16;2019;PARTICIPACAO NO CURSO DE CURTA DURACAO EM OPERACAO DE TURBINAS HIDRAULICAS E REGULADORES DE VELOCIDADE;EDSON DA COSTA BORTONI;ISEE;29/07/2019;29/07/2020;NÃO; R$ 3.272,08 ;
23088.017273/2019-94;2019;PALESTRA LUZ ULTRAVIOLETA E LUZ AZUL: UM MAL NECESSARIO;MARCELO DE PAULA CORREA;IRN;21/09/2019;21/09/2019;SIM; R$ 3.800,00 ; R$ 3.800,00 
23088.017269/2019-26;2019;ELABORACAO DE MATERIAL/ARTIGO DIDATICO SOBRE RADIACAO UV NO BRASIL;MARCELO DE PAULA CORREA;IRN;26/08/2019;26/09/2019;SIM; R$ 3.400,00 ; R$ 3.400,00 
23088.017486/2019-16;2019;DESENVOLVIMENTO E INTERSECCIONALIDADE;DANIELA ORNAGHI SANT ANNA;IRN;24/09/2019;26/11/2019;NÃO; R$ -   ; R$ -   
23088.017484/2019-27;2019;1º FORUM SAO GERALDO;DANIELA ORNAGHI SANT ANNA;IRN;20/09/2019;20/09/2019;NÃO; R$ -   ; R$ -   
23088.017777/2019-12;2019;I SIMPOSIO PRIMAVERA DAS MULHERES;GEISE RIBEIRO;IFQ;23/09/2019;24/09/2019;SIM; R$ -   ; R$ -   
23499.001344/2019-03;2019;CURSO AUTOCAD APLICADO AO MAPEAMENTO TOPOGRAFICO 2019;ELIANE MARIA VIEIRA;ICPA;27/08/2019;03/09/2019;SIM; R$ -   ; R$ -   
23499.001290/2019-78;2019;QUARTA ARTE 2019;JOAO LUCAS DA SILVA;ICT;02/09/2019;31/12/2019;SIM; R$ -   ; R$ -   
23499.001275/2019-20;2019;EDUCACAO AMBIENTAL EM ESCOLAS INFANTIS;GLAUCIO MARCELINO MARQUES;ICPA;28/08/2019;11/09/2019;SIM; R$ -   ; R$ -   
23088.018230/2019-26;2019;RESILIENCIA UNIFEI;BRUNO VIDAL DE ALMEIDA;IEM;27/09/2019;23/09/2020;NÃO; R$ -   ; R$ -   
23088.017813/2019-30;2019;EQUIPE UAI!RRIOR DE ROBOTICA;TALES CLEBER PIMENTA;IESTI;15/10/2019;10/02/2019;SIM; R$ -   ; R$ -   
23088.017984/2019-69;2019;V CURSO DE SISTEMAS FOTOVOLTAICOS: DIMENSIONAMENTO ON E OFF GRID, TARIFACAO, TREINAMENTO EM BANCADA, VIABILIDADE ECONOMICA, AGENTE DO MERCADO FV, ESTUDOS DE CASO E SIMULACAO COMPUTACIONAL EM PVSYST;CHRISTIAN J CORONADO RODRIGUEZ;IEM;23/11/2019;23/03/2020;NÃO; R$ 11.101,00 ;
23088.018305/2019-79;2019;OFICINA PILOTO DE ENGENHARIA QUIMICA: CONSTRUCAO DE UM ELUTRIADOR PARA FINS DIDATICOS;HUGO PERAZINNI;IRN;01/10/2019;01/04/2020;NÃO; R$ -   ; R$ -   
23088.018352/2019-12;2019;SALA VERDE LEAS VAI À ESCOLA: SENSIBILIZACAO AMBIENTAL NO HORTO FLORESTAL ANHUMAS;DANIELA ROCHA TEIXEIRA RIONDET COSTA;IRN;29/08/2019;29/08/2019;SIM; R$ -   ; R$ -   
23088.018351/2019-78;2019;SALA VERDE LEAS VAI À ESCOLA: ARBORIZACAO E JARDINAGEM NA ESCOLA MUNICIPAL REINO ENCANTADO - INCONFIDENTES/MG;DANIELA ROCHA TEIXEIRA RIONDET COSTA;IRN;02/09/2019;06/09/2019;SIM; R$ -   ; R$ -   
23088.015332/2019-90;2019;PLANEJAMENTO DAS ACÕES COMUNITARIAS DO CICLO 2019/2020 DO NUCLEO ESTRATEGICO INTERDISCIPLINAR  EM RESILIENCIA URBANA - NEIRU;ADINELE GOMES GUIMARAES;IRN;12/08/2019;12/08/2020;NÃO; R$ -   ; R$ -   
23088.018858/2019-21;2019;TREINAMENTO DE USABILIDADE EM EQUIPAMENTOS MEDICOS;EGON LUIZ MULLER JUNIOR;IESTI;20/09/2019;31/03/2020;NÃO; R$ 37.435,29 ; R$ 37.425,34 
23088.019076/2019-18;2019;PALESTRA FINANCAS PESSOAIS;ANDRE LUIZ MEDEIROS;IEPG;25/09/2019;25/09/2019;SIM; R$ -   ; R$ -   
23088.018920/2019-85;2019;INTERPET 2019;THATYANA DE FARIA PIOLA SERAPHIM;IESTI;07/09/2019;07/09/2019;SIM; R$ -   ; R$ -   
23088.018885/2019-02;2019;DESENVOLVIMENTO DE MANUAL PARA USO DE INDICADORES PARA ADMINISTRACAO DE MATERIAIS EM SUPERMERCADOS;FABIO FAVARETTO;IEPG;20/09/2019;10/01/2020;SIM; R$ -   ; R$ 2.298,82 
23088.019191/2019-84;2019;ORIENTACAO SOBRE PROCEDIMENTOS CONFIAVEIS DE AMOSTRAGEM DE OLEO ISOLANTE EM TRANSFORMADORES DE POTENCIA;ROSSANO GIMENES;IFQ;27/09/2019;31/01/2020;NÃO; R$ 950,00 ; R$ 950,00 
23088.019186/2019-71;2019;"PALESTRA "" A PROTECAO DA PELE ALEM DA RADIACAO UV: CARACTERIZACAO DE UM EXPOSSSOMA BRASILEIRO""";MARCELO DE PAULA CORREA;IRN;28/09/2019;28/09/2019;SIM; R$ 5.000,00 ; R$ 5.000,00 
23088.013940/2019-60;2019;II WORKSHOP DE ENERGIAS OCEANICAS E FLUVIAIS;GERALDO LUCIO TIAGO FILHO;IRN;29/08/2019;30/08/2019;SIM; R$ -   ; R$ -   
23088.019456/2019-44;2019;REPAROS NA INSTALACAO ELETRICA DA APAE DE PASSA QUATRO - MG;CREDSON DE SALLES;ISEE;02/09/2019;01/09/2020;NÃO; R$ -   ; R$ -   
23088.019570/2019-74;2019;NEIRU DE PORTAS ABERTAS - PALESTRA SOBRE PLANEJAMENTO URBANO;MARIA RACHEL DE ARAUJO RUSSO;IRN;24/09/2019;24/09/2019;SIM; R$ -   ; R$ -   
23088.017507/2019-01;2019;CERTIFICACAO E ENSAIOS DE PRODUTOS DE TECNOLOGIA DA INFORMACAO E TELECOMUNICACAO;JOSE CARLOS GRILO RODRIGUES;ISEE;01/09/2019;31/01/2021;NÃO; R$ 143.619,54 ;
23088.013268/2019-11;2019;RECUPERACAO DA MATA CILIAR DE UM TRECHO DO RIO MOGI-GUACU EM INCONFIDENTES/MG;ANA LUCIA FONSECA;IRN;31/07/2018;08/12/2018;SIM; R$ -   ; R$ -   
23088.019691/2019-16;2019;APLICACAO DE METODOS COMPUTACIONAIS PARA PREVISAO DE DURACAO E FREQUENCIA DE INTERRUPCAO DE ENERGIA EM ESTACÕES DISTRIBUIDORAS;BRUNO GUAZZELLI BATISTA;IMC;05/10/2019;30/06/2020;NÃO; R$ 22.356,00 ;
23088.018999/2019-44;2019;TREINAMEMBROS - ENACTUS - NOCÕES BASICAS DE PLANILHA ELETRONICA;LUIZ EUGENIO VENEZIANI PASIN;IEPG;21/09/2019;21/09/2019;SIM; R$ -   ; R$ -   
23088.019978/2019-46;2019;SPACE APPS CHALLANGE - HACKATHON NASA;JULIANA CAMINHA NORONHA;IEPG;18/10/2019;20/10/2019;SIM; R$ -   ; R$ 7.500,00 
23088.012266/2018-15;2019;"PARTICIPACAO, EM CARATER ESPORADICO, DO PROF. CARLOS BARREIRA MARTINEZ NO CURSO DE POS-GRADUACAO LATO SENSU INTITULADO ""FONTES DE ENERGIA RENOVAVEIS - GERACAO, OPERACAO E INTEGRACAO"", OFERTADO UFMG/FCO";CARLOS BARREIRA MARTINEZ;IEM;01/10/2018;01/10/2019;SIM; R$ -   ; R$ -   
23088.019835/2019-34;2019;V SEMINARIO DE RECURSOS NATURAIS;MAXIMILIAN JOACHIM HODAPP;IRN;21/10/2019;25/10/2019;SIM; R$ -   ; R$ -   
23088.020419/2019-89;2019;A IMPORTANCIA DA FOTOPROTECAO EM CRIANCAS E ADOLESCENTES - 39º CONGRESSO BRASILEIRO DE PEDIATRIA;MARCELO DE PAULA CORREA;IRN;12/10/2019;12/10/2019;SIM; R$ -   ; R$ -   
23088.020367/2019-41;2019;O MUNDO DA AERONAUTICA;PATRICIA DA SILVA LOPES ALEXANDRINO;IEM;03/10/2019;30/06/2020;NÃO; R$ -   ; R$ -   
23499.001637/2019-82;2019;OFICINA DE PROCESSAMENTO E DE MATERIAIS PARA ENGENHARIA;RICARDO LUIZ PEREZ TEIXEIRA;IEI;10/10/2019;22/11/2019;SIM; R$ -   ; R$ -   
23088.008425/2019-68;2019;EMPRESA JUNIOR - IN LOCO EMPREENDIMENTOS JUNIOR;ANDRE LUIZ VIVAN;IRN;19/04/2019;31/12/2019;SIM; R$ -   ; R$ -   
23499.001466/2019-91;2019;DESENVOLVIMENTO DE UM PROTOTIPO DE TESTES DE MODULOS DE POTENCIA DE CONVERSORES DE FREQUENCIA PARA AEROGERADORES DE GRANDE PORTE;FREDERICO FERREIRA VIANA MATOS;ICT;01/10/2019;31/01/2020;SIM; R$ 3.678,16 ; R$ 3.678,16 
23499.001392/2019-93;2019;III CICLO DE FORMACAO INCLUSIVA, TEMA SURDEZ;MAXWELL DE SOUZA DAMASCENO;ICT;26/09/2019;26/09/2019;SIM; R$ -   ; R$ -   
23499.001358/2019-19;2019;LINGUA BRASILEIRA DE SINAIS - INTERMEDIARIO;MAXWELL DE SOUZA DAMASCENO;ICT;27/08/2019;26/11/2019;SIM; R$ -   ; R$ -   
23499.001358/2019-19;2019;LINGUA BRASILEIRA DE SINAIS - INTERMEDIARIO;APARECIDA PAULA JACOME DOS SANTOS;CGP;27/08/2019;26/11/2019;SIM; R$ -   ; R$ -   
23499.001358/2019-19;2019;LINGUA BRASILEIRA DE SINAIS - INTERMEDIARIO;ANA AMELIA DE SOUZA;CGP;27/08/2019;26/11/2019;SIM; R$ -   ; R$ -   
23088.021102/2019-60;2019;DIVULGACAO CIENTIFICA NAS PAREDES DO IFQ;WILTON DA SILVA DIAS;IFQ;10/10/2019;01/01/2021;NÃO; R$ -   ; R$ -   
23088.021090/2019-73;2019;SHINE BRASIL;MILADY RENATA APOLINARIO DA SILVA;IFQ;21/10/2019;25/10/2019;SIM; R$ -   ; R$ -   
23499.001551/2019-50;2019;CONSERVACAO E RESTAURACAO AMBIENTAL DE TERRITORIOS NA REGIAO DA SERRA DO ESPINHACO;ANA CAROLINA VASQUES FREITAS;ICPA;01/10/2019;01/10/2019;NÃO; R$ -   ; R$ -   
23088.021320/2019-02;2019;"PALESTRA ""INTERDISCIPLINARIDADE EM METEOROLOGIA: ESTUDOS SOBRE O EXPOSSOMA E A SAUDE HUMANA"" NO IAG/USP ";MARCELO DE PAULA CORREA;IRN;25/10/2019;25/10/2019;SIM; R$ -   ; R$ -   
23088.021502/2019-75;2019;ANALISE DE DADOS UTILIZANDO TABLEAU E MONGODB;VANESSA CRISTINA OLIVEIRA DE SOUZA;IMC;21/10/2019;21/10/2019;SIM; R$ -   ; R$ -   
23088.021481/2019-98;2019;MANUFATURA ENXUTA III: LEAN OFFICE E LEAN HEALTHCARE;JOSE ANTONIO QUEIROZ;IEPG;29/10/2019;29/01/2020;SIM; R$ 4.145,88 ; R$ 3.734,12 
23088.021698/2019-06;2019;"PARTICIPACAO EM CURSO DE CURTA DURACAO EM ""MANUTENCAO E TESTES AVANCADOS EM TRANSFORMADORES DE POTENCIA - TEORIA E PRATICA""";ROSSANO GIMENES;IFQ;22/10/2019;13/01/2020;SIM; R$ 5.060,00 ; R$ 4.717,95 
23088.021706/2019-14;2019;MINICURSO DE EXTENSAO: GESTAO DE RESIDUOS INDUSTRAIS;ROGERIO JOSE DA SILVA;IEM;23/10/2019;08/11/2019;SIM; R$ -   ; R$ -   
23499.001702/2019-70;2019;COMPREENSAO DAS DEMANDAS E ANALISE ERGONOMICA DO TRABALHO (AET) EM ESCOLAS MUNICIPAIS DE ITABIRA;VITOR GUILHERME CARNEIRO FIGUEIREDO;IEI;21/10/2019;21/12/2019;SIM; R$ -   ; R$ -   
23088.022164/2019-99;2019;BUSINESS MEETING WEEK III;BRUNO SILVA DE SOUSA;IEM;05/11/2019;09/11/2019;NÃO; R$ -   ; R$ -   
23088.022178/2019-11;2019;DESENVOLVIMENTO DE HABILIDADES EM SKILL DA ALEXA;BRUNO TARDIOLE KUEHNE;IESTI;01/11/2019;01/03/2020;NÃO; R$ 4.000,00 ;
23088.022363/2019-05;2019;RESGATE E ORGANIZACAO LINEAR DO ACERVO FACTUAL DA TRAJETORIA HISTORICO-INSTITUCIONAL DO INSTITUTO DE PRODUCAO E GESTAO DA UNIVERSIDADE FEDERAL DE ITAJUBA ;GIOVANNI HORACIO GUIMARAES;IEPG;27/10/2019;27/10/2019;NÃO; R$ -   ; R$ -   
23088.022461/2019-34;2019;I WORKSHOP DE JOGOS DIGITAIS;ROBERTO AFFONSO DA COSTA JUNIOR;IMC;28/11/2019;28/11/2019;SIM; R$ -   ; R$ -   
23088.022461/2019-34;2019;I WORKSHOP DE JOGOS DIGITAIS;ELISA DE CASSIA SILVA RODRIGUES;IMC;28/11/2019;28/11/2019;SIM; R$ -   ; R$ -   
23088.022681/2019-68;2019;BUSINESS MEETING WEEK II;BRUNO SILVA DE SOUSA;IEM;29/10/2018;07/11/2018;SIM; R$ -   ; R$ -   
23088.022027/2019-54;2019;AQUALAB;ALEXANDRE AUGUSTO BARBOSA;IRN;01/11/2019;31/10/2020;NÃO; R$ -   ; R$ -   
23088.018491/2019-46;2019;TECNOLOGIAS AVANCADAS PARA DESENVOLVIMENTO DE APLICACÕES;VANESSA CRISTINA OLIVEIRA DE SOUZA;IMC;21/09/2019;05/10/2019;SIM; R$ -   ; R$ -   
23088.018491/2019-46;2019;TECNOLOGIAS AVANCADAS PARA DESENVOLVIMENTO DE APLICACÕES;ROBERTO CLAUDINO DA SILVA;IMC;21/09/2019;05/10/2019;SIM; R$ -   ; R$ -   
23088.018491/2019-46;2019;TECNOLOGIAS AVANCADAS PARA DESENVOLVIMENTO DE APLICACÕES;EDMILSON MARMO MOREIRA;IESTI;21/09/2019;05/10/2019;SIM; R$ -   ; R$ -   
23088.023102/2019-02;2019;SPE UNIFEI - CAPITULO ESTUDANTIL DA SOCIEDADE DE ENGENHEIROS DO PETROLEO;MARCOS AURELIO DE SOUZA;IEM;06/11/2019;30/04/2020;SIM; R$ -   ; R$ -   
23088.023265/2019-87;2019;PARTICIPACAO EM PROGRAMA DE CAPACITACAO EM ENGENHARIA ECONOMICA I E II;JOSE ARNALDO BARRA MONTEVECHI;IEPG;09/12/2019;09/12/2020;NÃO; R$ 11.500,00 ;
23088.023263/2019-98;2019;PARTICIPACAO EM PROGRAMA DE FORMACAO E CAPACITACAO EM INOVACAO DE PROCESSO DE AVALIACAO DE INVESTIMENTOS EM PPPS: ENGENHARIA ECONOMICA I E II;JOSE ARNALDO BARRA MONTEVECHI;IEPG;01/12/2019;01/12/2020;NÃO; R$ 13.800,00 ;
23088.022163/2019-44;2019;WORKSHOP PROJETO SEMESTRAL UNIFEI 2019;LOURIVAL JORGE MENDES NETO;IEM;01/10/2019;10/12/2019;SIM; R$ -   ; R$ -   
23499.001776/2019-14;2019;MAPEAMENTO DO PROCESSO PRODUTIVO DA FERRITA DA EMPRESA FERMAG/ITABIRA;GUILHERME SIQUEIRA OLIVEIRA;IEI;03/06/2019;03/12/2019;SIM; R$ -   ; R$ -   
23088.023571/2019-13;2019;PROPOSTA DE MELHORIAS NA ESTRADA RURAL DO BAIRRO PEDRA PRETA EM ITAJUBA/MG;MARIA RACHEL DE ARAUJO RUSSO;IRN;15/05/2019;20/09/2019;SIM; R$ -   ; R$ -   
23088.023839/2019-17;2019;FISCALIZACAO DE SERVICOS DA DISTRIBUIDORA CELPA CONFORME PRODIST E REN ANEEL 414/2010;ROBERTO AKIRA YAMACHITA;ISEE;14/11/2019;27/01/2020;NÃO; R$ 26.532,00 ; R$ 26.532,00 
23088.024268/2019-38;2019;INTEGRACAO DA BIOMASSA EM REFINARIAS DE PETROLEO COMO ESTRATEGIA PARA A A TRANSICAO ENERGETICA NO SETOR DE PETROLEO E GAS;DIEGO MAURICIO YEPES MAYA;IEM;19/11/2019;22/11/2019;SIM; R$ -   ; R$ -   
23088.024242/2019-90;2019;PARTICIPACAO EM PROGRAMA DE FORMACAO E CAPACITACAO EM INOVACAO DE PROCESSO DE AVALIACAO DE INVESTIMENTOS EM PPPS: ENGENHARIA ECONOMICA I E II;EDSON DE OLIVEIRA PAMPLONA;IEPG;02/12/2019;08/04/2020;SIM; R$ 23.000,00 ; R$ 23.481,07 
23088.024240/2019-09;2019;PARTICIPACAO EM PROGRAMA DE FORMACAO E CAPACITACAO EM INOVACAO DE PROCESSO DE AVALIACAO DE INVESTIMENTOS EM PPPS: ENGENHARIA ECONOMICA I E II;EDSON DE OLIVEIRA PAMPLONA;IEPG;09/12/2019;08/04/2020;SIM; R$ 20.700,00 ; R$ 7.061,00 
23088.020889/2019-42;2019;OLIMPIADA REGIONAL DE ITAJUBA;ROBERTO AFFONSO DA COSTA JUNIOR;IMC;15/10/2019;31/12/2020;NÃO; R$ -   ; R$ -   
23088.024241/2019-45;2019;ESTUDO DE AVALIACAO DE VAZAMENTO NA ESCOLA ESTADUAL PROF ANTONIO RODRIGUES DE OLIVEIRA, ITAJUBA (MG);FERNANDO DAS GRACAS BRAGA DA SILVA;IRN;16/12/2019;16/12/2019;SIM; R$ -   ; R$ -   
23088.023265/2019-87;2019;PARTICIPACAO EM PROGRAMA DE FORMACAO E CAPACITACAO EM INOVACAO DE PROCESSO DE AVALIACAO DE INVESTIMENTOS EM PPPS: ENGENHARIA ECONOMICA I E II;JOSE ARNALDO BARRA MONTEVECHI;IEPG;09/12/2019;08/04/2020;SIM; R$ 11.500,00 ; R$ 2.875,15 
23088.22474/2019-11;2019;ESTUDO DA DISPERSAO DE POLUENTES EM RIOS EM ITAJUBA;MAXIMILIAN JOACHIM HODAPP;IRM;08/11/2019;08/11/2020;NÃO; R$ -   ; R$ -   
23088.024563/2019-94;2019;PARTICIPACAO NO PROGRAMA DE POS GRADUACAO EM CIENCIAS DA ENGENHARIA AMBIENTAL (PPGSEA);MARIA RITA RAIMUNDO E ALMEIDA ;IRN;29/10/2019;28/10/2020;SIM; R$ -   ; R$ -   
23088.024471/2019-12;2019;TREINAMENTO DO TERCEIRO NIVEL DA OBMEP;RICK ANTONIO RISCHTER;IMC;06/03/2020;05/12/2020;NÃO; R$ -   ; R$ -   
23088.021949/2019-44;2019;V FIM DE SEMANA DE GESTAO E LIDERANCA;RODRIGO SILVA LIMA;IMC;02/11/2016;03/11/2019;SIM; R$ -   ; R$ -   
23088.023263/2019-98;2019;PARTICIPACAO EM PROGRAMA DE FORMACAO E CAPACITACAO EM INOVACAO DE PROCESSO DE AVALIACAO DE INVESTIMENTOS EM PPPS: ENGENHARIA ECONOMICA I E II;JOSE ARNALDO BARRA MONTEVECHI;IEPG;02/12/2019;08/04/2020;SIM; R$ 13.800,00 ; R$ 15.877,68 
EV016-2019;2019;2º ENCONTRO DE VIOLAO DO SUL DE MINAS;FLAVIA FERNANDA CARVALHO MOTTA BARBIERI;PROEX;03/06/2019;15/09/2019;SIM; R$ -   ; R$ -   
EV015-2019;2019;NOCÕES SOBRE PROCEDIMENTOS DE SEGURNACA NO TRABALHO;DENISE RANSOLIN SORANSO;IEPG;11/12/2019;11/12/2019;SIM; R$ -   ; R$ -   
EV015-2019;2019;NOCÕES SOBRE PROCEDIMENTOS DE SEGURNACA NO TRABALHO;JULIANA CAMINHA NORONHA;IEPG;11/12/2019;11/12/2019;SIM; R$ -   ; R$ -   
CR010-2019;2019;CAPACITACAO EM EDUCACAO FINANCEIRA PARA CONSULTORES (AEF- BRASIL - SEBRAE MG - UNIFEI);ANDRE LUIZ MEDEIROS;IEPG;11/12/2019;10/12/2019;SIM; R$ -   ; R$ -   
23088.025440/2019-71;2019;DESENVOLVIMENTO DE ANTENA PCB PARA IOT;DANILO HENRIQUE SPADOTI;IESTI;01/12/2019;30/08/2020;NÃO; R$ 35.000,00 ;
23499.001902/2019-22;2019;NEWARMSTRONG;DEAN BICUDO KAROLAK;ITABIRA;21/12/2019;21/12/2020;NÃO; R$ -   ; R$ -   
23499.001568/2019-19;2019;ENACTUS - UNIFEI - ITABIRA;FERNANDA RODRIGUES DA SILVA;ITABIRA;30/09/2019;30/08/2020;NÃO; R$ -   ; R$ -   
23088.024515/2019-04;2019;"PARTICIPACAO EM CURSO DE CURTA DURACAO EM ""ELETRONICA DE POTENCIA)";RONDINELI RODRIGUES PEREIRA;IESTI;25/11/2019;24/11/2020;NÃO; R$ 10.732,33 ;
23088.013260/2019-46;2019;SENSIBILIZACAO DO USO RACIONAL DA ÀGUA EM SAO JOAO DA MATA/MG;ANA LUCIA FONSECA;IRN;05/08/2019;05/12/2019;SIM; R$ -   ; R$ -   
23088.027077/2019-28;2019;TREINAMENTO ANAFAS;GUSTAVO PAIVA LOPES;ISEE;12/11/2019;19/11/2019;SIM; R$ -   ; R$ -   
23088.006276/2019-01;2019;COLOQUIOS INTERDISCIPLINARES;EDUARDO HENRIQUE SILVA BITTENCOURT;IFQ;18/04/2019;14/11/2019;SIM; R$ -   ; R$ -   
23088.027525/2019-93;2019;ENSAIOS ELETRICOS ;ESTACIO TAVARES WANDERLEY NETO;ISEE;01/01/2020;31/12/2020;NÃO; R$ 112.185,64 ;
23088.000070/2020-02;2020;INSPECAO EM ENSAIO DE VIBRACÕES MECANICAS EM TRANSFORMADORES DE INSTRUMENTO DE ALTA TENSAO DE 72KV A 550KV;SEBASTIAO SIMÕES DA CUNHA JUNIOR;IEM;06/01/2020;28/02/2020;NÃO; R$ 6.900,00 ; R$ 6.900,00 
23088.018516/2019-10;2019;CURSO DE MAPEAMENTO DE PROCESSO ATRAVES DA TECNICA BPMN PARA EMPRESAS JUNIORES;FABIANO LEAL;IEPG;25/10/2019;12/12/2019;SIM; R$ -   ; R$ -   
23088.026892/2019-70;2020;FUNDACAO ASIMO;LEONARDO BRESEGHELLO ZOCCAL;IESTI;01/01/2020;31/12/2020;NÃO; R$ -   ; R$ -   
23088.000090/2020-73;2020;ENSAIO DE VENTILADOR CAMACHO;RAMIRO GUSTAVO RAMIREZ CAMACHO;IEM;03/01/2020;03/03/2020;NÃO; R$ 2.950,00 ;
23088.000819/2020-10;2020;ENSAIOS ELETRICOS ;ESTACIO TAVARES WANDERLEY NETO;ISEE;02/01/2020;31/12/2020;NÃO; R$ 162.000,00 ;
23088.000849/2020-18;2020;CARACTERIZACAO AMBIENTAL DOS INDIVIDUOS ARBOREOS DA AVENIDA FAISQUEIRA NO MINICIPIO DE POUSO ALEGRE;ANA PAULA MONI SILVA;IRN;15/01/2020;15/05/2020;NÃO; R$ 16.530,00 ;
23088.008315/2019-04;2020;MINI-CURSO DESENVOLVIMENTO AGIL DE PRODUTOS;CARLOS EDUARDO SANCHES DA SILVA;IEPG;29/05/2019;30/05/2019;NÃO; R$ -   ; R$ -   
23088.001711/2020-36;2020;FONTES DE ENERGIA RENOVAVEIS - GERACAO, OPERACAO E INTEGRACAO;CARLOS BARREIRA MARTINEZ;IEM;01/03/2020;01/12/2021;NÃO; R$ 9.000,00 ;
23088.027467/2019-06;2020;QUITRUPE APRESENTA: O MAGICO DE O2;JANE RAQUEL SILVA DE OLIVEIRA;IFQ;01/03/2019;30/11/2019;SIM; R$ -   ; R$ -   
23088.001618/2020-21;2020;TODOS SOMOS LEITORES;CLAUDIA ELIANE DA MATTA;ISEE;02/01/2020;30/12/2020;NÃO; R$ -   ; R$ -   
23088.000820/2020-36;2020;ENSAIOS ELETRICOS EM TRANSFORMADORES ;ESTACIO TAVARES WANDERLEY NETO;ISEE;02/01/2020;31/12/2020;NÃO; R$ 234.000,00 ;
23088.017926/2016-92;2016;PARTICIPACAO EM PROGRAMA DE FORMACAO E CAPACITACAO EM INOVACAO DE PROCESSOS DE AVALIACAO DE INVESTIMENTOS EM EMPRESA DE LOGISITCA E SUCROENERGETICA: ENGENHARIA ECONOMICA;JOSE ARNALDO BARRA MONTEVECHI;IEPG;31/08/2016;31/08/2016;SIM; R$ -   ; R$ 1.757,73 
EV017-2019;2019;PRATO DO DIA;FLAVIA FERNANDA CARVALHO MOTTA BARBIERI;PROEX;21/02/2019;28/11/2019;SIM; R$ -   ; R$ -   
CR011-2019;2020;MUSICALIZANDO;FLAVIA FERNANDA CARVALHO MOTTA BARBIERI;PROEX;18/03/2019;04/12/2019;SIM; R$ -   ; R$ -   
23088.019982/2019-12;2020;"CONCEPCAO, DESENHO  PLANEJAMENTO DA MOBILIZACAO NACIONAL ""INOVANDOBRASIL ATRAVES DE MODELO DE NEGOCIO"" ETAPA 1 - CONCEPCAO, DESENHO E PLANEJAMENTO";ELZO ALVES ARANHA;IEPG;02/10/2019;31/03/2020;SIM; R$ -   ; R$ -   
23088.011974/2019-10;2020;PLANEJAMENTO, ORGANIZACAO E REALIZACAO DO SEMINARIO DE MODELO DE NEGOCIO;ELZO ALVES ARANHA;IEPG;13/06/2019;31/10/2019;SIM; R$ -   ; R$ -   
23088.001910/2020-44;2020;TESTES DE PROFICIENCIA EM ELIMINADORES DE AR;MARCIA VIANA LISBOA MARTINS;IRN;03/02/2020;02/02/2021;NÃO; R$ 5.500,00 ;
23088.024401/2017-94;2020;ENSAIO DE EFICIENCIA DE BOMBAS CENTRIFUGAS;ROBERTO ALVES DE ALMEIDA;IRN;01/01/2018;31/12/2018;NÃO; R$ 264.000,00 ;
23088005807/2019-30;2020;ENSAIO DE EFOCOENCIA DE BOMBAS HIDRULICAS;ROBERTO ALVES DE ALMEIDA;IRN;01/01/2019;31/01/2019;NÃO; R$ 179.200,00 ;
23088.021498/2019-45;2020;MINI-CURSO DE INFRAESTRUTURA E ORGANIZACAO DE COMPUTADORES;THATYANA DE FARIA PIOLA SERAPHIM;IESTI;14/10/2019;28/10/2019;SIM; R$ -   ; R$ -   
23499.001540/2019-70;2020;UNIFEI FINANCE ITABIRA;RONARA CRISTINA BOZI DOS REIS;ICPA;16/10/2019;15/10/2020;NÃO; R$ -   ; R$ -   
23499.001691/2019-28;2019;MARE DE RACIOCINIO;FLAVIA DA SILVA CORDEIRO;ITABIRA;30/10/2019;18/12/2019;SIM; R$ -   ; R$ -   
23499.001975/2019-14;2020;AVALIACAO DE PARAMETROS DE QUALIDADE DO SOLO E IMPLICACOES NOS CURSOS FLUVIAIS EM MICROBACIAS HIDROGRAFICAS DA SERRA DO ESPINHACO;FERNANDA MARIA BELOTTI;ICPA;01/01/2020;31/12/2020;NÃO; R$ -   ; R$ -   
23088.001041/2020-58;2020;INTEGRA UNIFEI 2020;RODRIGO SILVA LIMA;IMC;02/03/2020;13/03/2020;SIM; R$ -   ; R$ -   
23499.001550/2019-13;2020;CULTURA DE PREVENCAO CONTRA INCENDIO E DESASTRES NAS ESCOLAS DE ENSINO INFANTIL E FUNDAMENTAL;ANNA RITA TOMICH MAGALHAES FELIPPE;ICPA;25/11/2019;20/12/2020;NÃO; R$ -   ; R$ -   
CR016-2018;2018;MUSCALIZANDO;FLAVIA FERNANDA CARVALHO MOTTA BARBIERI;PROEX;03/05/2018;13/12/2018;SIM; R$ -   ; R$ -   
CR014-2019;2019;ARTES DO CORPO;FLAVIA FERNANDA CARVALHO MOTTA BARBIERI;PROEX;21/03/2019;10/10/2019;SIM; R$ -   ; R$ -   
CR013-2019;2019;RABISCANDO;FLAVIA FERNANDA CARVALHO MOTTA BARBIERI;PROEX;07/03/2019;07/08/2019;SIM; R$ -   ; R$ -   
CR012-2019;2019;CIA TEATRAL D EFEITOS;FLAVIA FERNANDA CARVALHO MOTTA BARBIERI;PROEX;11/02/2019;06/12/2019;SIM; R$ -   ; R$ -   
PJ011-2019;2019;CURSO ASSISTENCIAL AMIGOS DE ITAJUBÁ;FLAVIA FERNANDA CARVALHO MOTTA BARBIERI;PROEX;25/07/2019;31/12/2019;SIM; R$ -   ; R$ -   
23088.013030/2019-87;2020;ALIANÇA BIBLICA UNIVERSITÁRIA DO BRASIL;PAULO FERNANDO RIBEIRO;ISEE;12/06/2019;12/06/2020;SIM; R$ -   ; R$ -   
23499.001786/2017-80;2020;DESENVOLVIMENTO EMPREENDEDOR NO ESPAÇO DE CO-WORKING PUBLICO ITABIRA HUB;LILIAN BARROS PEREIRA CAMPOS;ICPA;15/12/2017;14/12/2018;SIM; R$ -   ; R$ -   
CR001-2020;2020;IMPLEMENTACOES ENXUTAS:MANUFATURA, ADMINISTRATIVO E CLINICO-HOSPITALAR;JOSE ANTONIO DE QUEIROZ;IEPG;06/03/2020;18/07/2020;SIM; R$ 72.000,00 ; R$ 72.000,00 
CR002-2020;2020;SIMULACAO DOS SISTEMAS PRODUTIVOS:CONSTRUCAO DE MODELOS PRA TOMADAS DE DECISOES ESTRATEGIAS APTIV - PARAISOPOLIS MG ;JOSE ANTONIO DE QUEIROZ;IEPG;01/02/2020;15/02/2020;SIM; R$ -   ; R$ -   
CR003-2020;2020;TREINAMENTO EM CONTROLE ESTATÍSTICO DA QUALIDADE;ANTONIO FERNANDO BRANCO COSTA;IEPG;02/03/2020;30/04/2020;SIM; R$ -   ; R$ -   
CR004-2020;2020;CAPACITACAO SOBRE OS CONCEITOS E FERRAMENTAS DA QUALIDADE PARA OS DISCENTES INTEGRANTES DA UNIFEI JR;JULIANA HELENA DAROZ GAUDENCIO ;IEPG;14/02/2020;14/02/2020;SIM; R$ -   ; R$ -   
CR005-2020;2020;DESENVOLVIMENTO BASEADO EM MODELO UTILIZANDO A PLATAFORMA PEGA;LAERCIO AUGUSTO BALDOCHI JUNIOR;IMC;02/03/2020;16/07/2020;SIM; R$ -   ; R$ -   
CR006-2020;2020;PARTICIPAÇÃO EM PROGRAMA DE FORMAÇÃO E CAPACITAÇÃO EM INOVAÇÃO DE PROCESSOS DE AVALIAÇÃO DE INVESTIMENTOS EM PPPS: ENGENHARIA ECONÔMICA I E II;EDSON DE OLIVEIRA PAMPLONA;IEPG;04/05/2020;03/11/2020;SIM; R$ 27.600,00 ; R$ 27.600,00 
CR008-2020;2020;LONGE DE CASA;LUCIANA DA SILVA CARETTI;DAE;23/03/2020;27/04/2020;SIM; R$ -   ; R$ -   
CR009-2020;2020;CURSO DE CAPACITACAO EM MATEMATICA - Geogebra;ANA PAULA DE PAIVA PEREIRA;ICPA;20/03/2020;18/12/2020;SIM; R$ -   ; R$ -   
CR010-2020;2020;DISCIPLINA A SER MINISTRADA NO CURSO DE PÓS-GRADUAÇÃO NA FAI;JULIANA HELENA DAROZ GAUDENCIO ;IEPG;25/04/2020;20/06/2020;SIM; R$ 2.517,50 ; R$ 2.517,50 
CR011-2020;2020;ESCRITA ACADEMICA EM INGLES;VALERIA FONSECA LEITE;IEPG;13/04/2020;26/06/2020;SIM; R$ -   ; R$ -   
CR012-2020;2020;CURSO DE FOTOGRAFIA PARA OS VENCEDORES DE CONCURSO PROMOVIDO PELA PREFEITURA DE ITAJUBA;CLEBER GONCALVES JUNIOR;IEPG;17/06/2020;15/07/2020;SIM; R$ -   ; R$ -   
CR013-2020;2020;CURSO BASICO DE ATUALIZACAO DE MODELO DE NEGOCIO;ELZO ALVES ARANHA;IEPG;28/05/2020;07/08/2020;SIM; R$ -   ; R$ -   
CR014-2020;2020;CURSO ABC DO PLANEJAMENTO E GESTÃO DE CARREIRA;JAMES LACERDA MAIA;Itabira;17/06/2020;18/06/2020;SIM; R$ -   ; R$ -   
EV001-2020;2020;OFICINA DE EDUCACAO FINANCEIRA;ANDRE LUIZ MEDEIROS;IEPG;19/02/2020;19/02/2020;SIM; R$ -   ; R$ -   
EV002-2020;2020;AULA MAGNA: STAR NO MEU FUTURO;ANDRE LUIZ MEDEIROS;IEPG;20/02/2020;20/02/2020;SIM; R$ -   ; R$ -   
EV003-2020;2020;7º SEMINARIO DE ENGENHARIA ELETRICA, CONTROLE E AUTOMACAO E COMPUTACAO;LUIZ FELIPE PUGLIESE;ITABIRA;09/03/2020;11/09/2020;SIM; R$ -   ; R$ -   
EV004-2020;2020;CINEMA E DEBATE;ROGERIO RODRIGUES;IFQ;25/03/2020;06/08/2020;SIM; R$ -   ; R$ -   
EV005-2020;2020;SEMANA DA SAUDE E SEGURANCA - SEMSSEG;LUCIANA DE MELO GOMIDES;ITABIRA;06/04/2020;22/05/2020;SIM; R$ -   ; R$ -   
EV006-2020;2020;ENCONTROS VIRTUAIS DE PRATICAS PEDAGOGICAS DE EDUCACAO EMPREENDEDORA EM ENGENHARIA;ELZO ALVES ARANHA;IEPG;24/04/2020;19/06/2020;SIM; R$ -   ; R$ -   
EV008-2020;2020;AERODAY 2020;PATRICIA DA SILVA LOPES ALEXANDRINO;IEM;28/05/2020;28/05/2020;SIM; R$ -   ; R$ -   
EV009-2020;2020;ENCONTRO VIRTUAL NACIONAL - A EDUCACAO EMPREENDEDORA EM ENGENHARIA: UMA AGENDA ESTRATEGICA DE DESENVOLVIMENTO ECONOMICO E SOCIAL SUSTENTAVEL PARA O BRASIL;ELZO ALVES ARANHA;IEPG;26/05/2020;26/06/2020;SIM; R$ -   ; R$ -   
EV010-2020;2020;V SEMANA DE QUIMICA (SEMQ);MAURICIO SILVA DOS SANTOS;IFQ;02/06/2020;19/06/2020;SIM; R$ -   ; R$ -   
PD001-2020;2020;TEXTO CIENTIFICO SOBRE INCIDENCIA DE RADIACAO ULTRAVIOLETA NO INVERNO BRASILEIRO;MARCELO DE PAULA CORREA;IRN;31/03/2020;30/04/2020;SIM; R$ 8.000,00 ; R$ 8.000,00 
PD002-2020;2020;ENSAIOS ELETRICOS;ESTACIO TAVARES WANDERLEY NETO;ISEE;18/03/2020;17/07/2020;SIM; R$ 22.988,50 ; R$ 22.988,50 
PJ001-2020;2020;SINTA_UNIFEI;RENATO KLIPPERT BARCELLOS;IMC;01/03/2020;28/10/2020;SIM; R$ -   ; R$ -   
PJ002-2020;2020;EQUIPES DE COMPETICAO DE MARATONA DE PROGRAMACAO EM ITABIRA;PAULO JOSE LAGE ALVARENGA;ICT;01/03/2020;31/12/2020;SIM; R$ -   ; R$ -   
PJ003-2020;2020;EQUIPE UAI!RRIOR DE ROBOTICA;TALES CLEBER PIMENTA;IESTI;02/03/2020;31/12/2020;SIM; R$ -   ; R$ -   
PJ005-2020;2020;CHEETAH E-RACING UNIFEI;JULIANA CAMINHA NORONHA;IEPG;03/03/2020;31/12/2020;SIM; R$ -   ; R$ -   
PJ006-2020;2020;CHEETAH RACING UNIFEI;BRUNO SILVA DE SOUSA;IEM;02/03/2020;31/12/2020;SIM; R$ -   ; R$ -   
PJ007-2020;2020;COYOTES MOTORACING UNIFEI;PAULO PEREIRA JUNIOR;IEM;01/03/2020;31/12/2020;SIM; R$ 10.000,00 ; R$ 10.000,00 
PJ008-2020;2020;DESENVOLVIMENTO DE AERONAVES NÃO TRIPULADAS PARA A INTERNATIONAL MICRO AIR VEHICLE COMPETIOTION AND CONFERECEN (imav);BRUNO GUAZZELLI BATISTA;IMC;01/03/2020;31/12/2020;SIM; R$ 9.958,14 ; R$ 9.958,14 
PJ009-2020;2020;DEV-U;ELISA DE CASSIA SILVA RODRIGUES;IMC;02/03/2020;31/12/2020;SIM; R$ -   ; R$ 9.990,00 
PJ010-2020;2020;DRUMONSTERS - ENGENHARIA APLICADA;JULIANO DE ALMEIDA MONTE-MOR;ICT;04/03/2020;31/12/2020;SIM; R$ 9.990,00 ; R$ 9.955,00 
PJ011-2020;2020;ECOVEICULO COMBUSTAO;JOSE HAMILTON CHAVES GORGULHO JUNIOR;IEPG;02/03/2020;31/12/2020;SIM; R$ 9.955,00 ; R$ 9.687,00 
PJ012-2020;2020;ECOVEICULO ELETRICO;GABRIEL ANTONIO FANELLI DE SOUZA;IESTI;02/03/2020;31/12/2020;SIM; R$ 9.687,00 ; R$ 10.309,90 
PJ013-2020;2020;EPIC CODERS - MARTONA DE PROGRAMACAO;ROBERTO AFFONSO DA COSTA JUNIOR;IMC;02/03/2020;31/12/2020;SIM; R$ 10.309,90 ; R$ 10.000,00 
PJ014-2020;2020;EQUIPE BAJA SACI;JEAN CARLO CESCON PEREIRA;IEM;01/03/2020;31/12/2020;SIM; R$ 10.000,00 ; R$ 10.000,00 
PJ015-2020;2020;EQUIPE ROBOK;LUIZ LENARTH GABRIEL VERMAAS;IESTI;02/03/2020;31/12/2020;SIM; R$ 10.000,00 ; R$ 9.999,99 
PJ016-2020;2020;KRAKENSAUVS;HUGO PERAZZINI;IRN;01/03/2020;31/12/2020;SIM; R$ 9.999,99 ; R$ 9.912,00 
PJ017-2020;2020;LOTS AERODESIGN;RUBEN ALEXIS MIRANDA CARRILLO;IEI;01/03/2020;31/12/2020;SIM; R$ 9.912,00 ; R$ 9.976,66 
PJ018-2020;2020;NEWARMSTRONG;DEAN BICUDO KAROLAK;ICT;02/03/2020;31/12/2020;SIM; R$ 9.976,66 ; R$ 10.000,00 
PJ019-2020;2020;UIRÁ AERODESIGN;YOHAN ALI DIAZ MENDEZ;IEM;01/03/2020;31/12/2020;SIM; R$ 10.000,00 ; R$ 10.000,00 
PJ020-2020;2020;UIRA MICRO;GUILHERME FERREIRA GOMES;IEM;01/03/2020;31/12/2020;SIM; R$ 10.000,00 ; R$ 9.912,00 
PJ021-2020;2020;VEICULO BAJA-SAE;JOSE CARLOS DE LACERDA;IEI;01/03/2020;31/12/2020;SIM; R$ 9.912,00 ; R$ 10.000,00 
PJ022-2020;2020;WRECKING BALL COMPETICAO DE CONCRETO;VALQUIRIA CLARET DOS SANTOS;IRN;02/03/2020;31/12/2020;SIM; R$ 10.000,00 ; R$ 9.600,00 
PJ024-2020;2020;NEXTATLAS - PLATAFORMA DE PLANEJAMENTO DE VOO PARA PILOTOS;ELISA DE CASSIA SILVA RODRIGUES;IMC;16/03/2020;31/12/2020;SIM; R$ 9.600,00 ; R$ 9.600,00 
PJ026-2020;2020;SISTEMA DE WORKFLOW DE APROVACAO DE PROJETOS MUNHICIPAIS;ADLER DINIZ DE SOUZA;IMC;01/03/2020;31/12/2020;SIM; R$ 9.600,00 ; R$ 18.000,00 
PJ027-2020;2020;CEREUS FLOC COAGULANTE NATURAL PARA O TRATAMENTO DE AGUA, ESGOTO E EFLUENTE;MILADY RENATA APOLINARIO DA SILVA;IFQ;02/03/2020;31/12/2020;SIM; R$ 18.000,00 ; R$ 18.000,00 
PJ028-2020;2020;DESENVOLVIMENTO DE SISTEMA DE CONTROLE E AQUISIÇAO DE DADOS DE VOO PARA VANTS;YOHAN ALI DIAZ MENDEZ;IEM;01/03/2020;31/12/2020;SIM; R$ 17.208,00 ; R$ 17.208,00 
PJ029-2020;2020;PROCESSAMENTO TERMICO DE APARAS DE COURO DA RGIAO DE CRISTINA MG PARA OBTENCAO DE PIGMENTOS CERAMICOS E COGERACAO DE ENERGIA ELETRICA;ROSSANO GIMENES;IFQ;02/03/2020;31/12/2020;SIM; R$ 18.000,00 ; R$ 18.000,00 
PJ030-2020;2020;SISTEMA DE DESAGREGACAO DO CONSUMO DE ENERGIA ELETRICA EM RESIDENCIAS;EDVARD MARTINS DE OLIVEIRA;IESTI;15/03/2020;31/12/2020;SIM; R$ 16.550,00 ; R$ 16.550,00 
PJ031-2020;2020;SIMPLE JURIS;ISABEL CRISTINA DA SILVA ARANTES;IEPG;01/03/2020;31/12/2020;SIM; R$ 14.400,00 ; R$ 14.400,00 
PJ032-2020;2020;AUTOMATIZACAO DE LIXEIRA PARA COLETA INTELIGENTE DE VIDRO;VICTOR EDUARDO DE MELLO VALERIO;IEPG;02/03/2020;31/12/2020;SIM; R$ 4.995,00 ; R$ 4.995,00 
PJ033-2020;2020;ENGENHEIROS SEM FRONTEIRAS - NUCLEO ITABIRA;GABRIELA DA FONSECA DE AMORIM;ITABIRA;02/03/2020;31/12/2020;SIM; R$ 9.990,00 ; R$ 9.990,00 
PJ034-2020;2020;EDUCACAO + e - LIXO: ENSINO DE ROBOTICA PARA ESTUDANTES DE ESCOLAS PUBLICAS COM A REUTILIZAÇAO DO LIXO ELETRONICO;LEONARDO BRESEGHELLO ZOCCAL;IESTI;01/03/2020;31/12/2020;SIM; R$ 10.000,00 ; R$ 10.000,00 
PJ036-2020;2020;CONEXAO DOS SABERES;JULIANA ESTACIO RIOS;IEPG;02/03/2020;31/12/2020;SIM; R$ 10.000,00 ; R$ 10.000,00 
PJ037-2020;2020;CICLO DE OFICINAS EM HABILIDADES SOCIAIS;MARCELLE NUNES ARAUJO;ITABIRA;01/04/2020;31/12/2020;SIM; R$ 3.374,00 ; R$ 3.374,00 
PJ039-2020;2020;FORMACAO DE PROFESSORFES PARA A INTERDISCIPLINARIDADE ARTICULANDO ENSINO DE CIENCIAS, MATEMATICA E EDUCACAO FISICA;MARCELA DE MORAES AGUDO;IRN;02/03/2020;31/12/2020;SIM; R$ 9.996,80 ; R$ 9.996,80 
PJ040-2020;2020;TECNOLOGIAS EMERGENTES A SERVIÇO DA APRENDIZAGEM;JULIANA MARIA SAMPAIO FURLANI;IFQ;16/03/2020;31/12/2020;SIM; R$ 10.000,00 ; R$ 10.000,00 
PJ041-2020;2020;OLIMPIADA REGIONAL DE ITAJUBA DE INFORMATICA;ROBERTO AFFONSO DA COSTA JUNIOR;IMC;09/03/2020;30/11/2020;SIM; R$ 5.000,00 ; R$ 5.000,00 
PJ042-2020;2020;REDE CAMACO ECONOMIA SOLIDARIA NA PERIFERIA E TECNOLOGIA SOCIAL DA AGRICULTURA FAMILIAR EM ITABIRA;LEONARDO FERREIRA REIS;ITABIRA;02/03/2020;30/11/2020;SIM; R$ 9.699,20 ; R$ 9.699,20 
PJ043-2020;2020;COMUNIDADES QUE SUSTENTAM A AGRICULTURA (csa): FORTALECUMENTO DA COMERCIALIZAÇAO DOS AGRICULTORES FAMILIARES ORGANICOS DA PEROBA (Itajubá)mg;VIVIANE GUIMARAES PEREIRA;IEPG;16/03/2020;15/12/2020;SIM; R$ 10.000,00 ; R$ 10.000,00 
PJ045-2020;2020;"INTECOOP ITAQJUBA; PROMOVENDO TRABALHO E RNDA PARA AS FAMILIAS EM SITUACAO DE VULNERABILIDADE SOCIOECONIMICA";CARLOS EDUARDO CORREA MOLINA;IEM;09/03/2020;18/12/2020;SIM; R$ 10.000,00 ; R$ 10.000,00 
PJ046-2020;2020;ELABORACAO DE UM PROJETO DE ESTACAO DE TRATAMENTO DE ESGOTOS DOMESTICOS NA REGIAO CENTRAL E IMPLANTACAO DE SISTEMAS DESCENTRALIZADORES EM DUAS RESIDENCIAS NO BAIRRO PESSEGUEIRO, ZONA RURAL, ITAJUBA MG;ANA LUCIA FONSECA;IRN;01/04/2020;31/12/2020;SIM; R$ 10.000,00 ; R$ 10.000,00 
PJ047-2020;2020;cOMcIENCIA: DESENVOLVIMENTO DA COLETA SELETIVA DE VIDRO NO MUNICIPIO DE ITAJUBA E EMPODERQAMENTO DA COOPERATIVAS DA RECICLAGEM;DENISE RANSOLIN SORANSO;IEPG;04/03/2020;31/12/2020;SIM; R$ 10.000,00 ; R$ 10.000,00 
PJ048-2020;2020;APRIMORAMENTO DA ATUACAO DOS MEMBROS DOS ORGAOS AMBIENTAIS MUNICIPAIS DE ITAJUBÁ/MG E DAS DEMAIS CIDADES DA REGIAO;MARIA RITA RAIMUNDO E ALMEIDA;IRN;02/03/2020;30/10/2020;SIM; R$ 6.400,00 ; R$ 6.400,00 
PJ050-2020;2020;PROJETO PASSARINHANDO:OBSERVAÇÃO DE AVES E MONITORAMENTO PARTICIPATIVO COMO ESTRATEGIAS PARA RECONEXAO SOCIOAMBIENTAÇ E CONSERVACAO DOS RECURSOS NATURAIS;THIAGO VERNASCHI VIEIRA DA COSTA;IRN;01/03/2020;31/12/2020;SIM; R$ 6.407,00 ; R$ 6.407,00 
PJ051-2020;2020;CAPACITACAO DE PROFISSIONAIS DE ENGENHARIA PARA REDUCAO DE PERDAS DE AGUA EM SISTEMAS DE SANEAMENTO;FERNANDO DAS GRACAS BRAGA DA SILVA;IRN;03/03/2020;31/12/2020;SIM; R$ 4.800,00 ; R$ 4.800,00 
PJ052-2020;2020;COLOQUIOS INTERDISCIPLINARES;EDUARDO HENRIQUE SILVA BITTENCOURT;IFQ;19/03/2020;19/11/2020;SIM; R$ 7.740,00 ; R$ 7.740,00 
PJ053-2020;2020;TREINAMENTO DA OBMEP TERCEIRO NIVEL;RICK ANTONIO RISCHTER;IMC;02/03/2020;05/12/2020;SIM; R$ 10.000,00 ; R$ 10.000,00 
PJ054-2020;2020;O MUNDOI DA AERONAUTICA;PATRICIA DA SILVA LOPES ALEXANDRINO;IEM;01/03/2020;29/12/2020;SIM; R$ 10.000,00 ; R$ 10.000,00 
PJ055-2020;2020;VIDEOS CIENTIFICOS EM TAMANHO GIGANTE;WILTON DA SILVA DIAS;IFQ;22/03/2020;20/12/2020;SIM; R$ 8.000,00 ; R$ 8.000,00 
PJ056-2020;2020;A FOTOGRAFIA E CIENCIA E ARTE;ROBERTO SHIGUERU NOBUYASU JUNIOR;IFQ;02/03/2020;30/10/2020;SIM; R$ 4.190,00 ; R$ 4.190,00 
PJ057-2020;2020;TIME ENACTUS UNIFEI ITAJUBA;LUIZ EUGENIO VENEZIANI PASIN;IEPG;09/03/2020;30/12/2020;SIM; R$ 10.000,00 ; R$ 10.000,00 
PJ060-2020;2020;PRESTACAO DE SERVICO DO LABORATORIO DE CARACTERIZACAO ESTRUTURAL PARA EMPRESAS PRIVADAS;GEOVANI RODRIGUES;IEM;06/03/2020;31/12/2020;SIM; R$ 11.279,16 ; R$ 11.279,16 
PJ061-2020;2020;APLICATIVO PARA O ENSINO DE SILABAS SIMPLES, LEITURA COMBINATORIA E LEITURA COM COMPREENSAO PARA PESSOAS COM AUTISMO ;GUILHERME SOUSA BASTOS;IESTI;01/03/2020;10/12/2020;SIM; R$ 16.020,00 ; R$ 16.020,00 
PJ062-2020;2020;ANALISE DO COMPORTAMENTO APLICADA (ABA) PARA AINCLUSAO DE CRIANCAS COM O TRANSTORNO DO ESPECTRO (TEA) EM ESCOLAS MUNICIPAIS DE ITAJUBA;GUILHERME SOUSA BASTOS;IESTI;09/03/2020;10/12/2020;SIM; R$ 10.000,00 ; R$ -   
PJ063-2020;2020;FORRO DO LINDO;LINDOMAR MATIAS GONCALVES;ITABIRA;02/03/2020;31/12/2020;SIM; R$ 9.699,20 ; R$ 9.699,20 
PJ064-2020;2020;CONVERSAS CRUZADAS: GENERO, RAÇA E INCLUSAO;PAULO CEZAR NUNES JUNIOR;IFQ;02/03/2020;15/12/2020;SIM; R$ -   ; R$ -   
PJ065-2020;2020;ELABORACAO DE PROTOTIPO DE RESPIRADOR MECANICO DE BAIXO CUSTO;CARLOS HENRIQUE PEREIRA MELLO;IEPG;09/04/2020;31/07/2020;SIM; R$ -   ; R$ -   
PJ066-2020;2020;PROJETOS DE MAPAS 3D PARA INCLUSAO E ACESSIBILIDADE DE PESSOAS COM DEFICIENCIA VISUAL - PARTE ii - EXPANSAO PARA OS PREDIOS DA REITORIA E DO RESTAURANTE UNIVERSITARIO;JESUS ANTONIO GARCIA SANCHEZ;IEM;01/03/2020;31/12/2020;SIM; R$ 10.000,00 ; R$ 10.000,00 
PJ067-2020;2020;UNIVERSIDADE CULTURA: ESTIMULANDO A CULTURA NA CIDADE DE ITAJUBÁ;FLAVIA FERNANDA CARVALHO DA MOTTA;PROEX;01/03/2020;31/12/2020;SIM; R$ -   ; R$ -   
PJ068-2020;2020;MAQUINAS DE LEONARDO DA VINCI 2020;EDELMA ELETO DA SILVA;ITABIRA;05/03/2020;31/12/2020;SIM; R$ 7.200,00 ; R$ 7.200,00 
PJ069-2020;2020;MEDMAKER;JULIANA CAMINHA NORONHA;IEPG;13/04/2020;14/12/2020;SIM; R$ 6.000,00 ; R$ 6.000,00 
PJ070-2020;2020;"PARTICIPACAO NO PODCAST  ""GATA VIRA-LATA"" SOBRE O TEMA ""MULHERES NA CIENCIA""";THAIS SUZANE MILESSI ESTEVES;IRN;17/04/2020;17/04/2020;SIM; R$ -   ; R$ -   
PJ071-2020;2020;ARTE CORAL E TEATRAL PARA O DESENVOLVIMENTO DE CRIANCAS E JOVENS COM TRANSTORNOS DO ESPECTRO AUTISTA;MARIA ELENA LEYVA GONZALEZ;IFQ;02/03/2020;21/12/2020;SIM; R$ 10.000,00 ; R$ 10.000,00 
PJ079-2020;2020;MOMENTO DA CIENCIA;GISELLE DE PAULA QUEIROZ CUNHA;ITABIRA;01/06/2020;31/12/2020;SIM; R$ -   ; R$ 1.274,00 
PJ049-2020;2020;DISSEMINACAO DA AQUAPONIA EM ESCOLAS PUBLICAS DE ITAJUBA;ALEXANDRE AUGUSTO BARBOSA;IRN;01/03/2020;22/12/2020;SIM; R$ 1.274,00 ; R$ 1.274,00 
PJ078-2020;2020;CONCEPCAO E DESENVOLVIMENTO DE UMA PLATAFORMA DE TESTE PARA VEICULO AUTONOMO EM AMBIENTES DE TRABALHO;GIOVANI BERNARDES VITOR;ICT;01/06/2020;31/12/2020;SIM; R$ -   ; R$ -   
PJ077-2020;2020;IRON RACERS;LEONARDO ALBERGARIA OLIVEIRA;IEI;17/03/2020;31/12/2020;SIM; R$ -   ; R$ -   
PJ076-2020;2020;PRESTACAO DE SERVICOS DE MATALOGRAFIA, ENSAIOS MECANICOS, ANALISE DE COMPOSICAO QUIMICA, MICROSPIA OTICA, TRATAMENTOS TERMICOS, MEDICAO DE DUREZA, MEDICAO DE ESPESSURA POR ULTRASSOM E QUALIFICACAO DE SOLDADORES E QAULIFICACAO DE PROCESSOS DE SOLDAGEM;EDMILSON OTONI CORREA;IEM;25/05/2020;31/12/2020;SIM; R$ 18.214,89 ; R$ 18.214,89 
PJ075-2020;2020;SUPERANDO SO EFEITOS ECONOMICOS DA COVID-19: PROJETO DENARIUS, UNIFEI SICOOB SUL DE MINAS DE APOIO AS MICRO, PEQUENAS E MÉDIAS EMPRESAS DE ITAJUBA;ANDRE LUIZ MEDEIROS;IEPG;14/05/2020;31/08/2020;SIM; R$ -   ; R$ -   
PJ074-2020;2020;PROJETO , TESTE E PRODUCAO DE CUPULA DE INCUBACAO PARA ENFRENTAMENTO DA COVID-19;CARLOS HENRIQUE PEREIRA MELLO;IEPG;11/05/2020;30/10/2020;SIM; R$ -   ; R$ -   
PJ081-2020;2020;CAFE DE PROSA;CLEBER GONCALVES JUNIOR;IEPG;09/06/2020;31/12/2020;SIM; R$ -   ; R$ -   
PD003-2020;2020;INSPECAO EM ENSAIOS EM ISOLADORES E TRANSFORMADORES;ESTACIO TAVARES WANDERLEY NETO;ISEE;01/06/2020;31/12/2020;SIM; R$ 14.387,30 ; R$ 14.387,30 
EV007-2020;2020;PARTICIPACAO COMO PALESTRANTE EM EVENTO ON LINE ORGANIZADO PELA UNIVERSIDADE DO ESTADO DO MATO GROSSO (UNMET) - FACULDADE DE CIENCIAS EXATAS E TECNOLOGICAS, CAMPIS SINOP;ELZO ALVES ARANHA;IEPG;20/05/2020;22/05/2020;SIM; R$ -   ; R$ -   
PD004-2020;2020;ESTUDO DO IMPACTO DOS PROCESSOS DE DESCONTAMINAÇÃO DE PCB NO DESEMPENHO DE TRANSFORMADORES;ESTACIO TAVARES WANDERLEY NETO;ISEE;22/06/2020;31/12/2020;SIM; R$ 24.828,09 ; R$ 24.828,09 
PJ085-2020;2020;DESENVOLVIMENTO BASEADO EM MODELO UTILIZANDO A PLATAFORMA PEGA;LAERCIO AUGUSTO BALDOCHI JUNIOR;IMC;10/07/2020;31/08/2020;SIM; R$ 2.600,00 ; R$ 2.600,00 
PJ084-2020;2020;TESTE DE USABILIDADE EM EQUIPAMENTOS MEDICOS;EGON LUIZ MULLER JUNIOR;IESTI;03/07/2020;31/12/2020;SIM; R$ 46.533,33 ; R$ 46.533,33 
PJ083-2020;2020;CONFLITOS RURAIS DO MEDIO RIO DOCE (MG): RESISTENCIA DE COMUNIDADES QUILOMBOLAS E A GRANDES EMPREENDIMENTOS ECONOMICOS;LEONARDO FERREIRA REIS;ICPA;18/06/2020;31/12/2020;SIM; R$ 36.307,00 ; R$ 36.307,00 
PJ080-2020;2020;SEMEANDO CIENTISTAS;ROSSANO GIMENES;IFQ;02/03/2020;31/12/2020;SIM; R$ 9.989,60 ; R$ 9.989,60 
CR016-2020;2020;MACROS E VBA PARA PLANILHAS ELETRONICAS;CARLOS HENRIQUE PEREIRA MELLO;IEPG;28/07/2020;18/12/2020;SIM; R$ -   ; R$ 20.700,00 
CR015-2020;2020;OFICINAS TEMATICAS;LUCIANA DA SILVA CARETTI;DAE;23/07/2020;30/10/2020;SIM; R$ -   ; R$ -   
PJ086-2020;2020;VIRTUAL - DESENVOLVIMENTO DE SISTEMA DE REALIDADE VIRTUAL E AUMENTADA PARA TREINAMENTO E AUXILIO A MANUTENCAO;CARLOS HENRIQUE PEREIRA MELLO;IEPG;01/08/2020;31/12/2020;SIM; R$ 20.700,00 ; R$ 20.700,00 
PJ087-2020;2020;CRIA;JULIANA CAMINHA NORONHA;IEPG;01/08/2020;31/12/2020;SIM; R$ -   ; R$ -   
PJ091-2020;2020;RH DE ELITE - ESTUDO E DEBATE;JULIANA ESTACIO RIOS;IEPG;16/06/2020;15/12/2020;SIM; R$ -   ; R$ -   
PJ092-2020;2020;ESTUDO DIAGNOSTICO DE LINHAS DE PROCESSOS DA BASF;SILMARA CRISTINA BALDISSERA KABAYAMA;IEM;11/08/2020;30/12/2020;SIM; R$ 36.165,02 ; R$ 36.165,02 
PJ093-2020;2020;USO DE DRONES NA ADMINISTRACAO DE MEDICAMENTOS E MONITORAMENTO DE PACIENTES COM COVID-19;ALEXANDRE CARLOS BRANDAO RAMOS;IMC;01/08/2020;31/12/2020;SIM; R$ 5.748,46 ; R$ 5.748,46 
PJ094-2020;2020;PLATAFORMA UNIFICADA DE GERENCIAMENTO DE DADOS MÉDICOS;TALES CLEBER PIMENTA;IESTI;10/08/2020;31/12/2020;SIM; R$ 6.000,00 ; R$ 6.000,00 
PJ096-2020;2020;MEDMAKER - CICLO 2;JULIANA CAMINHA NORONHA;IEPG;03/08/2020;31/12/2020;SIM; R$ 6.000,00 ; R$ 6.000,00 
CR017-2020;2020;INVESTIMENTOS;CLEBER GONCALVES JUNIOR;IEPG;03/08/2020;14/08/2020;SIM; R$ -   ; R$ -   
PJ101-2020;2020;ENSAIOS LABORATORIAIS PARA CARACTERIZAÇÃO DE MATERIAIS E ESTRUTURAS;ANTONIO CARLOS ANCELOTTI JUNIOR;IEM;17/08/2020;31/12/2020;SIM; R$ 50.000,00 ; R$ 50.000,00 
PJ100-2020;2020;NOVO NORMAL DE CINEMA & DEBATE;ROGERIO RODRIGUES;IFQ;10/08/2020;21/12/2020;SIM; R$ -   ; R$ -   
PJ099-2020;2020;APLICACAO DE METODOS COMPUTACIONAIS PARA PREVISAO DE DURACAO E FREQUENCIA DE INTERRUPCAO DE ENERGIA EM ESTACOES DSITRIBUIDORAS - FASE 3;BRUNO GUAZZELLI BATISTA;IESTI;17/08/2020;31/12/2020;SIM; R$ -   ; R$ -   
PJ098-2020;2020;ANALISE ESPACIAL DE LAUDOS PERICIAIS DE QUIMICA EM MINAS GERAIS;VANESSA CRISTINA OLIVEIRA DE SOUZA;IMC;12/08/2020;12/10/2020;SIM; R$ -   ; R$ -   
PJ097-2020;2020;DESENVOLVIMENTO DE APARATO DE DESINFECCAO DE PISOS EMPREGANDO EXPOSICAO CONTROLADA DE RADIACAO ULTRAVIOLETA;ROSSANO GIMENES;IFQ;11/08/2020;31/12/2020;SIM; R$ 5.831,00 ; R$ 5.831,00 
CR018-2020;2020;1º JORNADA DE FORMAÇÃO PROJETO SEMESTRALUNIFEI;LOURIVAL JORGE MENDES NETO;IEM;10/08/2020;21/08/2020;SIM; R$ -   ; R$ -   
PJ102-2020;2020;ECPCAST TRADIO 6938 - PARA QUE NOSSA VOZ ECOLOGICA ECOE;MARIA RITA RAIMUNDO E ALMEIDA;IRN;17/08/2020;30/10/2020;SIM; R$ -   ; R$ -   
EV014-2020;2020;FEIRA DE ESTAGIOS EM ENGENHARIAS DE ITABIRA - FEEI;TABATA FERNANDES PEREIRA;IEI;17/09/2020;31/12/2020;SIM; R$ -   ; R$ -   
EV013-2020;2020;SEMANA DA ENGENHARIA DE PRODUCAO - SEMEPRO - 2020;LUIZ GUILHERME AZEVEDO MAUAD;IEPG;21/08/2020;04/09/2020;SIM; R$ -   ; R$ -   
CR019-2020;2020;OFICINAS E APRENDIZAGEM;CLEIDE BEATRIZ GOMES DOS REIS;CEG-CI;26/08/2020;20/12/2020;SIM; R$ -   ; R$ -   
PJ110-2020;2020;SPORTUV 1;MARCELO DE PAULA CORREA;IRN;01/09/2020;31/12/2020;SIM; R$ -   ; R$ -   
PJ107-2020;2020;DESENVOLVIMENTO DE SOLUCAO COMPUTACIONAL PARA AUXILIAR A ANALISE DE DADOS DE PERICIAS CRIMINAIS EM MINAS GERAIS - PARTE 1 : EXTRACAO, VALIDACAO E CARGA DE DADOS;VANESSA CRISTINA OLIVEIRA DE SOUZA;IMC;03/09/2020;31/12/2020;SIM; R$ -   ; R$ -   
PJ105-2020;2020;DESENVOLVIMENTO DE DRONE AUTONOMO PARA APLICACAO DE REVESTIMENTO EM SUPERFICIES - PROJETO DAARS;KLEBER ROBERTO DA SILVA SANTOS;IESTI;01/09/2020;31/12/2020;SIM; R$ 25.490,32 ; R$ 25.490,32 
PJ104-2020;2020;ESTRUTURACAO DA PLATAFORMA DE HARDWARE PARA O SIMULADOR CAT793F;GIOVANI BERNARDES VITOR;ICT;01/09/2020;31/12/2020;SIM; R$ -   ; R$ 77.500,00 
EV015-2020;2020;VII SEMINARIO DE RECURSOS NATURAIS (SRN);THAIS SUZANE MILESSI ESTEVES;IRN;26/10/2020;30/10/2020;SIM; R$ -   ; R$ -   
EV016-2020;2020;WEBINAR DE ENGENHARIA HIDRICA: CRIANDO CAMINHOS E CONEXOES.;NIVEA ADRIANA DIAS PONS;IRN;22/09/2020;25/09/2020;SIM; R$ -   ; R$ -   
CR020-2020;2020;CURSO BASICO DE SIG;PATRICIA BALDINI DE MEDEIROS GARCIA;IEI;05/10/2020;30/11/2020;SIM; R$ -   ; R$ -   
PJ113-2020;2020;“UMA MAO LAVA A OUTRA”;ANA LUCIA FONSECA;IRN;08/09/2020;31/12/2020;SIM; R$ -   ; R$ -   
PJ112-2020;2020;REVISTA AMAN-TI-KYR: ESTUDOS INTERDISCIPLINARES EM EDUCACAO (ISSN 2526-124X);ALESSANDRA RODRIGUES;IFQ;02/09/2020;31/12/2020;SIM; R$ -   ; R$ -   
PJ111-2020;2020;ACOES DE EDUCACAO EM SAUDE E MEIO AMBIENTE PARA PREVENCAO E CONTROLE DA DENGUE: UM PROJETO NO BAIRRO CRUZEIRO, ITAJUBA (MG);ANA LUCIA FONSECA;IRN;08/09/2020;31/12/2020;SIM; R$ -   ; R$ -   
PJ117-2020;2020;DA RUA PARA A ESCOLA, DA ESCOLA PARA A RUA;HELENA MENDONCA FARIA;IEI;25/09/2020;19/12/2020;SIM; R$ -   ; R$ -   
PJ116-2020;2020;MODELAGEM E DESENVOLVIMENTO DE UM APLICATIVO MOVEL PARA AVALIACAO FISIOTERAPEUTICA NO PILATES - PARTE 1;VANESSA CRISTINA OLIVEIRA DE SOUZA;IMC;21/09/2020;31/12/2020;SIM; R$ -   ; R$ -   
PJ115-2020;2020;PROJECOES DE VARIAVEIS CLIMATICAS;MICHELLE SIMOES REBOITA;IRN;20/09/2020;20/12/2020;SIM; R$ 10.000,00 ; R$ 10.000,00 
PJ114-2020;2020;PROJECAO DE VAZOES AFLUENTES AS USINAS HIDRELETRICAS DA BACIA DO RIO PARANA;BENEDITO CLAUDIO DA SILVA;IRN;20/09/2020;20/12/2020;SIM; R$ 10.000,00 ; R$ 10.000,00 
CR022-2020;2020;PROJETOS DE LEAN MANUFACTURING (DISCIPLINA MINISTRADA A DISTANCIA EM SEIS SABADOS A TARDE);JOSE ANTONIO DE QUEIROZ;IEPG;19/09/2020;31/12/2020;SIM; R$ 3.734,14 ; R$ 3.734,14 
CR021-2020;2020;TREINAMENTO DE GOOGLE SHEETS;LUIZ EUGENIO VENEZIANI PASIN;IEPG;12/09/2020;26/09/2020;SIM; R$ -   ; R$ -   
EV025-2020;2020;SEMANA DE INVESTIMENTO AO VOLUNTARIO;LUIZ EUGENIO VENEZIANI PASIN;IEPG;19/10/2020;23/10/2020;SIM; R$ -   ; R$ -   
EV024-2020;2020;4º WEBINARIO CONVERSAS CRUZADAS - RELACOES ETNICO RACIAIS E EDUCACAO;PAULO CEZAR NUNES JUNIOR;IFQ;29/10/2020;29/10/2020;SIM; R$ -   ; R$ -   
EV023-2020;2020;3º WEBINARIO CONVERSAS CRUZADAS - SEXUALIDADE E EDUCACAO;PAULO CEZAR NUNES JUNIOR;IFQ;09/10/2020;09/11/2020;SIM; R$ -   ; R$ -   
EV022-2020;2020;2º WEBINARIO CONVERSAS CRUZADAS - INTERSECCIONALIDADE E EDUCACAO;PAULO CEZAR NUNES JUNIOR;IFQ;09/10/2020;31/10/2020;SIM; R$ -   ; R$ -   
EV021-2020;2020;ARRECADACAO DE BRINQUEDOS PARA SEMANA DA CRIANCA;LUIZ EUGENIO VENEZIANI PASIN;IEPG;07/10/2020;14/10/2020;SIM; R$ -   ; R$ -   
EV020-2020;2020;ARRECADACAO DE ALIMENTOS PARA FAMILIAS AFETADAS PELA PANDEMIA (COVID-19);LUIZ EUGENIO VENEZIANI PASIN;IEPG;19/10/2020;31/10/2020;SIM; R$ -   ; R$ -   
EV019-2020;2020;"PALESTRA E APRESENTACAO DE TRABALHOS DE ALUNOS NO ""I ENCUENTRO INTERNACIONAL VIRTUAL DE INVESTIGACION EN INGENIERIA MECANICA ENVIIMEC 2020""";ANGIE LIZETH ESPINOSA SARMIENTO;IEM;26/10/2020;30/10/2020;SIM; R$ -   ; R$ -   
EV018-2020;2020;1° WEBINARIO CONVERSAS CRUZADAS - GENERO E INCLUSAO;PAULO CEZAR NUNES JUNIOR;IFQ;05/10/2020;19/10/2020;SIM; R$ -   ; R$ -   
EV017-2020;2020;CULTIVA;LUIZ FELIPE SILVA;IRN;28/09/2020;02/10/2020;SIM; R$ -   ; R$ -   
CR025-2020;2020;METROLOGIA - INCERTEZA DE MEDICAO - MODALIDADE EAD;JOSE LEONARDO NORONHA;IEPG;20/10/2020;31/12/2020;SIM; R$ 46.200,00 ; R$ 46.200,00 
CR024-2020;2020;"CURSO BASICO DE CONTROLE DE PERDAS EM SISTEMAS DE DISTRIBUICAO DE AGUA ""GRATUITO PARA A COMUNIDADE""";FERNANDO DAS GRACAS BRAGA DA SILVA;IRN;19/11/2020;20/11/2020;SIM; R$ -   ; R$ 11.000,00 
CR023-2020;2020;"CURSO BASICO DE APLICACAO DE FERRAMENTA COMPUTACIONAL PARA SIMULACAO DE REDES DE DISTRIBUICAO DE AGUA ""GRATUITO PARA A COMUNIDADE""";FERNANDO DAS GRACAS BRAGA DA SILVA;IRN;27/11/2020;30/11/2020;SIM; R$ -   ; R$ 6.200,00 
PJ121-2020;2020;APLICACAO DE REDES NEURAIS ARTIFICIAIS NO PROCESSAMENTO DE IMAGENS DE RETINOGRAFIAS;DANILO HENRIQUE SPADOTI;IEST;10/10/2020;30/12/2020;SIM; R$ 11.000,00 ; R$ 5.682,61 
PJ120-2020;2020;PODCASTS NEOSTRATA BR - RADIACAO UV, POLUICAO E SAUDE;MARCELO DE PAULA CORREA;IRN;13/10/2020;13/10/2020;SIM; R$ 6.200,00 ; R$ 9.970,00 
PJ119-2020;2020;MAPEAMENTO DAS INUNDACOES DA CIDADE DE SANTA RITA DO SAPUCAI;ANA LUCIA FONSECA;IRN;14/09/2020;31/12/2020;SIM; R$ -   ; R$ 10.000,00 
PJ118-2020;2020;ENSAIOS DE ANALISE TERMICA DIFERENCIAL (ATD) E TERMOGRAVIMETRICA (TG);DANIEL THOMAZINI;IEM;01/10/2020;31/12/2020;SIM; R$ 5.682,61 ; R$ 5.682,61 
CR026-2020;2020;"CREDENCIAMENTO COMO PROFESSOR COLABORADOR NA LINHA DE PESQUISA ""TRABALHO E EDUCACAO"" DO PROGRAMA MESTRADO PROFISSIONAL EDUCACAO E DOCENCIA DA FACULDADE DE EDUCACAO DA UNIVERSIDADE FEDERAL DE MINAS GERAIS/UFMG.";DAVIDSON PASSOS MENDES;ICPA;27/10/2020;31/12/2020;SIM; R$ -   ; R$ 9.970,00 
EV026-2020;2020;WEBINARIO LUGARES INCENDIARIOS - IMAGINARIOS DO FOGO EM DISTOPIAS AMBIENTAIS;PAULO CEZAR NUNES JUNIOR;IFQ;30/10/2020;11/11/2020;SIM; R$ -   ; R$ 10.000,00 
EV027-2020;2020;II WORKSHOP DE JOGOS DIGITAIS;ELISA DE CASSIA SILVA RODRIGUES;IMC;31/10/2020;07/11/2020;SIM; R$ -   ; R$ -   
PJ122-2020;2020;BATERIA CALANGODUM 2020;JULIANO DE ALMEIDA MONTE MOR;ICT;19/10/2020;31/12/2020;SIM; R$ -   ; R$ -   
PJ123-2020;2020;II SEMINARIO REGIONAL SOBRE METODOLOGIAS ATIVAS NO ENSINO SUPERIOR (SERMAES) E I ENCONTRO INTERNACIONAL SOBRE METODOLOGIAS ATIVAS (EIMA);RENATA DOS SANTOS;ICPA;26/10/2020;29/10/2020;SIM; R$ -   ; R$ -   
PJ124-2020;2020;CONFECCAO DE TOTENS DISPENSER DE ALCOOL EM GEL PARA DISTRIBUICAO ESTRATEGICA NAS UNIDADES ACADEMICAS DA UNIFEI COMO FRENTE DE ENFRENTAMENTO A COVID;CARLOS BARREIRA MARTINEZ;IEM;15/10/2020;30/11/2020;SIM; R$ -   ; R$ -   
EV030-2020;2020;MOBWEEK;CLAUDIO ERNANI MARTINS OLIVEIRA;IEI;03/11/2020;24/11/2020;SIM; R$ -   ; R$ -   
EV029-2020;2020;II SEMINARIO REGIONAL SOBRE METODOLOGIAS ATIVAS NO ENSINO SUPERIOR (II SERMAES) E I ENCONTRO INTERNACIONAL SOBRE METODOLOGIAS ATIVAS (I EIMA);RENATA DOS SANTOS;ICPA;29/10/2020;26/11/2020;SIM; R$ -   ; R$ -   
EV028-2020;2020;II ENCONTRO DE ENGENHARIA AMBIENTAL;JAMES LACERDA MAIA;ICPA;09/11/2020;13/11/2020;SIM; R$ -   ; R$ -   
EV031-2020;2020;"PALESTRA ONLINE ""DIFERENTES VÍAS PARA PRODUCIR COMBUSTIBLES RENOVABLES PARA AVIONES EN BRASIL"" NO FORO TÉCNICO VIRTUAL REGIONAL LAC SAF V3.0";RAFAEL SILVA CAPAZ;IRN;10/11/2020;10/11/2020;SIM; R$ -   ; R$ -   
CR029-2020;2020;PARTICIPACAO NO PROGRAMA DE POS GRADUACAO EM CIENCIAS DA ENGENHARIA AMBIENTAL (PPGSEA) - REVISTO;MARIA RITA RAIMUNDO E ALMEIDA;IRN;29/10/2020;31/12/2020;SIM; R$ -   ; R$ -   
CR028-2020;2020;CURSO DE APRIMORAMENTO DA ATUACAO DOS GESTORES AMBIENTAIS MUNICIPAIS;MARIA RITA RAIMUNDO E ALMEIDA;IRN;30/10/2020;27/11/2020;SIM; R$ -   ; R$ -   
PJ126-2020;2020;ESTUDO DE RECUPERACAO DAS TRILHAS DA SERRA FINA ATINGIDA POR UM INCENDIO FLORESTAL;ELIANE GUIMARAES PEREIRA MELLONI;IRN;28/10/2020;31/12/2020;SIM; R$ -   ; R$ -   
PJ125-2020;2020;ECOCAST RADIO 6938 - PARA QUE NOSSA VOZ ECOLOGICA ECOE! - PARTE 2;MARIA RITA RAIMUNDO E ALMEIDA;IRN;03/11/2020;31/12/2020;SIM; R$ -   ; R$ -   
PJ127-2020;2020;APLICACAO DE TECNICAS DE ENSAIOS NÃO DESTRUTIVOS E DE EXTENSOMETRIA PARA AVALIACAO DA INTEGRIDADE ESTRUTURAL DE COMPONENTES MECANICOS EM EQUIPAMENTOS ELETRICOS;BRUNO SILVA DE SOUSA;IEM;24/08/2020;31/12/2020;SIM; R$ -   ; R$ 36.000,00 
PJ128-2020;2020;NATAL SOLIDARIO 2020;GLAUCIO MARCELINO MARQUES;ICPA;30/11/2020;20/12/2020;SIM; R$ -   ; R$ -   
EV011-2020;2020;I SIMPOSIO DE BIOLOGIA DA CONSERVAÇÃO;HISAIAS DE SOUZA ALMEIDA;IRN;29/06/2020;24/07/2020;SIM; R$ -   ; R$ -   
EV033-2020;2020;SEMINARIO INTERNO CIENTIFICO DE MODELOS DE NEGOCIO - MODULO I: PANORAMA PRELIMINAR;ELZO ALVES ARANHA;IEPG;13/10/2020;13/11/2020;SIM; R$ -   ; R$ -   
CR031-2020;2020;OFICINA: COMO A UNIVERSIDADE PODE PROMOVER O EMPREENDEDORISMO E A INOVACAO;JULIANA CAMINHA NORONHA;IEPG;30/11/2020;02/12/2020;SIM; R$ -   ; R$ -   
PJ131-2020;2020;MEDICAO E ANALISE DA QUALIDADE DOS PARAMETROS ELETRICOS (QUALIDADE DE ENERGIA) DE INSTALACAO DE UMA PLANTA INDUSTRIAL LOCALIZADA NA CIDADE DE GUARULHOS/SP;PAULO FERNANDO RIBEIRO;ISEE;15/12/2020;31/12/2020;SIM; R$ -   ; R$ -   
PJ130-2020;2020;DESENVOLVIMENTO DE ACOES INTEGRADAS DE GERACAO, MONITORAMENTO E GESTAO DE ENERGIA NO CAMPUS DA UNIFEI DE ITAJUBA;ROBERTO AKIRA YAMACHITA;ISEE;01/11/2020;31/12/2020;SIM; R$ -   ; R$ -   
PJ129-2020;2020;AVALIACAO DE USABILIDADE DE COMBINACOES DE EQUIPAMENTOS DE PROTECAO INDIVIDUAL PARA COVID-19;ANA PAULA SIQUEIRA SILVA DE ALMEIDA;IESTI;24/11/2020;31/12/2020;SIM; R$ -   ; R$ -   
PJ134-2020;2020;PROJETO DE REVITALIZACAO DE MICROBACIAS RURAIS;ANA PAULA MONI SILVA;IRN;08/12/2020;31/12/2020;SIM; R$ -   ; R$ -   
PJ133-2020;2020;ENGENHEIROS DA ALEGRIA ;ANA PAULA MONI SILVA;IRN;08/12/2020;31/12/2020;SIM; R$ -   ; R$ -   
PJ132-2020;2020;RECUPERACAO DE NASCENTES EM UMA PROPRIEDADE RURAL DE DELFIM MOREIRA;DANIELA ROCHA TEIXEIRA RIONDET COSTA;IRN;16/11/2020;31/12/2020;SIM; R$ -   ; R$ -   
PD004-2021;2021;ESTUDOS PARA APRIMORAMENTO DE SINALIZADOR DE FALTAS EM REDES DE DISTRIBUICAO;ESTACIO TAVARES WANDERLEY NETO;ISEE;04/01/2021;30/09/2021;SIM;R$31.643,00;R$31.643,00
PD003-2021;2021;ENSAIOS ELETRICOS FUPAI;ESTACIO TAVARES WANDERLEY NETO;ISEE;01/01/2021;31/12/2021;SIM;R$280.305,00;R$280.305,00
PD002-2021;2021;ENSAIOS ELETRICOS;ESTACIO TAVARES WANDERLEY NETO;ISEE;01/01/2021;31/12/2021;SIM;R$165.636,00;R$165.636,00
PD001-2021;2021;ESTUDO DO IMPACTO DOS PROCESSOS DE DESCONTAMINACAO DE PCB NO DESEMPENHO DE TRANSFORMADORES;ESTACIO TAVARES WANDERLEY NETO;ISEE;01/01/2021;21/06/2021;SIM;R$28.235,00;R$28.235,00
PJ001-2021;2021;SPORTUV 1;MARCELO DE PAULA CORREA;IRN;01/01/2021;31/12/2021;SIM;R$28.198,68;R$28.198,68
PJ003-2021;2021;MEDICAO E ANALISE DA QUALIDADE DOS PARAMETROS ELETRICOS (QUALIDADE DE ENERGIA) DE INSTALACAO DE UMA PLANTA INDUSTRIAL LOCALIZADA NA CIDADE DE GUARULHOS/SP;PAULO FERNANDO RIBEIRO;ISEE;02/01/2021;28/02/2021;SIM;R$20.641,03;R$20.641,03
PJ004-2021;2021;ENSAIOS LABORATORIAIS PARA CARACTERIZACAP DE MATERIAIS E ESTRUTURAS 2021;ANTONIO CARLOS ANCELOTTI JUNIOR;IEM;01/01/2021;31/12/2021;SIM;R$80.000,00;R$80.000,00
PJ005-2021;2021;DESENVOLVIMENTO DE DRONE AUTONOMO PARA APLICACAO DE REVESTIMENTO EM SUPERFICIES - PROJETO DAARS - CONTINUACAO 2021;KLEBER ROBERTO DA SILVA SANTOS;IESTI;01/01/2021;31/12/2021;SIM;R$76.470,96;
PJ006-2021;2021;AVALIACAO DE USABILIDADE EM EQUIPAMENTOS MEDICOS;EGON LUIZ MULLER JUNIOR;IESTI;11/01/2021;31/12/2021;SIM;R$183.400,00;R$183.400,00
PJ007-2021;2021;ESTRUTURACAO DA PLATAFORMA DE HARDWARE PARA O SIMULADOR CAT793F (CONTINUACAO);GIOVANI BERNARDES VITOR;ICT;01/01/2021;31/05/2021;SIM;R$25.050,45;R$77.500,00
PJ008-2021;2021;SPE UNIFEI;MARCOS AURELIO DE SOUZA;IEM;01/01/2021;31/12/2021;SIM;;
PJ009-2021;2021;TODOS SOMOS LEITORES;CLAUDIA ELIANE DA MATTA;ISEE;04/01/2021;17/12/2021;SIM;;
PJ010-2021;2021;CONCEPCAO E DESENVOLVIMENTO DE UMA PLATAFORMA DE TESTE PARA VEICULO AUTONOMO EM AMBIENTES DE TRABALHO (CONTINUACAO 2021);GIOVANI BERNARDES VITOR;ICT;01/01/2021;31/12/2021;SIM;R$7.078,08;R$7.078,08
PJ013-2021;2021;VIRTUAL - DESENVOLVIMENTO DE SISTEMA DE REALIDADE VIRTUAL E AUMENTADA PARA TREINAMENTO E AUXILIO A MANUTENCAO;CARLOS HENRIQUE VALERIO DE MORAES;IESTI;06/01/2021;31/12/2021;SIM;R$20.700,00;R$20.700,00
PJ012-2021;2021;FISCALIZACAO DE SERVICOS DA DISTRIBUIDORA RORAIMA ENERGIA CONFORME PRODIST E REN ANEEL 414/2010;ROBERTO AKIRA YAMACHITA;ISEE;04/01/2021;30/04/2021;SIM;R$55.363,32;R$55.363,32
PJ011-2021;2021;CURSO ASSISTENCIAL AMIGOS DE ITAJUBÁ - CAAI;FLAVIA FERNANDA CARVALHO DA MOTTA;DCS;04/01/2021;31/12/2021;SIM;R$10.000,00;R$10.000,00
CR002-2021;2021;PARTICIPACAO NO PROGRAMA DE POS GRADUACAO EM CIENCIAS DA ENGENHARIA AMBIENTAL (PPGSEA) – ANO 2021;MARIA RITA RAIMUNDO E ALMEIDA;IRN;14/01/2021;31/12/2021;SIM;;
CR001-2021;2021;ANALISE DE VIABILIDADE ECONOMICA DE PROJETOS;CLEBER GONCALVES JUNIOR;IEPG;01/02/2021;27/02/2021;SIM;;
PJ016-2021;2021;ECOCAST RADIO 6938 - PARA QUE NOSSA VOZ ECOLOGICA ECOE! - PARTE 3;MARIA RITA RAIMUNDO E ALMEIDA;IRN;14/01/2021;31/03/2021;SIM;;
PJ015-2021;2021;AVALIACAO DE USABILIDADE DE COMBINACOES DE EQUIPAMENTOS DE PROTECAO INDIVIDUAL PARA COVID-19 (CONTINUACAO 2021 - ANTES NO NUMERO PJ129-2020);ANA PAULA SIQUEIRA SILVA DE ALMEIDA;IESTI;20/01/2021;31/07/2021;SIM;R$4.439,98;
PJ019-2021;2021;EX MACHINA;OTAVIO DE SOUZA MARTINS GOMES;IESTI;25/01/2021;31/12/2021;SIM;;
PJ018-2021;2021;SERVIÇOS DE METALOGRAFIA, ENSAIOS MECÂNICOS, ANALISE DE COMPOSIÇÃO QUÍMICA, MICROSCOPIA ÓTICA, TRATAMENTOS TÉRMICOS, MEDIÇÃO DE DUREZA, MEDIÇÃO DE ESPESSURA POR ULTRASSOM E QUALIFICAÇÃO DE SOLDADORES;EDMILSON OTONI CORREA;IEM;21/01/2021;31/12/2021;SIM;R$18.339,11;R$18.339,11
PJ017-2021;2021;NINJA STARTUP JOB;TAISA CORREA;NIT;15/01/2021;20/04/2021;SIM;;
PD005-2021;2021;CERTIFICACAO E ENSAIOS DE PRODUTOS DE TECNOLOGIA DA INFORMAÇÃO E TELECOMUNICACAO - FAPEPE;JOSE CARLOS GRILO RODRIGUES;ISEE;04/02/2021;31/12/2021;SIM;R$380.648,78;R$380.648,78
CR005-2021;2021;GESTAO DE RESIDUOS INDUSTRIAIS - T2;ROGERIO JOSE DA SILVA;IEM;05/02/2021;31/03/2021;SIM;;
CR004-2021;2021;GESTAO DE RESIDUOS INDUSTRIAIS;ROGERIO JOSE DA SILVA;IEM;01/02/2021;31/03/2021;SIM;;
CR003-2021;2021;INVESTIMENTOS;CLEBER GONCALVES JUNIOR;IEPG;10/02/2021;17/02/2021;SIM;;
PJ021-2021;2021;APLICACAO DE TECNICAS DE ENSAIOS NÃO DESTRUTIVOS E DE EXTENSOMETRIA PARA AVALIACAO DA INTEGRIDADE ESTRUTURAL DE COMPONENTES MECANICOS EM EQUIPAMENTOS ELETRICOS;BRUNO SILVA DE SOUSA;IEM;01/02/2021;30/06/2021;SIM;R$36.000,00;R$36.000,00
CR008-2021;2021;METROLOGIA DIMENSIONAL - BÁSICO - MODALIDADE EAD;JOSE LEONARDO NORONHA;IEPG;16/02/2021;31/12/2021;SIM;R$29.631,00;R$26.667,90
CR007-2021;2021;PARTICIPACAO NO CURSO DE CAPACITACAO DE MULTIPLICADORES DE MODELOS DE NEGOCIO - MODULO I OFERTADO PELA SOCIEDADE BRASILEIRA DE MODELOS DE NEGOCIO ;ELZO ALVES ARANHA;IEPG;05/02/2021;30/07/2021;SIM;;
PJ033-2021;2021;UNIFEI FINANCE ITABIRA;RONARA CRISTINA BOZI DOS REIS;ICPA;04/01/2021;31/12/2021;SIM;;
PJ032-2021;2021;MONITORAMENTO E CONTROLE HIBRIDO DE VIBRACAO UTILIZANDO LOGICA NEURO-FUZZI EM GRUPOS DIESEL GERADORES;WALDIR DE OLIVEIRA;IEM;15/02/2021;31/12/2021;NÃO;R$56.100,00;
PJ031-2021;2021;MONITORAMENTO E CONTROLE HIBRIDO DE VIBRACAO UTILIZANDO LOGICA NEURO-FUZZY EM GRUPOS DIESEL-GERADORES;RAMIRO GUSTAVO RAMIREZ CAMACHO;IEM;15/02/2021;31/12/2021;SIM;R$88.242,00;
PJ030-2021;2021;MONITORAMENTO E CONTROLE HIBRIDO DE VIBRACAO UTILIZANDO LOGICA NEURO-FUZZY EM GRUPOS DE DIESEL-GERADORES;JANAINA CUNHA VAZ ALBUQUERQUE;IEM;15/02/2021;31/12/2021;SIM;R$28.050,00;R$28.050,00
PJ029-2021;2021;PRESTACAO DE SERVICO DO LABORATORIO DE CARACTERIZACAO ESTRUTURAL PARA EMPRESAS PRIVADAS (21);GEOVANI RODRIGUES;IEM;10/02/2021;31/12/2021;SIM;R$6.106,30;R$6.106,30
PJ028-2021;2021;APLICACAO DE REDES NEURAIS ARTIFICIAIS NO PROCESSAMENTO DE IMAGENS DE RETINOGRAFIAS;DANILO HENRIQUE SPADOTI;IESTI;07/02/2021;31/12/2021;SIM;R$6.300,00;R$6.300,00
PJ027-2021;2021;APLICACAO DE METODOS COMPUTACIONAIS PARA PREVISAO DE DURACAO E FREQUENCIA DE INTERRUPCAO DE ENERGIA EM ESTACOES DISTRIBUIDORAS - FASE 3 CONTINUACAO;EDVARD MARTINS DE OLIVEIRA;IESTI;15/02/2021;14/10/2021;SIM;R$15.061,73;R$15.061,73
PJ024-2021;2021;CONTINUIDADE PROJETO PJ083-2020 - CONFLITOS RURAIS DO MEDIO RIO DOCE (MG): RESISTENCIA DE COMUNIDADES QUILOMBOLAS A GRANDES EMPREENDIMENTOS ECONOMICOS;LEONARDO FERREIRA REIS;ICPA;02/02/2021;31/12/2021;SIM;R$99.998,10;R$99.998,10
PJ023-2021;2021;EQUIPE DE ROBOTICA DRUMONSTERS;JULIANO DE ALMEIDA MONTE MOR;ICT;04/02/2021;31/12/2021;SIM;;
PJ022-2021;2021;BATERIA CALANGODUM;JULIANO DE ALMEIDA MONTE MOR;ICT;04/02/2021;31/12/2021;SIM;;
PJ020-2021;2021;CURSO ASSISTENCIAL THEODOMIRO SANTIAGO- CATS;EDMILSON MARMO MOREIRA;IESTI;26/01/2021;31/12/2021;SIM;;
CR009-2021;2021;DISCIPLINA DE TECNOLOGIA DE SERVIÇOS - FACESM;CARLOS HENRIQUE PEREIRA MELLO;IEPG;01/03/2021;02/07/2021;SIM;R$2.540,00;R$2.540,00
PJ035-2021;2021;OPERACAO LOBO-GUARA;DANIELA ROCHA TEIXEIRA RIONDET COSTA;IRN;20/02/2021;31/12/2021;SIM;;
PJ034-2021;2021;LEVANTAMENTO FAUNISTICO EM AREAS PRESERVADAS E EM RECUPERACAO EM BUSCA DA PRESERVACAO DE CORREDORES;DANIELA ROCHA TEIXEIRA RIONDET COSTA;IRN;20/02/2021;31/12/2021;SIM;;
PG001-2021;2021;YBÁ - COMPARTILHAMENTO CONHECIMENTO;CARLOS ALBERTO VILLEGAS GUERRERO;ISEE;08/02/2021;31/12/2021;SIM;;
EV001-2021;2021;PARTICIPACAO NO ENCONTRO DE PESQUISA DO GRUPO DE EDUCACAO EMPREENDEDORA EM ENGENHARIA DA ASSOCIACAO BRASILEIRA DE EDUCACAO EM ENGENHARIA-ABENGE;ELZO ALVES ARANHA;IEPG;25/02/2021;30/04/2021;SIM;;
CR011-2021;2021;TRANSMISSAO EM CORRENTE CONTINUA;MAURICIO CAMPOS PASSARO;ISEE;15/03/2021;31/12/2021;NÃO;;
CR010-2021;2021;AVALIACAO DE EMPRESAS ATRAVES DE INDICADORES FINANCEIROS;CLEBER GONCALVES JUNIOR;IEPG;15/03/2021;09/04/2021;SIM;;
PJ038-2021;2021;CAFE E PROSA;CLEBER GONCALVES JUNIOR;IEPG;04/03/2021;31/12/2021;SIM;;
PJ037-2021;2021;AVALIACAO DO ESTADO ESTRUTURAL DAS CAIXAS DE TESTE DE DISJUNTORES;JESUS ANTONIO GARCIA SANCHEZ;IEM;01/03/2021;31/12/2021;SIM;;R$29.718,00
PJ036-2021;2021;AVALIACAO DA ISOLACAO DE EQUIPAMENTOS ELETRICOS DE MEDIA TENSAO BASEADO NA MEDICAO E ANALISE DE DESCARGAS PARCIAIS;GUSTAVO PAIVA LOPES;ISEE;01/03/2021;31/12/2021;SIM;;
PJ054-2021;2021;GRUPO DE ESTUDOS INTERDISCIPLINARES E FORMACAO DE PROFESSORES: ESTUDO CONTINUO E COLABORATIVO EM CIENCIAS E MATEMATICA PARA PROFESSORES DA EDUCACAO BASICA.;JOAO RICARDO NEVES DA SILVA;IFQ;01/04/2021;31/12/2021;SIM;R$7.200,00;
PJ049-2021;2021;ENGENHEIROS SEM FRONTEIRAS - NUCLEO ITABIRA;GABRIELA DA FONSECA DE AMORIM;ICPA;01/04/2021;31/12/2021;SIM;;
PJ048-2021;2021;TECNOLOGIAS EMERGENTES;JULIANA MARIA SAMPAIO FURLANI;ISEE;01/04/2021;31/12/2021;SIM;R$9.600,00;R$9.600,00
PJ047-2021;2021;"DIVULGA BINGO: DIVULGACAO CIENTIFICA DO PROJETO ""BARYON ACOUSTIC OSCILLATIONS IN NEUTRAL GAS OBSERVATIONS";ALAN BENDASOLI PAVAN;IFQ;01/04/2021;31/12/2021;SIM;R$10.000,00;
PJ044-2021;2021;CONEXAO DOS SABERES;JULIANA ESTACIO RIOS;IEPG;01/04/2021;31/12/2021;SIM;R$9.600,00;
PJ097-2021;2021;CONTROLLABILITY IN REACTIION-DIFFUSION EQUATIONS WITH BISTABLE NONLINEARITY;MAICON SONEGO;IMC;20/04/2021;19/07/2021;SIM;R$41.925,00;R$41.925,00
PJ096-2021;2021;NOVO NORMAL DA CIENCIA E DABETE;ROGERIO RODRIGUES;IFQ;01/05/2021;30/06/2021;SIM;;
PJ094-2021;2021;ESTUDO DIAGNOSTICO DE LINHAS DE PROCESSOS DA BASF;SILMARA CRISTINA BALDISSERA KABAYAMA;IEM;01/01/2021;30/12/2021;SIM;R$36.164,12;R$36.164,12
PJ095-2021;2021;KRAKENS AUVS;HUGO PERAZZINI;IRN;08/03/2021;31/12/2021;NÃO;R$9.999,00;
PJ093-2021;2021;EDUCAÇÃO FINANCEIRA PARA A POPULAÇÃO - DIFUSÃO DE CONHECIMENTO EM RÁDIO FM E MÍDIAS SOCIAIS;ANDRE LUIZ MEDEIROS;IEPG;01/01/2021;31/12/2021;SIM;;
PJ091-2021;2021;COYOTES MOTORACING UNIFEI;PAULO PEREIRA JUNIOR;IEM;06/03/2021;31/12/2021;SIM;R$10.000,00;R$10.000,00
PJ090-2021;2021;ECOVEICULO ELETRICO;GABRIEL ANTONIO FANELLI DE SOUZA;IESTI;15/03/2021;31/12/2021;SIM;R$9.660,38;R$9.660,38
PJ086-2021;2021;UIRA MICRO;GUILHERME FERREIRA GOMES;IEM;15/03/2021;31/12/2021;SIM;R$10.000,00;R$10.000,00
PJ084-2021;2021;EQUIPE SACI BAJA;JEAN CARLO CESCON PEREIRA;IEM;06/03/2021;31/12/2021;SIM;R$10.000,00;
PJ081-2021;2021;EQUIPE ROBOK;KLEBER ROBERTO DA SILVA SANTOS;IESTI;06/03/2021;31/12/2021;SIM;R$10.000,00;
PJ078-2021;2021;FUTEBOL DE ROBOS: ENGENHARIA APLICADA;JULIANO DE ALMEIDA MONTE MOR;ICT;06/03/2021;31/12/2021;SIM;R$9.999,96;R$9.999,96
PJ076-2021;2021;EX-MACHINA;OTAVIO DE SOUZA MARTINS GOMES;IESTI;06/03/2021;31/12/2021;SIM;R$8.400,00;R$8.400,00
PJ073-2021;2021;WRECKING BALL - COMPETICAO EM CONCRETO;VALQUIRIA CLARET DOS SANTOS;IRN;06/03/2021;31/12/2021;SIM;R$9.992,00;R$9.992,00
PJ071-2021;2021;COLETA SELETIVA SUSTENTÁVEL E EDUCAÇÃO AMBIENTAL: PROTOTIPAGEM DE UM SISTEMA DE COLETA DE VIDRO EM ITAJUBÁ;PAULO CEZAR NUNES JUNIOR;IFQ;12/03/2021;31/12/2021;SIM;R$18.000,00;R$18.000,00
PJ069-2021;2021;DESENVOLVIMENTO DE UM PROCESSO DE PELETIZAÇÃO DE BAIXO CUSTO E DE UM VEÍCULO AÉREO NÃO TRIPULADO SEMI-AUTÔNOMO PARA OTIMIZAR A DISPERSÃO DE SEMENTES FLORESTAIS;DENISE RANSOLIN SORANSO;IEPG;12/03/2021;31/12/2021;SIM;R$18.000,00;
PJ067-2021;2021;SISTEMA SUSTENTÁVEL DE CAPTAÇÃO E FILTRAGEM DE ÁGUA DA CHUVA EM CISTERNAS;CARLOS HENRIQUE PEREIRA MELLO;IEPG;12/03/2021;31/12/2021;SIM;R$4.240,62;R$4.240,62
PJ066-2021;2021;O PROJETO DE CRIACAO DA STARTUO CEREUS FLOC;MILADY RENATA APOLINARIO DA SILVA;IFQ;12/03/2021;31/12/2021;SIM;R$7.200,00;R$7.200,00
PJ063-2021;2021;DESENVOLVIMENTO DE UMA STARTUP COM FOCO NA UTILIZAÇÃO DE MÉTODOS INOVADORES PARA RECUPERAÇÃO DE ÁREAS DEGRADADAS;DENISE RANSOLIN SORANSO;IEPG;12/03/2021;31/12/2021;SIM;R$7.200,00;R$7.200,00
EV005-2021;2021;PARTICIPACAO NO ENCONTRO VIRTUAL NACIONAL ORGANIZADO PELO GRUPO DE TRABALHO DE EDUCACAO EM ENGENHARIA DA ASSOCIACAO BRASILEIRA DE EDUCACAO EM ENGENHARIA - ABENGE;ELZO ALVES ARANHA;IEPG;19/03/2021;16/04/2021;SIM;;
EV004-2021;2021;PRIMEIRA RODA DE CONVERSA - EXPERIENCIAS COM O ENSINO REMOTO NA UNIFEI - 2020;PATRICIA DA SILVA LOPES ALEXANDRINO;IEM;22/03/2021;22/03/2021;SIM;;
EV003-2021;2021;PALESTRA: PLANEJAMENTO FINANCEIRO – NOSSO JEITO DE TRANSFORMAR;ANDRE LUIZ MEDEIROS;IEPG;08/02/2021;08/02/2021;SIM;;
EV002-2021;2021;PALESTRA: BATE PAPO SOBRE EDUCACAO FINANCEIRA;ANDRE LUIZ MEDEIROS;IEPG;19/03/2021;19/03/2021;SIM;;
CR012-2021;2021;OFICINA: COMO A UNIVERSIDADE PODE PROMOVER O EMPREENDEDORISMO E A INOVACAO;JULIANA CAMINHA NORONHA;IEPG;12/03/2021;26/03/2021;SIM;R$2.499,88;R$2.499,88
PJ062-2021;2021;VEICULO AEREO HIBRIDO PARA PULVERIZACAO AUTONOMA DE PRECISAO;DIEGO MAURICIO YEPES MAYA;IEM;12/03/2021;31/12/2021;SIM;R$11.030,00;R$11.030,00
PJ061-2021;2021;APRIMORAMENTO DO PRODUTO CEREUS FLOC;MILADY RENATA APOLINARIO DA SILVA;IFQ;12/03/2021;31/12/2021;SIM;R$18.000,00;R$18.000,00
PJ059-2021;2021;ATUALIZACAO DAS AREAS DE BACIAS DE DRENAGEM PARA POUSO ALEGRE E TREINAMENTO AVANCADO DE GEOPROCESSAMENTO PARA ESTAGIARIOS DO NEIRU;ANA PAULA MONI SILVA;IRN;11/03/2021;23/03/2021;SIM;R$2.200,00;R$2.200,00
PJ058-2021;2021;CENTRO DE EXCELENCIA DE VOLEI DE PRAIA: DA FORMACAO AO RENDIMENTO;ROBERTO AFFONSO DA COSTA JUNIOR;IMC;01/04/2021;31/12/2021;SIM;R$9.346,00;R$9.346,00
PJ055-2021;2021;NEWARMSTRONG;DEAN BICUDO KAROLAK;ICT;01/04/2021;31/12/2021;SIM;R$9.900,14;R$9.900,14
PJ053-2021;2021;SEGURANCA QUIMICA;MILADY RENATA APOLINARIO DA SILVA;IFQ;07/04/2021;31/12/2021;SIM;R$10.000,00;R$10.000,00
PJ052-2021;2021;MUDANCAS CLIMATICAS - EDUCACAO SOCIOAMBIENTAL NA AREA DE GERACAO DE ENERGIA;ROGERIO JOSE DA SILVA;IEM;01/04/2021;31/12/2021;SIM;R$10.000,00;R$10.000,00
PJ051-2021;2021;PROJETO TRILHAS: EDUCACAO SOCIOAMBIENTAL, CULTURA E TURISMO SUSTENTAVEL;PAULO CEZAR NUNES JUNIOR;IFQ;01/04/2021;31/12/2021;SIM;R$9.988,63;
PJ050-2021;2021;REVISTA AMAN-TI-KYR: ESTUDOS INTERDISCIPLINARES EM EDUCACAO;ALESSANDRA RODRIGUES;IFQ;01/04/2021;31/12/2021;SIM;R$7.200,00;R$7.200,00
PJ046-2021;2021;DISSEMINACAO DE INFORMACAES HIDROMETEOROLOGICAS E AMBIENTAIS PARA A POPULACAO ITAJUBENSE;MICHELLE SIMOES REBOITA;IRN;01/04/2021;31/12/2021;SIM;R$9.900,00;
PJ045-2021;2021;DESENVOLVIMENTO DE UM APLICATIVO MOVEL PARA O POSICIONAMENTO DE PESSOAS COM DEFICIÊNCIA VISUAL DENTRO DOS PREDIOS DA UNIFEI;JESUS ANTONIO GARCIA SANCHEZ;IMC;01/04/2021;30/12/2021;SIM;R$10.000,00;R$10.000,00
PJ043-2021;2021;COMCIENCIA: DESENVOLVIMENTO DA COLETA SELETIVA NO MUNICIPIO DE ITAJUBA-MG COM ENFASE NA ORGANIZACAO DA COLETA DO VIDRO;DENISE RANSOLIN SORANSO;IEPG;01/04/2021;31/12/2021;SIM;R$10.000,00;R$10.000,00
PJ042-2021;2021;COLOQUIOS INTERDISCIPLINARES;EDUARDO HENRIQUE SILVA BITTENCOURT;IFQ;01/04/2021;16/12/2021;SIM;R$9.600,00;
PJ041-2021;2021;A PESQUISA NO ENSINO FUNDAMENTAL: PRINCIPIOS NORTEADORES DESENVOLVIDOS EM MATERIAL DIDATICO;RENATA DOS SANTOS;ICPA;01/04/2021;31/12/2021;SIM;R$7.200,00;
PJ040-2021;2021;TIME ENACTUS UNIFEI ITAJUBA;LUIZ EUGENIO VENEZIANI PASIN;IEPG;01/04/2021;31/12/2021;SIM;R$9.899,00;R$9.899,00
PJ039-2021;2021;PROJETO SER CRIANCA: O MUNDO DIGITAL E SUAS CONSEQUENCIAS NOS DESENVOLVIMENTOS FISICO E COGNITIVO DAS CRIANCAS E DOS ADOLESCENTES;VITOR GUILHERME CARNEIRO FIGUEIREDO;IEI;01/04/2021;31/12/2021;SIM;R$9.360,00;
EV007-2021;2021;SEMINARIOS GIFT2021;LEANDRO GUSTAVO GOMES;IMC;07/04/2021;17/11/2021;SIM;;
PJ098-2021;2021;POMAR URBANO COMUNITARIO DO BAIRRO ANHUMAS;CARLOS EDUARDO CORREA MOLINA;IEM;01/04/2021;31/12/2021;SIM;;
EV006-2021;2021;RODA DE CONVERSA: SANEAMENTO E O NOVO MARCO;NIVEA ADRIANA DIAS PONS;IRN;24/03/2021;24/03/2021;SIM;;
CR032-2020;2021;INTRODUCAO A INSTRUMENTAÇÃO EM HIGIENE OCUPACIONAL- ABERGO 2020;LUCIANA DE MELO GOMIDES;ICPA;23/11/2020;23/11/2020;SIM;;
EV010-2021;2021;2º WEBINARIO LUGARES INCENDIARIOS - FICCAO E VERDADE NAS IMAGENS DE CONFLITOS RACIAIS;PAULO CEZAR NUNES JUNIOR;IFQ;09/04/2021;16/04/2021;SIM;;
EV009-2021;2021;SEMANA DA CONSCIENTIZACAO DO AUTISMO;MARCIA RIBEIRO DE SOUZA;NEI;31/03/2021;01/04/2021;NÃO;;
EV008-2021;2021;1° SEMINARIO DO MESTRADO PROFISSIONAL DA ENGENHARIA HÍDRICA;MARCIA VIANA LISBOA MARTINS;IRN;07/04/2021;30/04/2021;SIM;;
CR015-2021;2021;CISCO: INTRODUCAO AS REDES (ITN) CCNAV7 MODULO 1;RODRIGO APARECIDO DA SILVA BRAGA;ICT;17/05/2021;17/08/2021;SIM;R$1.500,00;R$1.500,00
CR014-2021;2021;MULHERES NA LIDERANCA;MILADY RENATA APOLINARIO DA SILVA;IFQ;01/04/2021;31/12/2021;SIM;;
CR013-2021;2021;ELETRONICA DE POTENCIA APLICADA A SISTEMAS ELETRICOS;RONDINELI RODRIGUES PEREIRA;IESTI;26/03/2021;31/12/2021;SIM;R$14.197,15;R$14.197,15
PJ103-2021;2021;PLANEJAMENTO DE ATIVIDADES EM BRANDING & EMPLOYER BRANDING DA SMARKIO;JULIANA CAMINHA NORONHA;IEPG;08/04/2021;05/05/2021;SIM;R$14.976,00;
PJ102-2021;2021;TREINAMENTO BALL BLACK BELT;JOSE HENRIQUE DE FREITAS GOMES;IEPG;08/04/2021;31/08/2021;SIM;R$8.000,00;R$8.000,00
PJ101-2021;2021;PRATICAS SOBRE DESENVOLVIMENTO, TECNOLOGIAS E SOCIEDADE (PARTE I);CARLOS ALBERTO MAXIMO PIMENTA;IEPG;29/04/2021;31/12/2021;SIM;;
PJ100-2021;2021;CENTRO DE EMPREENDEDORISMO CAMPUS ITAJUBA;OTAVIO DE SOUZA MARTINS GOMES;IESTI;05/04/2021;31/12/2021;SIM;;
PJ026-2021;2021;AÇÕES PARA INTERROMPER A CONTAMINAÇÃO NOS POÇOS/CISTERNAS DE ÁGUA DE ABASTECIMENTO DOS MORADORES DO BAIRRO PESSEGUEIRO/ITAJUBÁ/MG;WESLEY WILSON DE MELO RODRIGUES;IRN;25/01/2021;31/07/2021;SIM;R$4.350,00;R$4.350,00
PJ056-2021;2021;PROPOSTAS DE PROJETOS DE TRATAMENTO DE ESGOTO DESCENTRALIZADOS OU SEMICOLETIVO PARA O BAIRRO PESSEGUEIRO/ZONA RURAÇ;MATHEUS VALUA OLIVEIRA;IRN;01/04/2021;31/12/2021;SIM;R$10.000,00;R$10.000,00
PJ099-2021;2021;AVALIACAO DA ISOLACAO DE EQUIPAMENTOS ELETRICOS MEDIA TENSAO BASEADO NA MEDICAO E ANALISE DE DESCARGAS PARCIAI;GUSTAVO PAIVA LOPES;ISEE;06/04/2021;31/12/2021;SIM;R$45.977,01;
PJ104-2021;2021;INTEGRA VIRTUAL;MARCIO ROBERTO DE FREITAS;IEI;03/05/2021;06/05/2021;SIM;;
PJ105-2021;2021;TSUNAMI CHEERLEADING;ROSE MARIE BELARDI;ICT;03/05/2021;31/12/2021;SIM;;
PJ106-2021;2021;"CLUBE DE LEITURA ""OS CASMURROS""";RONARA CRISTINA BOZI DOS REIS;ICPA;19/04/2021;31/12/2021;NÃO;;
PJ107-2021;2021;CENTRO DE EMPREENDEDORISMO CAMPUS ITABIRA;LILIAN BARROS PEREIRA CAMPOS;ICPA;26/04/2021;31/12/2021;SIM;;
EV011-2021;2021;8º SEMINÁRIO DE ENGENHARIA ELÉTRICA, CONTROLE E AUTOMAÇÃO E COMPUTAÇÃO (8º SEEAC);LUIZ FELIPE PUGLIESE;ICT;12/04/2021;31/10/2021;SIM;;
CR017-2021;2021;MACROS E VBA PARA PLANILHAS ELETRONICAS - TURMA 2021.1;CARLOS HENRIQUE PEREIRA MELLO;IEPG;30/04/2021;06/08/2021;SIM;;
EV013-2021;2021;SERE - SEMANA DE  RECURSOS ENERGÉTICOS;LUCILENE DE OLIVEIRA RODRIGUES CHAVES;IEM;03/05/2021;28/05/2021;SIM;;
EV012-2021;2021;CAMPANHA DO AGASALHO - AMIGOS DE ITAJUBÁ;LUIZ EUGENIO VENEZIANI PASIN;IEPG;26/04/2021;31/05/2021;SIM;;
PJ110-2021;2021;PROJETOS DE EMPREENDEDORISMO SOCIAL - ADMINISTRAÇÃO;ANDREA APARECIDA DA COSTA MINEIRO;IEPG;28/04/2021;15/08/2021;SIM;;
PJ109-2021;2021;CENTRO DE ESTUDANTES VOLUNTÁRIOS AMIGO DE ITAJUBÁ - CEVAI;LUIZ EUGENIO VENEZIANI PASIN;IEPG;26/04/2021;31/12/2021;SIM;;
PJ108-2021;2021;PRESTACAO DE SERVIÇOS DO LABORATORIO DE ENSAIOS DESTRUTIVOS E NÃO DESTRUTIVOS (LEN) PARA EMPRESAS PRIVADAS 2021;LEONARDO KYO KABAYAMA;IEM;30/04/2021;31/12/2021;SIM;R$10.000,00;R$10.000,00
PJ120-2021;2021;CORETCH-DIVULGACAO DE CONHECIMENTO A RESPEITO DE TECNOLOGIA UTILIZANDO REDES SOCIAIS;WANDRE NUNES DE PINHO VELOSO;ICT;03/05/2021;31/12/2021;SIM;R$10.000,00;
PJ118-2021;2021;ANALISE ESPACIAL EM SAUDE: INSTRUMENTO DE APOIO NAS AÇOES DE COMBATE À COVID-19 NA ATENCAO PRIMARIA EM SAUDE;LUIZ FELIPE SILVA;IRN;03/05/2021;31/12/2021;SIM;R$9.200,00;R$9.200,00
PJ117-2021;2021;POPULARIZAÇAO DE EMPREENDEDORISMO E INOVAÇÃO POR MEIO DE MIDIAS DIGITAIS;OTAVIO DE SOUZA MARTINS GOMES;IESTI;03/05/2021;31/12/2021;SIM;R$5.600,00;R$5.600,00
PJ115-2021;2021;NOSSA CALÇADA;JANAINA ANTONINO PINTO;IEI;10/05/2021;31/12/2021;SIM;R$9.237,00;R$9.237,00
PJ113-2021;2021;REDE CAMACO DE ENGENHARIA POPULAR:ECONOMIA SOLIDARIA E TECNOLOGIA SOCIAL;LEONARDO FERREIRA REIS;ICPA;03/05/2021;31/12/2021;SIM;R$10.000,00;
PJ111-2021;2021;POR QUE COMEMORAR O CENTENÁRIO DA SEMANA DA ARTE MODERNA NA UNIVERSIDADE FEDERAL DE ITAJUBA;MARCIA DE SOUZA LUZ FREITAS;IFQ;10/05/2021;31/12/2021;SIM;R$5.600,00;R$5.600,00
EV014-2021;2021;RECRIA-SE;LILIAN BARROS PEREIRA CAMPOS;ICPA;04/05/2021;21/06/2021;SIM;;
PJ137-2020;2021;EDUCACAP FINANCEIRA PARA A POPULACAO - DIFUSÃO DE CONHECIMENTO EM RADIO FM E MIIAS SOCIAIS (2020);ANDRE LUIZ MEDEIROS;IEPG;01/01/2020;31/12/2020;SIM;;
PJ123-2021;2021;BIOTECH CHALLENGE;THAIS SUZANE MILESSI ESTEVES;IRN;13/05/2021;09/08/2021;SIM;;
PJ122-2021;2021;RECICLAGEM DE VIDRO: CONSTRUINDO UMA COLETA SUSTENTÁVEL E INCLUSIVA;JENIFFER DE NADAE;IEPG;04/05/2021;31/12/2021;SIM;R$10.000,00;R$10.000,00
PJ121-2021;2021;ELABORAÇÃO DO APLICATIVO SIG-WEB PARA DISPONIBILIZAÇÃO DE DADOS GERADOS NO ÂMBITO DAS PESQUISAS DESENVOLVIDAS NO LABORATÓRIO DE TOPOGRAFIA E GEOPROCESSAMENTO – GEOAMB, CAMPUS ITABIRA;ELIANE MARIA VIEIRA;ICPA;03/05/2021;31/12/2021;SIM;R$8.400,00;
EV015-2021;2021;COMO CRIAR E MANTER UM PRODUTO DE SUCESSO, COM RAPHA PIZZI AGROSMART;OTAVIO DE SOUZA MARTINS GOMES;IESTI;03/05/2021;10/05/2021;SIM;;
PD007-2021;2021;ENSAIOS ELEÉTRICOS - FAPEPE;ESTACIO TAVARES WANDERLEY NETO;ISEE;01/06/2021;31/12/2021;SIM;R$136.860,00;R$136.860,00
PD006-2021;2021;BOLETINS MENSAIS INFORMATIVOS DO MONITORAMENTO DA QUALIDADE DO AR EM ITABIRA/MG;ANA CAROLINA VASQUES FREITAS;ICPA;01/06/2021;31/12/2021;SIM;;
EV023-2021;2021;XV SEMEAR;ANA PAULA MONI SILVA;IRN;30/05/2021;04/06/2021;SIM;;
EV022-2021;2021;MONITORIA E REFORÇO ESCOLAR - AMIGOS DE ITAJUBÁ;LUIZ EUGENIO VENEZIANI PASIN;IEPG;27/05/2021;31/07/2021;SIM;;
EV021-2021;2021;ACAO REVITALIZAR - AMIGOS DE ITAJUBA;LUIZ EUGENIO VENEZIANI PASIN;IEPG;27/05/2021;31/07/2021;SIM;;
EV020-2021;2021;"RODA DE CONVERSA ""SEXUALIDADE E EDUCAÇAO""";PAULO CEZAR NUNES JUNIOR;IFQ;26/05/2021;04/06/2021;SIM;;
EV019-2021;2021;PRATICAS PARA A MOBILIDADE SAUDAVEL;PATRICIA BALDINI DE MEDEIROS GARCIA;IEI;24/05/2021;25/06/2021;SIM;;
EV018-2021;2021;SEMANA DO MEIO AMBIENTE - INTERAÇÃO COM A COMUNIDADE;BIANCA CABRAL CALDEIRA;ICPA;01/06/2021;05/06/2021;SIM;;
EV017-2021;2021;SEMANA DO MEIO AMBIENTE;BIANCA CABRAL CALDEIRA;ICPA;01/06/2021;02/06/2021;SIM;;
EV016-2021;2021;INTEGRAMAT 2021;RICK ANTONIO RISCHTER;IMC;22/05/2021;29/05/2021;SIM;;
CR018-2021;2021;CONFIABILIDADE EM SISTEMAS ELÉTRICOS;ZULMAR SOARES MACHADO JUNIOR;ISEE;31/05/2021;31/12/2021;SIM;R$13.105,00;R$13.105,00
PJ124-2021;2021;ASSESSORIA TECNICA PARA AVALIACAO OPERACIONAL DE ELIMINADORES DE AR EM REDE DE DISTRIBUIÇÃO DE ÁGUA;ROBERTO ALVES DE ALMEIDA;IRN;01/06/2021;31/12/2021;SIM;;
EV026-2021;2021;TERRITORIO COMO ESPACO EDUCATIVO PARA O ENSINO DE CIENCIAS;PAULO CEZAR NUNES JUNIOR;IFQ;07/06/2021;30/06/2021;SIM;;
EV025-2021;2021;SEXTO CAFÉ AMBIENTAL;GLAUCIO MARCELINO MARQUES;ICPA;07/06/2021;09/06/2021;SIM;;
EV024-2021;2021;CICLO DE DEBATES - DIVERSIDADE E INCLUSÃO: PRESENCA INDIGENA NA UNIVERSIDADE;PAULO CEZAR NUNES JUNIOR;IFQ;07/06/2021;02/07/2021;SIM;;
CR019-2021;2021;LONGE DE CASA 2021;FLAVIA LUDOVICO DE MATOS;DSQ;08/06/2021;31/08/2021;SIM;;
PJ125-2021;2021;ENSAIOS DE EFICIENCIA DE BOMBAS HIDRAULICAS ;ROBERTO ALVES DE ALMEIDA;IRN;27/05/2021;31/12/2021;SIM;R$316.355,46;R$316.355,46
EV027-2021;2021;DIA DE CARREIRAS E INCLUSAO DA DIVERSIDADE PARA COMEMORAR O DIA DO QUIMICO;JULIANA FEDOCE LOPES;IFQ;18/06/2021;18/06/2021;SIM;;
PJ127-2021;2021;ESPACO MAKER UNIFEI - CAMPUS ITABIRA;HUGO JOSE RIBEIRO JUNIOR;IEI;07/06/2021;31/12/2021;SIM;;
PJ130-2021;2021;APROVEITAMENTO ENERGETICODO BIOGAS OBTIDO POR PROCESSO DE BIOGESTÃO ANAEROBICA DE DEJETOS BOVINOS, ADITIVADOS COM EFLUENTES ORGANICOS DA AGROINDUSTRIA;CARLOS ROBERTO ROCHA;IRN;20/06/2021;19/09/2021;SIM;;
PJ129-2021;2021;PRINCIPAIS DESAFIOS ENVOLVENDO O ENSINO REMOTO NAS ESCOLAS PUBLICAS DE ITAJUBÁ - MG: UMA ANÁLISE SOB A PERSPECTIVA PEDAGOGICA MEDIANTE OS CONFLITOS DO ENSINO E DISTÂNCIA;ANA LUCIA FONSECA;IRN;18/06/2021;31/12/2021;SIM;;
EV029-2021;2021;VI SEMANA ACADEMICA DE QUIMICA;VIVIANE FREITAS BAPTISTA;IFQ;28/06/2021;02/07/2021;SIM;;
EV028-2021;2021;PROGRAMA DE GERENCIAMENTO DE RISCOS E A NOVA NR1;LUCIANA DE MELO GOMIDES;ICPA;07/07/2021;07/07/2021;SIM;;
CR020-2021;2021;INTRODUCAO AS TECNOLOGIAS EMERGENTES;JULIANA MARIA SAMPAIO FURLANI;IFQ;30/08/2021;12/10/2021;SIM;;
PJ133-2021;2021;IDENTIFICACAO DE PROPRIEDADES MECANICAS EM TRANSFORMADORES DE ALTA TENSAO;SEBASTIAO SIMOES DA CUNHA JUNIOR;IEM;12/07/2021;31/12/2021;SIM;R$24.750,00;R$24.750,00
PJ132-2021;2021;ENSINO DE LÓGICA EM PROGRAMAÇÃO: Introdução da lógica de programação para alunos do ensino fundamental e médio;FABIANA COSTA GUEDES;ICT;01/07/2021;31/12/2021;SIM;R$12.852,71;R$12.852,71
PJ131-2021;2021;DEV-U;PEDRO HENRIQUE DEL BIANCO HOKAMA;IMC;15/05/2021;31/12/2021;SIM;;
PD008-2021;2021;ESTUDO DO IMPACTO DOS PROCESSOS DE DESCONTAMINACAO DE PCB NO DESEMPENHO DE TRANSFORMADORES - FINALIZACAO;ESTACIO TAVARES WANDERLEY NETO;ISEE;15/07/2021;31/12/2021;SIM;R$20.000,00;R$20.000,00
EV032-2021;2021;PAUSA - DEBATES;FLAVIO FONTENELLE LOQUE;ICPA;26/07/2021;06/08/2021;SIM;;
EV031-2021;2021;AULA ABERTA:PERICIAS E ASSISTENCIAS TECNICAS EM SAUDE E SEGURANCA NO TRABALHO (ACESSIVEL EM LIBRAS);LUCIANA DE MELO GOMIDES;ICPA;23/07/2021;23/07/2021;SIM;;
EV030-2021;2021;PARTICIPACAO COMO UNIVERSIDADE PARCEIRA NO II CONGRESSO INTERNACIONAL DE INGENIERIA MECANICA COIIM 2021;ANGIE LIZETH ESPINOSA SARMIENTO;IEM;26/08/2021;27/08/2021;SIM;;
CR023-2021;2021;CONSULTAS E TRATAMENTO DE DADOS COM SOFTWARE E TABLEAU;VANESSA CRISTINA OLIVEIRA DE SOUZA;IMC;26/07/2021;27/07/2021;SIM;;
CR022-2021;2021;CISCO: CURSO DE FORMACAO COMPLEMENTAR EM REDES DE COMPUTADORES;RODRIGO APARECIDO DA SILVA BRAGA;ICT;30/08/2021;17/12/2021;SIM;R$4.500,00;R$4.500,00
CR021-2021;2021;BANCO DE DADOS NOSQL ORIENTADO E GRAFOS - NEO4J;VANESSA CRISTINA OLIVEIRA DE SOUZA;IMC;19/07/2021;20/07/2021;SIM;;
PJ134-2021;2021;EDUCACAO AMBIENTAL AT HOME;DANIELA ROCHA TEIXEIRA RIONDET COSTA;IRN;09/07/2021;10/08/2021;SIM;;
PJ139-2021;2021;IMPLEMENTACAO DE MEDIDAS DA ISSO 14001 NA ESCOLA ESTADUAL ANA LAURA PERAIRA - ITAJUBA MG;ANA LUCIA FONSECA;IRN;29/07/2021;31/12/2021;SIM;R$1.695,84;R$1.695,84
PJ140-2021;2021;INCENTIVO AO REAPROVEITAMENTO DE ALIMENTOS PARA COMPLEMENTAÇÃO DA ALIMENTAÇÃO DE FAMÍLIAS SOB VULNERABILIDADE SOCIOECONÔMICA;ANA LUCIA FONSECA;IRN;29/07/2021;31/12/2021;SIM;R$1.400,00;R$1.400,00
PJ141-2021;2021;FUNDAMENTOS E APLICACAO DE OTIMIZACAO;GUILHERME FERREIRA GOMES;IEM;02/08/2021;31/12/2021;SIM;R$8.472,33;R$8.472,23
EV034-2021;2021;RODA DA CONVERSA:ATUACAO DAS COOPERATIVAS NA COLETA SELETIVA DE ITAJUBA;DENISE RANSOLIN SORANSO;IEPG;03/09/2021;03/09/2021;SIM;;
EV033-2021;2021;CICLO DE PALESTRAS DE INTRODUCAO Á ENGENHARIA DE COMPUTACAO;EDMILSON MARMO MOREIRA;IESTI;01/06/2021;30/06/2021;SIM;;
CR024-2021;2021;CONCEITOS SOBRE INVESTIMENTOS;CLEBER GONCALVES JUNIOR;IEPG;18/08/2021;31/08/2021;SIM;;
PJ145-2021;2021;PRE ACERELACAO SPRINT CICLO 2021.1;OTAVIO DE SOUZA MARTINS GOMES;IEPG;02/08/2021;31/12/2021;SIM;;
PJ144-2021;2021;PRE ACELERACAO LAB 001 CICLO 2021.1;OTAVIO DE SOUZA MARTINS GOMES;IESTI;29/07/2021;31/12/2021;SIM;;
PJ143-2021;2021;PRE ACELERACAO IMPULSO - CICLO 2021.1;OTAVIO DE SOUZA MARTINS GOMES;IESTI;29/07/2021;31/12/2021;SIM;;
PJ142-2021;2021;CURSOS MASSIVOS ABERTOS ONLINE (MOOC) - UNIFEI;PATRICIA DA SILVA LOPES ALEXANDRINO;IEM;30/07/2021;31/12/2021;SIM;R$24.000,00;R$24.000,00
EV036-2021;2021;SETEMBRO AMARELO - SUA VDA VALE MUITO (2021);MARCELLE NUNES ARAUJO;CGP-SI;31/08/2021;30/09/2021;SIM;;
EV035-2021;2021;DEMODAY DO CENTRO DE EMPREENDEDORISMO DA UNIFEI (CEU);OTAVIO DE SOUZA MARTINS GOMES;IESTI;28/05/2021;28/05/2021;SIM;;
PJ146-2021;2021;CURSO DE ANALISE DE INVESTIMENTOS - FUNDACAO GORCEIX UFOP AGOSTO 2021;CLEBER GONCALVES JUNIOR;IEPG;23/08/2021;29/08/2021;SIM;R$5.000,00;
PJ145-2021;2021;PRE ACELERACAO SPRINT CICLO 2021.1;OTAVIO DE SOUZA MARTINS GOMES;IESTI;02/08/2021;31/12/2021;NÃO;;
CR026-2021;2021;MACROS E VBA PARA PLANILHAS ELETRONICAS - TURMA 2021.2;CARLOS HENRIQUE PEREIRA MELLO;IEPG;30/08/2021;17/12/2021;SIM;;
CR025-2021;2021;POLITICA ENERGETICA, GERACAO E USO DE ENERGIA;ROGERIO JOSE DA SILVA;IEM;09/09/2021;18/12/2021;SIM;;
EV041-2021;2021;VIII SEMINARIO DE RECURSOS NATURAIS (SRN);SAMARA CALCADO DE AZEVEDO;IRN;27/08/2021;19/11/2021;SIM;R$1.850,00;
EV040-2021;2021;HACKATON TECH4HACK;OTAVIO DE SOUZA MARTINS GOMES;IESTI;13/08/2021;15/08/2021;SIM;;
EV039-2021;2021;I CONGRESSO DE ACADEMIA DE ENGENHARIA CLINICA E AVALIACAO DE TECNOLOGIAS EM SAUDE I CECATS 2021;JOSE ALBERTO FERREIRA FILHO;IESTI;20/10/2021;22/10/2021;SIM;;
EV038-2021;2021;AERODAY 2021;MARCELO SANTIAGO DE SOUSA;IEM;28/08/2021;30/08/2021;SIM;;
CR028-2021;2021;TINYML - APRENDIZADO DE MÁQUINA APLICADO PARA DISPOSITIVOS IOT EMBARCADOS;JOSE ALBERTO FERREIRA FILHO;IESTI;01/09/2021;24/12/2021;SIM;;
CR027-2021;2021;FERRAMENTAS PARA O ENSINO REMOTO E HIBRIDO - MINI CURSOS MOOC UNIFEI;PAMELA TEIXEIRA RIBEIRO;NEOA;24/08/2021;31/12/2021;SIM;;
PJ147-2021;2021;AVALIADOR AD HOC - ROTA 2030;LOURIVAL JORGE MENDES NETO;IEM;27/08/2021;31/12/2021;SIM;R$2.700,00;R$2.700,00
EV042-2021;2021;PALESTRA INDUSTRIA 4.0 - CONCEITOS E A REALIDADE;LUIZ LENARTH GABRIEL VERMAAS;IESTI;01/09/2021;08/09/2021;SIM;;
EV043-2021;2021;IV SEEMT - SEMANA DA ENGENHARIA DE MATERIAIS;GERSON AVELINO FERNANDES;IEM;13/09/2021;12/10/2021;SIM;;
PJ148-2021;2021;APLICAÇÃO DE MÉTODOS COMPUTACIONAIS PARA PREVISÃO DE DURAÇÃO E FREQUÊNCIA DE INTERRUPÇÃO DE ENERGIA EM ESTAÇÕES DISTRIBUIDORAS – FASE 4;EDVARD MARTINS DE OLIVEIRA;IESTI;08/09/2021;31/12/2021;SIM;R$9.156,06;R$9.156,06
EV044-2021;2021;CRIA;OTAVIO DE SOUZA MARTINS GOMES;IESTI;20/09/2021;27/11/2021;SIM;;
CR029-2021;2021;EMPREENDEDORISMO, SUCESSÃO E LIDERANÇA NO SETOR DO MEL;LUIZ EUGENIO VENEZIANI PASIN;IEPG;15/09/2021;15/09/2021;SIM;;
PJ150-2021;2021;TESTES DE PROFICIENCIA EM ELIMINADORES DE AR;MARCIA VIANA LISBOA MARTINS;IRN;20/09/2021;31/12/2021;SIM;;
PJ149-2021;2021;MINI-CURSO SOBRE TRANSFERENCIA TERMICA EM MOTORES A COMBUSTAO INTERNA;HELCIO FRANCISCO VILLA NOVA;IEM;17/09/2021;26/10/2021;SIM;R$1.640,68;R$1.640,68
PD009-2021;2021;ESTUDOS PARA APRIMORAMENTO DE SINALIZADOR DE FALTAS EM REDES DE DISTRIBUICAO - CONTINUACAO;ESTACIO TAVARES WANDERLEY NETO;ISEE;01/10/2021;31/12/2021;SIM;R$7.031,78;R$7.031,78
EV045-2021;2021;15 ANOS INTECOOP ITAJUBA;TAISA CORREA;NIT;27/09/2021;01/10/2021;SIM;;
CR031-2021;2021;WELCOME TO UNIFEI - AMBIENTACAO PARA ALUNOS ESTRANGEIROS;MARIA ELIZABETE VILLELA SANTIAGO;ICPA;24/09/2021;10/12/2021;SIM;;
CR030-2021;2021;CICLO INOVACAO 2021;TAISA CORREA;NIT;29/09/2021;07/10/2021;SIM;;
PJ151-2021;2021;DESENVOLVIMENTO DE APLICACOES UTILIZANDO A PLATAFORMA PEGA - FASE 2;BRUNO GUAZZELLI BATISTA;IMC;01/10/2021;31/12/2021;SIM;R$4.401,90;R$4.401,90
EV046-2021;2021;INTEGRACAO E ACOLHIMENTO DE DISCENTES;ANDRE LUIZ MEDEIROS;IEPG;04/10/2021;08/10/2021;SIM;;
CR032-2021;2021;ANALISE ESPACIAL EM SAUDE;SAMARA CALCADO DE AZEVEDO;IRN;23/10/2021;20/11/2021;SIM;R$2.800,00;R$2.800,00
EV047-2021;2021;"A ENGENHARIA DAS ""COISAS""";LUIZ LENARTH GABRIEL VERMAAS;IESTI;01/10/2021;08/10/2021;SIM;;
PJ152-2021;2021;TARIFA DE USO DO SISTEMA DE DISTRIBUICAO (TUSD);EDUARDO CRESTANA GUARDIA;ISEE;29/09/2021;31/12/2021;NÃO;R$1.677,96;
EV048-2021;2021;V JORNADA UNIVERSITARIA EM DEFESA DA REFORMA AGRARIA;LUIZ FELIPE SILVA;IRN;19/10/2021;20/10/2021;SIM;;
CR033-2021;2021;TRILHAZ - EDUCACAO AMBIENTAL: O QUE A ESCOLA TEM A VER COM ISSO?;MARCELA DE MORAES AGUDO;IRN;01/10/2021;31/10/2021;SIM;;
CR034-2021;2021;CURSO DE APRIMORAMENTO DA ATUACAO DOS GESTORES AMBIENTAIS MUNICIPAIS - EDICAO 2021;MARIA RITA RAIMUNDO E ALMEIDA;IRN;08/11/2021;03/12/2021;SIM;;
PJ153-2021;2021;MEDICAO DA CONDUTIVIDADE TERMICA EM PLACAS DE FIOS PARALELOS DE CABOS DE RUTHERFORD PARA A GE;SANDRO METREVELLE MARCONDES DE LIMA E SILVA;IEM;11/10/2021;18/12/2021;SIM;R$11.072,66;R$11.072,66
PJ154-2021;2021;ENGENHEIROS DA ALEGRIA;LUCILENE DE OLIVEIRA RODRIGUES CHAVES;IEM;11/10/2021;31/12/2021;SIM;;
PD010-2021;2021;GRAVACAO DE VIDEO EDUCACIONAL PARA TRANSMISSAO NA REUNIAO ANUAL DOS DERMATOLOGISTAS DO ESTADO DE SAO PAULO (RADESP AC/DC);MARCELO DE PAULA CORREA;IRN;18/10/2021;29/10/2021;SIM;R$1.500,00;
EV049-2021;2021;I SEMANA DE PROGRAMACAO;ELISA DE CASSIA SILVA RODRIGUES;IMC;01/11/2021;05/11/2021;SIM;;
CR035-2021;2021;FERRAMENTAS COLABORATIVAS;JULIANA MARIA SAMPAIO FURLANI;IFQ;20/10/2021;30/11/2021;SIM;;
PJ155-2021;2021;PROJETO AGUAS DO PESSEGUEIRO: SETOR DOS GUIMARAES;ANA LUCIA FONSECA;IRN;19/10/2021;31/12/2021;SIM;;
PD011-2021;2021;ASSESSORIA SOBRE CLIMAS E POPULACOES DA AMERICA LATINA;MARCELO DE PAULA CORREA;IRN;22/10/2021;29/10/2021;SIM;R$5.000,00;
EV050-2021;2021;MOBWEEK 2021;PATRICIA BALDINI DE MEDEIROS GARCIA;IEI;26/10/2021;04/12/2021;SIM;;
CR036-2021;2021;"CURSO BASICO ON-LINE DE APLICACAO DE SOFTWARE PARA SIMULACAO DE REDES DE DISTRIBUICAO DE AGUA ""GRATUITO E PARA A COMUNIDADE""";FERNANDO DAS GRACAS BRAGA DA SILVA;IRN;02/12/2021;03/12/2021;SIM;;
CR037-2021;2021;"CURSO BASICO ON-LINE DE CONCEITOS DE PERDAS EM SISTEMAS DE DISTRIBUICAO DE AGUA ""GRATUITO E PARA A COMUNIDADE""";FERNANDO DAS GRACAS BRAGA DA SILVA;IRN;06/12/2021;07/12/2021;SIM;;
EV051-2021;2021;SPACEAD - SEMANA PARA AUTOMACAO, CONTROLE E ELETRONICA A DISTANCIA;LUIZ LENARTH GABRIEL VERMAAS;IESTI;03/11/2021;12/11/2021;SIM;;
EV052-2021;2021;III SEMANA DA FISICA;GABRIEL RODRIGUES HICKEL;IFQ;08/11/2021;12/11/2021;SIM;;
EV053-2021;2021;ACAO REVITALIZAR 2 - AMIGOS DE ITAJUBA;LUIZ EUGENIO VENEZIANI PASIN;IEPG;14/10/2021;20/12/2021;SIM;;
EV054-2021;2021;CAMPANHA NOS POR ELAS;LUIZ EUGENIO VENEZIANI PASIN;IEPG;13/10/2021;31/10/2021;SIM;;
EV056-2021;2021;SEMANA DE INVESTIMENTO VOLUNTARIO;LUIZ EUGENIO VENEZIANI PASIN;IEPG;08/11/2021;12/11/2021;SIM;;
EV057-2021;2021;PLANEJAMENTO FINANCEIRO POS PANDEMIA;ANDRE LUIZ MEDEIROS;IEPG;11/11/2021;11/11/2021;SIM;;
CR038-2021;2021;DESENVOLVIMENTO ORIENTADO A MODELO UTILIZANDO A PLATAFORMA PEGA;BRUNO GUAZZELLI BATISTA;IMC;01/12/2021;31/12/2021;SIM;R$15.572,38;R$15.572,38
PJ156-2021;2021;PARTICIPACAO NO PAINEL AMAZON STEM ACADEMY SUMMT 2021;ELZO ALVES ARANHA;IEPG;17/11/2021;18/11/2021;SIM;;
PJ157-2021;2021;INTRODUCAO A ANALISE BIBLIOMETRICA COM R;VICTOR EDUARDO DE MELLO VALERIO;IEPG;10/11/2021;25/11/2021;SIM;;
EV058-2021;2021;I SIMPOSIO - TIME ENECTUS UNIFEI ITAJUBA;LUIZ EUGENIO VENEZIANI PASIN;IEPG;05/12/2021;12/12/2021;SIM;;
EV059-2021;2021;SEMEPRO - SEMANA DE ENGENHARIA DE PRODUCAO;FABIANO LEAL;IEPG;16/11/2021;18/11/2021;SIM;;
CR040-2021;2021;INTRODUCAO AOS NANOMATERIAIS;FREDERICO BARROS DE SOUSA;IFQ;01/12/2021;03/12/2021;SIM;;
PJ158-2021;2021;PLANEJAMENTO E OPERACAO DO SISTEMA ELETRICO;MICHELLE SIMOES REBOITA;IRN;16/11/2021;31/12/2021;SIM;R$1.800,00;R$1.800,00
PJ159-2021;2021;MODELO HIDROLOGICO (MGP E SMAP);BENEDITO CLAUDIO DA SILVA;IRN;16/11/2021;31/12/2021;SIM;R$2.400,00;R$2.400,00
PJ160-2021;2021;MARKETING DIGITAL DO MPEH 2021;ANA PAULA MONI SILVA;IRN;17/11/2021;31/12/2021;SIM;;
PJ161-2021;2021;PROJETO DE REVITALIZAÇÃO DE MICROBACIAS RURAIS - ANO 2021;ANA PAULA MONI SILVA;IRN;16/11/2021;31/12/2021;SIM;;
EV060-2021;2021;UNIFEI PELO MUNDO;MARIA ELIZABETE VILLELA SANTIAGO;ICPA;22/11/2021;11/12/2021;SIM;;
EV061-2021;2021;AMBIENTALIZA;ANA CAROLINA VASQUES FREITAS;ICPA;29/11/2021;30/11/2021;SIM;;
PJ162-2021;2021;GESTAO DE INOVACAO - HOSPITAL NOSSA SENHORA DAS DORES;LILIAN BARROS PEREIRA CAMPOS;ICPA;18/11/2021;31/12/2021;SIM;;
PJ163-2021;2021;NATAL SOLIDARIO 2021;GLAUCIO MARCELINO MARQUES;ICPA;20/11/2021;25/12/2021;SIM;;
EV062-2021;2021;PALESTRA DE COMUNICACAO PERSUASIVA - TIME ENACTUS UNIFEI ITAJUBA;LUIZ EUGENIO VENEZIANI PASIN;IEPG;20/11/2021;20/11/2021;SIM;;
EV063-2021;2021;OFICINAS TEMATICAS - 2021;THAMIRIS DANIEL DOS SANTOS;DSQ;17/11/2021;17/12/2021;SIM;;
EV064-2021;2021;RODA DE CONVERSA: CONEXAO DE SABERES EM METODOLOGIAS ATIVAS;JANAINA ANTONINO PINTO;IEI;08/10/2021;28/11/2021;SIM;;
PJ089-2021;2021;EPIC CODERS: MARATONA DE PROGRAMAÇÃO;LUIZ OLMES CARVALHO;IMC;08/03/2021;17/12/2021;SIM;R$10.000,00;R$10.000,00
PJ116-2021;2021;CAPACITACAO E APRIMORAMENTO DA ATUACAO DOS MEMBROS DOS ORGAOS AMBIENTAIS MUNICIPAIS: UMA NOVA EDICAO;MARIA RITA RAIMUNDO E ALMEIDA;IRN;01/07/2021;31/12/2021;SIM;R$4.800,00;R$4.800,00
PJ001-2022;2022;ANALISE DE DADOS ESTRUTURADOS PARA A GERACAO DE LEADS CONSUMIDORES DE CRÉDITOS DE ENERGIA FOTOVOLTAICA;RODRIGO APARECIDO DA SILVA BRAGA;ICT;03/01/2022;30/06/2022;SIM;R$14.379,09;R$14.379,09
PJ002-2022;2022;DESENVOLVIMENTO DE UM FRAMEWORK PARA CIDADES INTELIGENTES ATRAVES DE SMART METERS MODULARES INTEGRADOS AS REDES DE DISTRIBUICAO E ILUMINACAO UTILIZANDO A TECNOLOGIA 5G;CARLOS HENRIQUE VALERIO DE MORAES;IESTI;01/01/2022;31/12/2022;NÃO;R$30.000,00;
PJ003-2022;2022;SPORTUV1 (PRORROGACAO);MARCELO DE PAULA CORREA;IRN;03/01/2022;31/12/2022;SIM;R$17.938,99;R$17.938,99
PJ004-2022;2022;AVALIACAO DA ISOLACAO DE EQUIPAMENTOS ELETRICOS MEDIA TENSAO BASEADO NA MEDICAO E ANALISE DE DESCARGAS PARCIAIS (CONTINUACAO);GUSTAVO PAIVA LOPES;ISEE;01/01/2022;31/03/2022;SIM;R$9.195,40;R$9.195,40
PJ005-2022;2022;DESENVOLVIMENTO DE DRONE AUTONOMO PARA APLICACAO DE REVESTIMENTO EM SUPERFICIES - PROJETO DAARS - CONTINUACAO 2022;KLEBER ROBERTO DA SILVA SANTOS;IESTI;01/01/2022;31/12/2022;NÃO;R$76.470,96;
PJ006-2022;2022;FUNDAMENTOS E APLICACAO DE OTIMIZACAO (FASE 2);GUILHERME FERREIRA GOMES;IEM;03/01/2022;10/02/2022;SIM;R$8.472,33;R$8.472,33
PJ007-2022;2022;AVALIACAO DE USABILIDADE EM EQUIPAMENTOS MEDICOS (CONTINUACAO);EGON LUIZ MULLER JUNIOR;IESTI;03/01/2022;30/12/2022;NÃO;R$104.444,44;
PJ008-2022;2022;CONCEPCAO E DESENVOLVIMENTO DE UMA PLATAFORMA DE TESTE PARA VEICULO AUTONOMO EM AMBIENTES DE TRABALHO (CONTINUACAO 2022);GIOVANI BERNARDES VITOR;ICT;01/01/2022;30/04/2022;SIM;R$2.359,36;R$2.359,36
PJ009-2022;2022;CERTIFICACAO E ENSAIOS DE PRODUTOS DE TECNOLOGIA DA INFORMAÇÃO E TELECOMUNICACAO - FAPEPE;JOSE CARLOS GRILO RODRIGUES;ISEE;03/01/2022;30/12/2022;NÃO;R$490.000,00;
PJ010-2022;2022;MEDICAO DA CONDUTIVIDADE TERMICA EM PLACAS DE FIOS PARALELOS DE CABOS DE RUTHERFORD PARA A GE (CONTINUACAO);SANDRO METREVELLE MARCONDES DE LIMA E SILVA;IEM;03/01/2022;30/06/2022;SIM;R$11.072,66;R$11.072,66
PJ011-2022;2022;"CLUBE DE LEITURA ""OS CASMURROS"" - 3ª  EDICAO";RONARA CRISTINA BOZI DOS REIS;ICPA;01/02/2022;31/12/2022;NÃO;;
PJ012-2022;2022;CERTIFICACAO E ENSAIOS DE PRODUTOS DE TECNOLOGIA DA INFORMACAO E TELECOMUNICACAO;JOSE CARLOS GRILO RODRIGUES;ISEE;03/01/2022;31/07/2022;NÃO;R$23.815,54;
PJ013-2022;2022;TODOS SOMOS LEITORES 2022;FABRICIO SILVEIRA CHAVES;ISEE;24/01/2022;30/12/2022;NÃO;;
PJ014-2022;2022;UNIFEI FINANCE ITABIRA 2022 - 3ª EDICAO;RONARA CRISTINA BOZI DOS REIS;ICPA;03/01/2022;31/12/2022;NÃO;;
PJ016-2022;2022;MODELO HIDROLOGICO (MGP E SMAP);BENEDITO CLAUDIO DA SILVA;IRN;06/01/2022;03/03/2022;SIM;R$2.400,00;R$2.400,00
CR001-2022;2022;CURSO DE EMPREENDEDORISMO E INOVACAO -  POS-GRADUACAO NO CEGE FACE UFMG;RICARDO LUIZ PEREZ TEIXEIRA;IEI;01/02/2022;24/02/2022;SIM;R$3.000,00;R$3.000,00
EV001-2022;2022;2° SEMINARIO DO MESTRADO PROFISSIONAL DA ENGENHARIA HIDRICA;MARIA RITA RAIMUNDO E ALMEIDA;IRN;01/02/2022;30/06/2022;NÃO;;
PD001-2022;2022;ENSAIOS ELETRICOS - FAPEPE;ESTACIO TAVARES WANDERLEY NETO;ISEE;01/01/2022;31/12/2022;NÃO;R$161.736,91;
PD002-2022;2022;ENSAIOS ELETRICOS - FUPAI;ESTACIO TAVARES WANDERLEY NETO;ISEE;01/01/2022;31/12/2022;NÃO;R$423.141,76;
PD003-2022;2022;BOLETINS MENSAIS INFORMATIVOS DO MONIORAMENTO DA QUALIDADE DO AR EM ITABIRA/MG (FLUXO CONTINUO) - PARTE 2 (RENOVACAO);ANA CAROLINA VASQUES FREITAS;ICPA;01/01/2022;30/06/2022;SIM;;
PJ017-2022;2022;I JORNADA ITAJUBENSE E ITABIRANA DE CIENCIA, TECNOLOGIA E EDUCACAO (I JITACITE/UNIFEI).;JOAO RICARDO NEVES DA SILVA;IFQ;01/02/2022;31/12/2022;NÃO;R$300.000,00;
PJ018-2022;2022;ANALISE DO COMPORTAMENTO MECANICO DE TRANSFORMADOR DE CORRENTE;SEBASTIAO SIMOES DA CUNHA JUNIOR;IEM;17/01/2022;31/12/2022;SIM;R$15.750,00;R$15.750,00
PJ019-2022;2022;CLUSTER DE HIDROGENIO VERDE NA UNIFEI;EDSON DA COSTA BORTONI;ISEE;17/01/2022;30/06/2022;NÃO;R$63.000,00;
PG001-2022;2022;PROGRAMA CIENTISTA EMPREENDEDOR JR.;GISELLE DE PAULA QUEIROZ CUNHA;ICPA;10/01/2022;31/12/2022;NÃO;R$21.600,00;
PG002-2022;2022;PROGRAMA DE DESENVOLVIMENTO DE CULTURA EM EMPREENDEDORISMO E INOVAÇÃO;GISELLE DE PAULA QUEIROZ CUNHA;ICPA;10/01/2022;31/12/2022;NÃO;R$19.200,00;
PG003-2022;2022;PROGRAMA DE ESTÍMULO À PROPRIEDADE INDUSTRIAL;GISELLE DE PAULA QUEIROZ CUNHA;ICPA;10/01/2022;31/12/2022;NÃO;;
PJ064-2021;2021;APLICACAO DE ARPS EM AGRICULTURA DE PRECISAO;ALEXANDRE CARLOS BRANDAO RAMOS;IMC;12/03/2021;31/12/2021;SIM;R$13.171,00;R$13.171,00
PJ077-2021;2021;UIRA AERODESIGN;YOHAN ALI DIAZ MENDEZ;IEM;15/03/2021;31/12/2021;SIM;R$9.999,96;R$9.999,96
PJ020-2022;2022;PRESTACAO DE SERVICO DO LABORATORIO DE CARACTERIZACAO ESTRUTURA (22);GEOVANI RODRIGUES;IEM;24/01/2022;31/12/2022;NÃO;R$6.900,00;
PJ021-2022;2022;APLICACAO DE METODOS COMPUTACIONAIS PARA PREVISAO DE DURACAO E FREQUENCIA DE INTERRUPCAO DE ENERGIA EM ESTACOES;EDVARD MARTINS DE OLIVEIRA;IESTI;25/01/2022;31/12/2022;NÃO;R$30.888,89;
PJ022-2022;2022;DESENVOLVIMENTO DE MODELOS PARA ESTIMAR CUSTOS E BENEFICIOS DA MICRO E MINIGERACAO DISTRIBUIDA;BENEDITO DONIZETI BONATTO;ISEE;01/03/2021;31/12/2022;NÃO;R$50.000,00;
PJ023-2022;2022;"PLANEJAMENTO E OPERACAO DO SISTEMA ELETRICO""";MICHELLE SIMOES REBOITA;IRN;27/01/2022;28/01/2022;SIM;R$1.800,00;R$1.800,00
PJ164-2021;2021;NINJA 2021.2;OTAVIO DE SOUZA MARTINS GOMES;IESTI;26/09/2021;31/12/2021;SIM;;
PJ165-2021;2021;CIENCIA SOLIDARIA - ORGANIZACAO E ENTREGA DAS ARRECADACOES DE PRESENTES NO CAMPUS DE ITABIRA;GABRIELA DA FONSECA DE AMORIM;ICPA;16/12/2021;26/12/2021;SIM;;
PJ025-2022;2022;CURSOS MASSIVOS ABERTOS ONLINE (MOOC) - UNIFEI;ADRIANA CRISTINE SILVA CORREA;CEDUC;28/01/2022;31/12/2022;NÃO;;
PJ024-2022;2022;CURSO ASSISTENCIAL THEODOMIRO SANTIAGO - CATS;EDMILSON MARMO MOREIRA;IESTI;27/01/2022;31/12/2022;NÃO;;
PJ024-2022;2022;CURSO ASSISTENCIAL THEODOMIRO SANTIAGO - CATS;ANTONIO CARLOS ZAMBRONI DE SOUZA;ISEE;27/01/2022;31/12/2022;NÃO;;
EV002-2022;2022;ENGENHEIROS SEM FRONTEIRAS - NUCLEO ITABIRA: INTEGRESF 2022 - 1º EDICAO;GABRIELA DA FONSECA DE AMORIM;ICPA;01/03/2022;01/04/2022;SIM;;
PJ027-2022;2022;ENSINO DE LÓGICA EM PROGRAMAÇÃO: INTRODUCAO DA LOGICA DE PROGRAMCAO PARA ALUNOS DO ENSINO FUNDAMENTAL E MEDIO;PAULO JOSE LAGE ALVARENGA;ICT;14/02/2022;31/12/2022;NÃO;R$34.392,80;
PJ026-2022;2022;PRESTACAO DE SERVICOS DE METALOGRAFIA, ENSAIOS MECANICOS, ANALISE DE COMPOSICAO QUIMICA, MICROSCOPIA OTICA, TRATAMENTOS TERMICOS, MEDICAO DE DUREZA E MICRODUREZA, MEDICAO DE ESPESSURA POR ULTRASSOM, QUALIFICACAO DE SOLDADORES E QUALIFICACAO DE PROCEDIMENTOS DE SOLDAGEM.;EDMILSON MARMO MOREIRA;IEM;10/02/2022;31/12/2022;NÃO;;
PJ070-2021;2021;CONTROLADOR DE VOO EMBARCADO PARA VANTS (FREE-PILOT);YOHAN ALI DIAZ MENDEZ;IEM;12/03/2021;13/12/2021;SIM;;R$15.893,92
PJ082-2021;2021;BEYOND ROCKET DESIGN;ANTONIO AUGUSTO ARAUJO PINTO DA SILVA;IEM;06/03/2021;31/12/2021;SIM;;
PJ114-2021;2021;CONCECTANDO O CAMPO E A CIDADE: COMERCIALIZACAO NA AGRICULTURA FAMILIAR;SILMARA CRISTINA BALDISSERA KABAYAMA;IEM;04/05/2021;31/12/2021;SIM;;R$10.000,00
PJ112-2021;2021;REDE LOCAL DE ECONOMIA SOLIDARIA: RECONHECIMENTO E FORTALECIMENTO DO ARTESANATO EM ITAJUBA;LEONARDO KYO KABAYAMA;IEM;04/05/2021;31/12/2021;SIM;;R$10.000,00
PJ087-2021;2021;PROJETO ECOVEICULO COMBUSTAO;JOSE HAMILTON CHAVES GORGULHO JUNIOR;IEPG;15/03/2021;31/12/2021;SIM;R$9.970,38;R$9.970,38
PJ085-2021;2021;DESAFIO SAMPE ITABIRA;ANDREZA DE SOUSA ANDRADA;IEI;20/03/2021;20/12/2021;SIM;R$10.000,00;R$10.000,00
PJ083-2021;2021;CHEETAH E-RACING UNIFEI;FELIPE DE SOUZA ELOY;IEM;06/03/2021;31/12/2021;SIM;R$10.000,00;R$10.000,00
PJ080-2021;2021;L.O.T.S AERODESING;RENY ANGELA RENZETTI;IEI;06/03/2021;31/12/2021;SIM;R$9.912,00;R$9.912,00
PJ075-2021;2021;EQUIPE UAI!RRIOR DE ROBÓTICA;TALES CLEBER PIMENTA;IESTI;06/03/2021;31/12/2021;SIM;R$109.270,00;R$109.270,00
PJ074-2021;2021;VEICULO BAJA-SAE;JOSE CARLOS DE LACERDA;IEI;06/03/2021;31/12/2021;SIM;R$9.912,00;R$9.912,00
PJ072-2021;2021;DESENVOLVIMENTO DE AERONAVES NÃO TRIPULADAS INTELIGENTES PARA A INTERNATIONAL MICRO AIR VEHICLE COMPETITION AND CONFERENCE (imav);BRUNO GUAZZELLI BATISTA;IMC;06/03/2021;31/12/2021;SIM;R$9.882,62;R$9.882,62
PJ068-2021;2021;ESCALONAMENTO (SCALE UP) DE PROCESSO DE OBTENCAO DE PIGMENTOS CERAMICOS A BASE DE CROMO EMPREGANDO RESIDUOS INSDUSTRIAIS;ROSSANO GIMENES;IFQ;12/03/2021;31/12/2021;SIM;R$17.700,00;
PJ060-2021;2021;PROTOTIPAGEM DO SISTEMA ESTABILIZADOR PARA SENSORIAMENTO REMOTO DO PERFIL VERTICAL DO VENTO EM SISTEMAS AQUATICOS;ARCILAN TREVENZOLI ASSIREU;IRN;12/03/2021;31/12/2021;NÃO;R$13.240,00;
CR003-2022;2022;DISCIPLINA RECURSOS DE TECNOLOGIA - POS-GRADUCAO CBI OF MIAMI;GUILHERME SOUSA BASTOS;IESTI;21/03/2022;31/12/2022;NÃO;R$1.100,00;
CR002-2022;2022;DISCIPLINA  - A UTILIZACAO DAS NOVAS TECNOLOGIAS NA EDUCACAO ESPECIAL - CBI OF MIAMI;GUILHERME SOUSA BASTOS;IESTI;18/05/2022;31/12/2022;NÃO;R$2.200,00;
PJ024-2022;2022;CURSO ASSISTENCIAL THEODOMIRO SANTIAGO - CATS;EDMILSON MARMO PEREIRA;IESTI;27/01/2022;31/12/2022;NÃO;;
PJ057-2021;2021;"PODCATS ""VAMOS NOS REUNIR!"" SOBRE AS EXPERIÊNCIAS DE ORGANIZAÇÃO SOCIAL DA AGRICULTURA FAMILIAR NO SUL DE MINAS GERAIS";VIVIANE GUIMARAES PEREIRA;IEPG;05/04/2021;15/12/2021;SIM;R$10.000,00;R$10.000,00
CR004-2022;2022;ELETRONICA DE POTENCIA APLICADA A SISTEMAS ELÉTRICOS - FASE 2;RONDINELI RODRIGUES PEREIRA;IESTI;08/02/2022;31/03/2022;SIM;R$4.221,04;R$4.221,04
PJ079-2021;2021;CHEETAH E-RACING UNIFEI;BRUNO SILVA DE SOUSA;IEM;08/03/2021;31/12/2021;SIM;R$9.999,40;R$9.999,00
PD004-2022;2022;ESTUDOS PARA APRIMORAMENTO DE SINALIZADOR DE FALTAS EM REDES DE DISTRIBUICAO - FINALIZAÇÃO;ESTACIO TAVARES WANDERLEY NETO;ISEE;21/02/2022;20/07/2022;SIM;R$14.063,55;R$14.063,55
EV003-2022;2022;FEIRA DE OPORTUNIDADES 2022 - 1ª EDICAO;GABRIELA DA FONSECA DE AMORIM;ICPA;15/02/2022;01/04/2022;SIM;;
CR005-2022;2022;DESENVOLVIMENTO ORIENTADO A MODELO UTILIZANDO A PLATAFORMA PEGA;BRUNO GUAZZELLI BATISTA;IMC;20/01/2022;30/04/2022;SIM;R$57.000,00;R$57.000,00
PJ034-2022;2022;ENSAIO DE ANALISE REOLOGICA;ANTONIO JOSE FARIA BOMBARD;IFQ;21/02/2022;31/12/2022;NÃO;R$1.352,26;
PJ033-2022;2022;EDUCACAO FINANCEIRA PARA A POPULACAO - DIFUSAO DE CONHECIMENTO EM RADIO FM E MIDIAS SOCIAIS;ANDRE LUIZ MEDEIROS;IEPG;01/01/2022;31/12/2022;NÃO;;
PJ032-2022;2022;ESTUSO SOBRE OS INDICADORES DA RELACAO ALUNO/PROFESSOR (RAP) E DA RELACAO ALUNOS/TECNICOS (RAT) PARA UNIVERSIDADES PUBLICAS;JOSE ARNALDO BARRA MONTEVECHI;IEPG;01/03/2022;30/10/2022;NÃO;R$45.000,00;
PJ031-2022;2022;ESTUDO SOBRE INDICADORES DA RELACAO ALUNO/PROFESSOR (RAP) E DA RELACAO ALUNOS/TECNICOS (RAT) PARA UNIVERSIDADES PUBLICAS FEDERAIS;JOSE ARNALDO BARRA MONTEVECHI;IEPG;01/03/2022;30/10/2022;NÃO;R$35.000,00;
EV004-2022;2022;"SEMINARIO INTERNATIONAL ""A ECONOMIA DA MANTIQUEIRA""";MOISES DINIZ VASSALLO;IEPG;08/03/2022;11/03/2022;SIM;;
CR008-2022;2022;POLITICA ENERGETICA, GERACAO E USO DE ENERGIA;ROGERIO JOSE DA SILVA;IEM;31/03/2022;28/07/2022;NÃO;;
CR007-2022;2022;PROGRAMA DE CAPACITACAO PROFISSIONAL EM PROJETO DE SISTEMA ENXUTO EM MFOCO EM AMBIENTE DE ELEVADA VARIEDADE - GENERAL ELETRIC ITAJUBA;JOSE ANTONIO DE QUEIROZ;IEPG;14/03/2022;31/12/2022;NÃO;R$73.500,00;
CR006-2022;2022;NUCLEO DE EDCACAO ONLINE E ABERTA;DANIELLA RIBEIRO LOPES;NEOA;24/02/2022;15/04/2022;SIM;;
PJ038-2022;2022;ENSAIOS LABORAIS PARA CARACTERIZAÇÃO DE MATERIAIS E ESTRUTURAS;ANTONIO CARLOS ANCELOTTI JUNIOR;IEM;21/02/2022;31/12/2022;NÃO;R$80.000,00;
PJ037-2022;2022;ALIANCA PROFESSOR-PESQUISADOR PARA INVESTIGACAO DA APRENDIZAGEM EM MATEMATICA - ASPPIAm;FLAVIA SUELI FABIANI MARCATTO;IMC;28/03/2022;20/12/2022;NÃO;;
PJ041-2022;2022;CONTINUIDADE PROJETO PJ083-2020 E PJ024-2021 - CONFLITOS RURAIS DO MÉRIO RIO DOCE (MG): RESISTÊNCIA DE COMUNIDADES QUILOMBOLAS E GRANDES EMPREENDIMENTOS ECONÔMICOS;LEONARDO FERREIRA REIS;ICPA;03/03/2022;31/12/2022;NÃO;;
PJ042-2022;2022;DETERMINACAO DE LIMITES DE INFLAMABLIDADEDE DO VINHO FORNECIDO PELA EMPRESA VINICOLA GUASPARI;CHRISTIAN JEREMI CORONADO RODRIGUEZ;IEM;07/03/2022;06/06/2022;SIM;R$13.888,08;R$13.888,08
CR009-2022;2022;O MODELO ATMOSFERICO WRF: INTRODUCAO, UTILIZADO E AVALIACAO DE RESULTADDOS;VANESSA SILVEIRA BARRETO CARVALHO;IRN;18/03/2022;22/03/2022;SIM;;
CR010-2022;2022;PLANEJANDO UMA DISCIPLINA EM 3 DIMENSÕES: CONTEUDO, COMPETÊNCIA E CONHECIMENTO;MILADY RENATA APOLINARIO DA SILVA;ICPA;31/03/2022;31/03/2022;SIM;;
PJ044-2022;2022;ENGENHEIROS DA ALEGRIA;LUCILENE DE OLIVEIRA RODRIGUES CHAVES;IEM;20/03/2022;20/12/2022;NÃO;;
PJ043-2022;2022;CURSO ASSISTENCIAL THEODOMIRO SANTIAGO - CAAI;PATRICIA DA SILVA LOPES ALEXANDRINO;IEM;01/02/2022;31/12/2022;NÃO;;
PJ088-2021;2022;EQUIPE DE COMPETICAO AUTOMOTOR IEI;LEONARDO ALBERGARIA OLIVEIRA;IEI;08/03/2021;31/12/2021;SIM;R$9.939,00;R$9.939,00
EV005-2022;2022;INTEGRA 2022;PATRICIA DA SILVA LOPES ALEXANDRINO;IEM;28/03/2022;08/04/2022;SIM;;
PJ066-2022;2022;UIRA MICRO;GUILHERME FERREIRA GOMES;IEM;08/03/2022;30/12/2022;NÃO;R$12.390,00;
PJ063-2022;2022;MARATONA DE PROGRAMACAO;LUIZ OLMES CARVALHO;IMC;14/03/2022;31/12/2022;NÃO;R$12.750,00;
PJ062-2022;2022;LOTS AERODESIGN;RENY ANGELA RENZETTI;IEI;10/03/2022;31/12/2022;NÃO;R$10.974,00;
PJ059-2022;2022;EX MACHINA;OTAVIO DE SOUZA MARTINS GOMES;IESTI;14/03/2022;31/12/2022;NÃO;R$13.000,00;
PJ055-2022;2022;ECOVEICULO ELETRICO;GABRIEL ANTONIO FANELLI DE SOUZA;IESTI;15/03/2022;31/12/2022;NÃO;R$12.998,38;
PJ053-2022;2022;DRUMONSTERS: ENGENHARIA APLICADA II;JULIANO DE ALMEIDA MONTE MOR;ICT;08/03/2022;31/12/2022;NÃO;R$10.000,00;
PJ051-2022;2022;COYOTES MOTORACING UNIFEI;PAULO PEREIRA JUNIOR;IEM;14/03/2022;30/12/2022;NÃO;R$13.000,00;
PJ050-2022;2022;CHEETAH RACING UNIFEI;BRUNO SILVA DE SOUSA;IEM;08/03/2022;30/12/2022;NÃO;R$13.000,00;
PJ046-2022;2022;MEDICAO DA CONDUTIVIDADE TERMICA DE UM CREME PARA REDE;SANDRO METREVELLE MARCONDES DE LIMA E SILVA;IEM;15/03/2022;31/07/2022;SIM;R$1.307,19;R$1.307,19
PJ045-2022;2022;DESENVOLVIMENTO DE PROGRAMA/MODULO DE CALCULO ESTRUTURAL PARA REATORES;JESUS ANTONIO GARCIA SANCHEZ;IEM;14/03/2022;31/12/2022;NÃO;R$42.915,07;
PJ057-2022;2022;EQUIPE UAI!RRIOR DE AUTONOMOS;KLEBER ROBERTO DA SILVA SANTOS;IESTI;08/03/2022;31/12/2022;NÃO;R$39.360,00;
PJ064-2022;2022;TAMARUTACA: MARATONA DE PROGRAMACAO;PAULO JOSE LAGE ALVARENGA;ICT;08/03/2022;31/12/2022;NÃO;R$13.000,00;R$13.000,00
PJ056-2022;2022;EQUIPE SACI BAJA SAE;JEAN CARLO CESCON PEREIRA;IEM;22/03/2022;31/12/2022;NÃO;R$12.921,22;R$12.921,22
PJ047-2022;2022;BLACK BEE DRONES;BRUNO GUAZZELLI BATISTA;IMC;08/03/2022;31/12/2022;NÃO;R$12.868,76;
EV008-2022;2022;1º ENCONTRO SUL-MINEIRO EM HISTORIAM FILOSOFIA E ENSINO DE CIENCIAS;EVANDRO FORTES ROZENTALSKI;IFQ;26/04/2022;29/04/2022;SIM;;
EV007-2022;2022;PERSPECTIVA DA ECONOMIA PARA 2022 - O QUE ESPERAR DA ECONOMIA DO BRASIL E DE ITAJUBÁ PARA 2022;ANDRE LUIZ MEDEIROS;IEPG;24/03/2022;24/03/2022;SIM;;
EV006-2022;2022;TROTE SOLIDARIO 2022 DO CENTRO ACADEMICO DE ENGENHARIA DE SAUDE E SEGURANÇA (CAESS);GABRIELA DA FONSECA DE AMORIM;ICPA;25/03/2022;08/04/2022;SIM;;
CR012-2022;2022;MACROS E VBA PARA PLANILHAS ELETRONICAS - TURMA 2022.1;CARLOS HENRIQUE PEREIRA MELLO;IEPG;05/04/2022;09/08/2022;NÃO;;
CR011-2022;2022;TINYML - APRENDIZADO DE MÁQUINA APLICADO PARA DISPOSITIVOS IOT EMBARCADOS;JOSE ALBERTO FERREIRA FILHO;IESTI;30/03/2022;30/07/2022;SIM;;
PJ077-2022;2022;JORNADA DE FISICA PARA ALUNOS DO ENSINO MEDIO;GABRIEL RODRIGUES HICKEL;IFQ;01/04/2022;30/09/2022;NÃO;R$8.400,00;
PJ076-2022;2022;SUA CIENCIA NA UNIFEI;HEKTOR STHENOS ALVES MONTEIRO;IFQ;01/04/2022;01/12/2022;NÃO;R$7.200,00;
PJ075-2022;2022;TESTES DE PROFICIENCIA EM ELIMINADORES DE AR;CARLOS BARREIRA MARTINEZ;IEM;07/03/2022;31/12/2022;NÃO;R$30.000,00;
PJ074-2022;2022;PREVISOES DE VAZOES PARA USINAS HIDROELETRICAS DE VE ENERGIA;BENEDITO CLAUDIO DA SILVA;IRN;21/02/2022;19/08/2022;NÃO;R$19.491,52;
PJ073-2022;2022;ESTUDO DOS CICLONES NO ATLANTICO SUL EM PROJECOES CLIMATICAS;MICHELLE SIMOES REBOITA;IRN;15/05/2022;15/11/2022;NÃO;R$14.738,16;
PJ072-2022;2022;CENTRO DE EXCELENCIA EM VOLEI DE PRAIA: DA FORMACAO AO RENDIMENTO;RICARDO DE MELO DIAS;DSQ;01/04/2022;31/12/2022;NÃO;R$10.000,00;
PJ071-2022;2022;MEDICAO DA CONDUTIVIDADE TERMICA DE MATERIAISI COMPOSITOS USANDO O METODO DA PLACA QUENTE;SANDRO METREVELLE MARCONDES DE LIMA E SILVA;IEM;15/03/2022;31/07/2022;SIM;;R$10.457,52
PJ070-2022;2022;CURSO DE ANALISE DE INVESTIMENTOS - FUNDACAO GORCEIX UFOP MARCO 2022;CLEBER GONCALVES JUNIOR;IEPG;21/03/2022;26/03/2022;SIM;R$5.000,00;R$4.500,00
PJ069-2022;2022;CARACTERIZACAO DE PROPRIEDADES TERMICAS EM AMOSTRAS DE CABOS DE RUTHERFORD HETEROGENEAS;SANDRO METREVELLE MARCONDES DE LIMA E SILVA;IEM;01/04/2022;31/12/2022;NÃO;R$15.224,92;
PJ065-2022;2022;UIRA AERODESIGN;YOHAN ALI DIAZ MENDEZ;IEM;08/03/2022;31/12/2022;NÃO;R$12.360,00;
PJ052-2022;2022;DEV-U;PEDRO HENRIQUE DEL BIANCO HOKAMA;IMC;14/03/2022;31/12/2022;NÃO;R$3.821,00;
PJ048-2022;2022;BEYOND ROCKET DESIGN;CARLOS EDUARDO CORREA MOLINA;IEM;14/03/2022;31/12/2022;NÃO;R$13.000,00;
PJ119-2021;2022;FEIRA DE ESTAGIOS EM ENGENHARIA DE ITABIRA - FEEI;TABATA FERNANDES PEREIRA;IEI;03/05/2021;31/12/2021;SIM;R$10.000,00;
CR013-2022;2022;FORMACAO COMPLEMENTAR EM REDES DE COMPUTADORES;RODRIGO APARECIDO DA SILVA BRAGA;ICT;15/04/2022;16/12/2022;NÃO;R$1.000,00;
PJ102-2022;2022;ENGENHEIROS SEM FRONTEIRAS E UNIFEI: ACOES DE IMPACTO SOCIAL COM FOCO NA CIDADE DE ITABIRA;GABRIELA DA FONSECA DE AMORIM;ICPA;01/04/2022;31/12/2022;NÃO;R$10.000,00;
PJ099-2022;2022;DISSEMINACAO DE INFORMACOES HODROMETEOROLOGICAS E AMBIENTAIS PARA A POPULACAO ITAJUBENSE - EDICAO 2022;MICHELLE SIMOES REBOITA;IRN;01/04/2022;31/12/2022;NÃO;R$10.000,00;
PJ097-2022;2022;MAQUINAS DE LEONARDO DA VINCI - 2022;EDELMA ELETO DA SILVA;ICPA;01/04/2022;30/12/2022;NÃO;R$7.400,00;
PJ095-2022;2022;POMAR URBANO COMUINITÁRIO DO BAIRRO ANHUMAS;CARLOS EDUARDO CORREA MOLINA;IEM;01/04/2022;31/12/2022;NÃO;R$10.000,00;
PJ093-2022;2022;DISSEMINACAO DE CULTURA DE SEGURANCA QUIMICA DNA UNIFEI PARTE II - O DESENVOLVIMENTO DO PLANO DE EMERGENCIA;MILADY RENATA APOLINARIO DA SILVA;IFQ;01/04/2022;31/12/2022;NÃO;R$10.000,00;
PJ092-2022;2022;GRUPO DE ESTUDOS INTERDISCIPLINARES E FORMACAO DE PROFESSORES: ABORDAGENS PRATICAS INVESTIGATIVAS PARA NOVOS CONTEXTOS DE ENSINO;EVANDRO FORTES ROZENTALSKI;IFQ;01/04/2022;31/12/2022;NÃO;R$10.000,00;
PJ091-2022;2022;DESENVOLVIMENTO DE PROJETOS DE ENGENHARIA PARA REVITALIZAÇÃO DAS INSTALAÇÕES DO PARQUE ECOLOGICO DO BAIRRO JUCA BATISTA EM ITABIRA - MG;GABRIELA DA FONSECA DE AMORIM;ICPA;01/04/2022;31/12/2022;NÃO;R$9.600,00;
PJ090-2022;2022;PROJETO SIMBIOSE NOS MARINS;ROGERIO MELLONI;IRN;01/04/2022;31/12/2022;NÃO;R$9.939,45;
PJ089-2022;2022;REDE CAMARGO DE ENGENHARIA POPULAR:PRESERVACAO AMBIENTAL E ASSOCIATIVISMO NA COLETA DE MATERIAIS RECICLAVEIS;LEONARDO FERREIRA REIS;ICPA;04/04/2022;31/12/2022;NÃO;R$9.954,00;
PJ088-2022;2022;RENEWABLE ENERGIES OPEN EDUCATION FOR SUSTAINANABLE AND SMART LIVING;BENEDITO DONIZETI BONATTO;ISEE;01/04/2022;31/12/2022;NÃO;R$9.992,34;
PJ087-2022;2022;REVISTA AMAN-TI-KYR: ESTUDOS INTERDISCIPLINARES EM EDUCACAO;ALESSANDRA RODRIGUES;IFQ;01/04/2022;31/12/2022;NÃO;R$7.200,00;
PJ086-2022;2022;TRAJETORIA  DA CABACA NA TERRA CAIPIRA PAULISTA E MINEIRA - EXPOSICAO ITINERANTE;ADILSON DA SILVA MELLO;IEPG;04/04/2022;37/12/2022;NÃO;R$9.984,95;
PJ085-2022;2022;DE 22 A 22: ANTROFAGIAS BRASILEIRAS;MARCIA DE SOUZA LUZ FREITAS;IFQ;01/04/2022;31/12/2022;NÃO;R$6.400,00;
PJ084-2022;2022;CURSO DE EXTENSÃO: PRATICA SOBRE DESENVOLVIEMNTO, TECNOLOGIA E SOCIEDADE;CARLOS ALBERTO MAXIMO PIMENTA;IEPG;01/04/2022;31/12/2022;NÃO;R$9.900,00;
PJ081-2022;2022;CONSCIENCIA: ORGANIZACAO DA COLETA SELETIVA NAS REPUIBLICAS ESTUDANTIS ITAJUBA MG;DENISE RANSOLIN SORANSO;IEPG;01/04/2022;31/12/2022;NÃO;R$10.000,00;
PJ080-2022;2022;COLOQUIOS INTERDISCIPLINARES;EDUARDO HENRIQUE SILVA BITTENCOURT;IFQ;01/04/2022;31/12/2022;NÃO;R$9.600,00;
PJ078-2022;2022;APLICATIVO MOVEL PARA O POSICIONAMENTO DE PESSOAS COM DEFICIÊNCIA VISUAL DENTRO DE PRÉDIOS.;LINA MARIA GARCES RODRIGUEZ;IMC;01/04/2022;31/12/2022;NÃO;R$10.000,00;
CR015-2022;2022;FUNCAMENTOS DE EDUCACAO MATEMATICA CRITICA E JUSTICA SOCIAL: REPENSANDO A PRATICA DOCENTE;JOAO RICARDO NEVES DA SILVA;IFQ;18/04/2022;27/06/2022;NÃO;;
CR014-2022;2022;CURSO BASICO DE PLANILHA ELLETRONICA - EXCEL 1;CARLOS HENRIQUE PEREIRA MELLO;IEPG;04/04/2022;26/08/2022;NÃO;;
PJ105-2022;2022;TIME ENACTUS UNIFEI ITAJUBA;LUIZ EUGENIO VENEZIANI PASIN;IEPG;22/03/2022;31/12/2022;NÃO;;
PJ104-2022;2022;CISCO NETWORKKING ACADEMY;LUIZ LENARTH GABRIEL VERMAAS;IESTI;28/03/2022;31/12/2022;NÃO;;
PJ103-2022;2022;MAPA DE ATIVIDADES ÁRA PLANEJAMENTO DE CURSOS EAD (MOOC);DANIELLA RIBEIRO LOPES;NEOA;01/04/2022;09/12/2022;NÃO;;
PJ100-2022;2022;DIVULGACAO BOTANICA:FLORA DA MANTIQUEIRA;HISAIAS DE SOUZA ALMEIDA;IRN;01/04/2022;31/12/2022;NÃO;R$9.970,45;
PJ098-2022;2022;FEIRA DE SAUDE COMUNITARIA ITABIRANA;FELIPE PEREIRA ROCHA;ICPA;01/04/2022;31/12/2022;NÃO;R$9.900,00;
PJ094-2022;2022;PROJETO RECRIAR;THIAGO CLE DE OLIVEIRA;ISEE;01/04/2022;31/12/2022;NÃO;R$9.915,00;
EV009-2022;2022;CICLO DE SEMINARIOS DO PROGRAMA DE POS-GRADUACAO MULTICENTRICO EM QUIMICA DE MINAS GERAIS;MARCOS ROBERTO DE ABREU ALVES;IEI;27/04/2022;13/07/2022;NÃO;;
PJ109-2022;2022;TRILHAS DA APRENDIZAGEM;ALICE CRISTINA FIGUEIREDO;CEG-CI;01/04/2022;21/12/2022;NÃO;;
PJ108-2022;2022;LONGE DE CASA;FLAVIA LUDOVICO DE MATOS;DSQ;12/04/2022;06/05/2022;SIM;;
PJ106-2022;2022;GOVERNANCA E GESTAO DOS AMBIENTES PROMOTORES DE INOVACAO - DIMENSAO DE MECANISMOS DE GERACAO DE EMPREENDIMENTOS DA UNIFEI;GISELLE DE PAULA QUEIROZ CUNHA;ICPA;16/04/2022;31/12/2022;NÃO;R$9.600,00;
PJ101-2022;2022;ELABORACAO DE UM MODELO DE SISTEMA DE ESGOTAMENTO SANITARIO PARA ZONA RURAL: ESTUDO DE CASO DO BAIRRO RURAL PESSEGUEIRO / ITAJUBÁ;MARCIA VIANA LISBOA MARTINS;IRN;01/04/2022;31/12/2022;NÃO;R$1.000,00;
EV010-2022;2022;RODA DE CONVERSA E ACOLHIMENTO ACADÊMICO;ISABEL CRISTINA DA SILVA ARANTES ;IEPG;08/04/2022;29/04/2022;NÃO;;
PJ114-2022;2022;TECHNOLOGICAL PEDAGOGICAL CONTENT KNOWLEDGE (TPACK): PROFESSIONAL DEVELOPMENT IN UNIVERSITY TEACHING (MOOC);ANA PAULA SILVA FIGUEIREDO;IRN;11/04/2022;09/12/2022;NÃO;;
PJ113-2022;2022;ATUACAO DOS LICENCIADOS DA UNIFEI EM ATIVIDADES DE MONITORIA ON-LINE E PRESENCIAL PARA ALUNOS DA EDUCACAO BASICA: FORMACAO EM PRATICA DE SALA DE AULA;RODRIGO SILVA LIMA;IMC;02/05/2022;31/12/2022;NÃO;;
PJ112-2022;2022;METODOLOGIAS ATIVAS - MOOC;LUCIANA FATIMA DE ARAUJO GONCALVES FERREIRA;NEOA;11/04/2022;09/12/2022;NÃO;;
PJ111-2022;2022;ENSAIO DE ENVELHECIMENTO TERMICO EM MOTOR DE INDUCAO TRIFASICO;GUSTAVO PAIVA LOPES;ISEE;11/04/2022;30/06/2022;SIM;R$84.999,99;R$84.999,99
PJ110-2022;2022;CARACTERIZACAO DA MICROBACIA DO ISIDORO - SUB-BACIA DO RIO DAS VELHAS PARA FINS DE RECUPERACAO DE AREAS DEGRADADAS;ELIANE MARIA VIEIRA;ICPA;01/04/2022;31/12/2022;NÃO;R$15.741,48;
PJ107-2022;2022;GOVERNANCA E GESTAI DOS AMBIENTES PROMOTORES DE INOVACAO - DIMENSAO DOS ECOSSISTEMAS DE INOVACAO DO TERRITORIO DE ITABIRA E ITAJUBA ;GISELLE DE PAULA QUEIROZ CUNHA;ICPA;07/03/2022;31/12/2022;NÃO;R$9.600,00;
PJ083-2022;2022;CULTURA E MEIO AMBIENTE: NOS MEAMBROS DO ALTO SAPUCAÍ;RAFAEL DE PAIVA PEREIRA THIERS VIEIRA;DSQ;01/04/2022;31/12/2022;NÃO;R$9.902,87;
PG005-2022;2022;CRIACAO E/OU FORTALECIMENTO DE EMBIENTES PROMOTIRES DE INOVACAO;GISELLE DE PAULA QUEIROZ CUNHA;ICPA;16/02/2022;31/12/2022;NÃO;R$28.000,00;
CR016-2022;2022;FORRO DE SEGUNDA 2022;PATRICIA DA SILVA LOPES ALEXANDRINO;IEM;12/04/2022;31/07/2022;NÃO;;
PJ116-2022;2022;MONTAGEM DE UM EQUIPAMENTO DE SOLDAGEM POR DESCARGA CAPACITIVA;SANDRO METREVELLE MARCONDES DE LIMA E SILVA;IEM;14/04/2022;12/08/2022;NÃO;R$1.500,00;
PJ115-2022;2022;ENSAIO DE ENVELHECIMENTO TERMICO EM MOTOR DE INDUCAO TRIFASICO;GUSTAVO PAIVA LOPES;ISEE;12/04/2022;30/06/2022;SIM;R$85.000,00;R$85.000,00
PJ117-2022;2022;UNIVERSIDADE CULTURAL: ESTIMULANDO A CULTURA NO CAMPUS E NA CIDADE DE ITAJUBA;JOSE HAMILTON CHAVES GORGULHO JUNIOR;IEPG;25/04/2022;31/12/2022;NÃO;;
CR017-2022;2022;TECNICAS DE REDACAO CIENTIFICA E APRESENTACAO ORAL - 2022;ELIANE MARIA VIEIRA;ICPA;24/05/2022;28/06/2022;NÃO;;
PJ122-2022;2022;TAXONOMIA DE BLOOM - MOOC;DANIELLA RIBEIRO LOPES;NEOA;25/04/2022;09/12/2022;NÃO;;
PJ121-2022;2022;GERENCIAMENTO DE FORUNS ON-LINE - MOOC;DANIELLA RIBEIRO LOPES;NEOA;11/04/2022;09/12/2022;NÃO;;
PJ120-2022;2022;CENTRO DE ESTUDANTES VOLUNTÁRIOS AMIGOS DE ITAJUBA-CEVAI;LUIZ EUGENIO VENEZIANI PASIN;IEPG;06/04/2022;31/12/2022;NÃO;;
PJ119-2022;2022;FUNDCAO ASIMO;LUIZ LENARTH GABRIEL VERMAAS;ISEE;02/05/2022;31/12/2022;NÃO;;
PJ110-2022;2022;CARACTERIZACAO DA MICROBACIA DO IZIDORO - SUB-BACIA DO RIO  DAS VELHAS PARA FINS DE RECUPERACAO DE AREAS DEGRADADAS;ELIANE MARIA VIEIRA;ICPA;01/04/2022;31/12/2022;NÃO;R$15.741,48;
PJ096-2022;2022;NEWARMSTRONG;DEAN BICUDO KAROLAK;ICT;01/04/2022;31/12/2022;NÃO;R$9.998,00;
PJ118-2022;2022;CORETECH - DIVULGACAO DE CONHECIMENTO A RESPEITO DE TECNOLOGIA UTILIZANDO REDES SOCIAIS;WANDRE NUNES DE PINHO VELOSO;ICT;01/04/2022;31/12/2022;NÃO;R$9.600,00;
EV011-2022;2022;2º CICLO DE DEBATES - DIVERSIDADE E INCLUSAO;PAULO CEZAR NUNES JUNIOR;IFQ;01/05/2022;30/06/2022;SIM;;
PJ123-2022;2022;MOODLE BASICO - MOOC;DANIELLA RIBEIRO LOPES;NEOA;28/04/2022;09/12/2022;NÃO;;
PJ079-2022;2022;CANAL INCLUSIVO: PROMOVENDO INCLUSAO PELA INFORMACAO;ANA CAROLINA SALES OLIVEIRA;IFQ;01/04/2022;31/12/2022;NÃO;;
EV015-2022;2022;OFFICE DAY;DAILA DOS PASSOS VITORINO;DEI;02/05/2022;12/05/2022;NÃO;;
EV014-2022;2022;NÃO MEXE COM A MINHA COR - JORNADA SOBRE QUESTOES RACIAIS;PAULO CEZAR NUNES JUNIOR;IFQ;01/05/2022;31/05/2022;SIM;;
EV013-2022;2022;WORKSHOP CEU;DAILA DOS PASSOS VITORINO;DEI;02/05/2022;04/05/2022;NÃO;;
EV012-2022;2022;DEMODAY;DAILA DOS PASSOS VITORINO;PROEX;02/05/2022;28/05/2022;NÃO;;
EV020-2022;2022;9º SEMINARIO DE ENGENHARIA ELETRICA, CONTROLE E AUTOMACAO E COMPUTACAO;LUIZ FELIPE PUGLIESE;ICT;02/05/2022;31/10/2022;NÃO;;
EV019-2022;2022;OBSERVAÇÃO DO ECLIPSE LUNAR DE 15-16/MAIO/2022;GABRIEL RODRIGUES HICKEL;IFQ;08/05/2022;16/05/2022;SIM;;
EV018-2022;2022;MONITORIA E REFORÇO ESCOLAR - AMIGOS DE ITAJUBA;LUIZ EUGENIO VENEZIANI PASIN;IEPG;26/04/2022;30/07/2022;NÃO;;
EV017-2022;2022;ACAO REVITALIZAR - AMIGOS DE ITAJUBA;LUIZ EUGENIO VENEZIANI PASIN;IEPG;25/04/2022;30/07/2022;NÃO;;
EV016-2022;2022;PALESTRA: AS MÁQUINAS ADAPTATIVAS - SUA VANTAGEM COMPETITIVA;LUIZ LENARTH GABRIEL VERMAAS;IESTI;10/05/2022;10/05/2022;SIM;;
PJ126-2022;2022;SISTEMA INTEGRADO PARA TRATAMENTO E GESTAO DE DOENCAS CEREBROVASCULARES (DCV);SANDRO CARVALHO IZIDORO;ICT;16/05/2022;31/12/2022;NÃO;;
PJ125-2022;2022;TSUNAMI CHEERLEADING;ROSE MARIE BELARDI;ICPA;01/06/2022;30/12/2022;NÃO;;
CR018-2022;2022;PARTICIPACAO EM PROGRAMA DE FORMACAO E CAPACITACAO EM INOVACAO DE PROCESSIS DE AVALIACAO DE INVESTIMENTOS EM PPPS;JOSE ARNALDO BARRA MONTEVECHI;IEPG;16/05/2022;31/12/2022;NÃO;R$14.300,00;
CR019-2022;2022;PARTICIPACAO EM PROGRAMA DE FORMACAO E CAPACITACAO EM INOVACAO DE PROCESSIS DE AVALIACAO DE INVESTIMENTOS EM PPPS;EDSON DE OLIVEIRA PAMPLONA;IEPG;17/05/2022;30/12/2022;NÃO;R$22.000,00;
EV021-2022;2022;PIQUENIQUE CULTURAL E FESTIVAL DAS CORES;JOSE HAMILTON CHAVES GORGULHO JUNIOR;IEPG;15/05/2022;15/05/2022;SIM;;
EV022-2022;2022;I CONGRESSO EDUNI 2022;ZAQUEU OLIVEIRA DOS SANTOS;PRGP;13/05/2022;14/05/2022;NÃO;;
EV023-2022;2022;NOCOES SOBRE PRIMEIROS SOCORROS;DENISE RANSOLIN SORANSO;IEPG;21/06/2022;21/06/2022;SIM;;
EV024-2022;2022;20 ANOS DO CAAI - CURSO ASSISTENCIAL AMIGOS DE ITAJUBA;PAULO CESAR GONCALVES;CCH;17/05/2022;27/05/2022;NÃO;;
PJ127-2022;2022;CARACTERIZACAO EXPERIMENTAL DAS PROPRIEDADES MECANICAS DE UM TRANSFORMADOR DE CORRENTE;GUILHERME FERREIRA GOMES;IEM;16/05/2022;31/12/2022;NÃO;11568,65;
PJ128-2022;2022;ENSAIO DE ENVELHECIMENTO TERMICO EM MOTOR INDUCAO TRIFASICO;GUSTAVO PAIVA LOPES;ISSE;05/11/2022;31/12/2022;NÃO;R$85.000,00;
PJ129-2022;2022;MEDICAO DA CNDUTIVIDADE TERMICA EM PLACAS DE FIOS PARALELOS DE CABOS DE RUTHERFORD PARA A GE;SANDRO METREVELLE MARCONDES DE LIMA E SILVA;IEM;05/10/2022;31/12/2022;NÃO;11072,66;
PJ130-2022;2022;STARTUO TRAIL;TAISA CORREA;NIT;23/05/2022;27/05/2022;NÃO;;
PJ131-2022;2022;ESTUDO NUMERCO ACERCA DO COMPORTAMENTO MECANICO DE TRANSFORMADOR DE CORRENTE;YOHAN ALI DIAZ MENDEZ;IEM;17/05/2022;31/12/2022;NÃO;48431,34;
PJ132-2022;2022;ANALISE AMBIENTAL DE AMOSTRAS DE AGUA E SOLO;ELIANE GUIMARAES PEREIRA MELLONI;IRN;06/01/2022;31/12/2022;NÃO;48651,35;
PJ133-2022;2022;CARACTERIZACAO DE MATERIAIS;DANIEL THOMAZINI;IEM;06/01/2022;31/12/2022;NÃO;R$20.000,00;
PJ134-2022;2022;AVALIACAO DE PARECER TECNICO DEVIDO A IMPLANTACAO DO COMPENSADOR ESTATICO DE REATIVOS (CER) - SUBESTACAO PADRE PARAÍSO 2.;MAURICIO CAMPOS PASSARO;ISEE;13/05/2022;31/12/2022;NÃO;R$104.124,41;
PJ135-2022;2022;ACOES PARA MINIMIZAR A CONTAMINACAO NOSPOCOS/CISTERNAS DE AGUA DE ABASTECIMENTO DOS MORADORES DO BAIRRO PESSEGUEIRO/ITAJUBÁ/MG - 2022;ANA PAULA MONI SILVA;IRN;22/05/2022;31/12/2022;NÃO;;
PJ124-2022;2022;INCLUSAO DE CRIANCAS E ADOLESCENTES SPCIO ECONOMICAMENTES VULNERAVEIS USANDO ATIVIDADES PARA MOTIVACAI EM CARREIRAS NAS AREAS DE CIENCIA E ENGENHARIA;ROSSANO GIMENES;IFQ;01/04/2022;31/12/2022;NÃO;R$10.000,00;
EV025-2022;2022;UNIVERSIDADE NECESSARIA: O ACESSO DE ESTUDANTES DE ESCOLAS PUBLICAS DE ITABIRA A UNIFEI;LEONARDO FERREIRA REIS;ICPA;18/05/2022;25/05/2022;SIM;;
PJ136-2022;2022;RADAR 4.0;LILIAN BARROS PEREIRA;ICPA;02/05/2022;31/12/2022;NÃO;;
PJ137-2022;2022;BATERIA CALAGODUM;JULIANO DE ALMEIDA MONTE MOR;ICT;25/05/2022;31/12/2022;NÃO;;
EV026-2022;2022;XVI SEMEAR - SEMINARIO DE MEIO AMBIENTE E ENERGIAS RENOVAVEIS;ANA PAULA MONI SILVA;IRN;22/05/2022;10/06/2022;SIM;;
EV027-2022;2022;CAMPANHA DO AGASALHO - AMIGOS DE ITAJUBA;LUIZ EUGENIO VENEZIANI PASIN;IEPG;26/05/2022;20/07/2022;NÃO;;
PJ036-2022;2022;PLANO DE COMUNICACAO EITEC;GISELLE DE PAULA QUEIROZ CUNHA;ICPA;07/03/2022;31/12/2022;NÃO;R$8.800,00;
PJ039-2022;2022;AVALIACAO DE CONECTORES OPTICOS QUANTO A METODOS E EQUIPAMENTOS DE MEDICAO DE PERDAS POR INSERCAO E RETORNO;JOSE CARLOS GRILO RODRIGUES;ISEE;07/03/2022;30/12/2022;NÃO;R$150.000,00;
PJ049-2022;2022;CHEETAH E-RACING;FELIPE DE SOUZA ELOY;IEM;11/03/2022;31/12/2022;NÃO;R$12.910,78;
PJ054-2022;2022;ECOVEICULO COMBUSTAO;JOSE HAMILTON CHAVES GORGULHO JUNIOR;IEPG;13/03/2022;31/12/2022;NÃO;R$12.999,78;
PJ058-2022;2022;EQUIPE UAI!RRIOR DE ROBOTICA;TALES CLEBER PIMENTA;IESTI;08/03/2022;31/12/2022;NÃO;R$171.265,00;
PJ060-2022;2022;IRON RACERS 2022;LEONARDO ALBERGARIA OLIVEIRA;IEI;15/03/2022;31/12/2022;NÃO;;
PJ061-2022;2022;KRAKENS AUVS;HUGO PERAZZINI;IERN;14/03/2022;31/12/2022;NÃO;R$13.000,00;
PJ067-2022;2022;VEICULO BAJA-SAE;JOSE CARLOS DE LACERDA;IEI;08/03/2022;31/12/2022;NÃO;R$12.921,00;
PJ068-2022;2022;WRECKING BALL - COMPETICAO DE CONCRETO;VALQUIRIA CLARET DOS SANTOS;IRN;08/03/2022;31/12/2022;NÃO;R$12.894,00;
PJ138-2022;2022;JOVENS TALENTOS;LILIAN BARROS PEREIRA CAMPOS;ICPA;01/06/2022;31/12/2022;NÃO;;
PJ139-2022;2022;PROJETO DE EMPREENDEDORISMO SOCIAL - 2022;ANDREA APARECIDA DA COSTA MINEIRO;IEPG;30/05/2022;15/09/2022;NÃO;;
PJ140-2022;2022;PROJETO THEODOMIRO;PATRICIA DA SILVA LOPES ALEXANDRINO;DCS;01/05/2022;31/12/2022;NÃO;R$16.500,00;
PJ082-2022;2022;CONHECENDO O FAZER CIENCIA POR MEIO DE ATIVIDADES DE DIVULGACAO CIENTIFICA;JANE RAQUEL SILVA DE OLIVEIRA;IFQ;01/04/2022;31/12/2022;NÃO;R$9.812,65;
EV028-2022;2022;WORKSHOP NEWARMSTRONG;DEAN BICUDO KAROLAK;ICT;07/06/2022;14/06/2022;SIM;;
EV029-2022;2022;VI FIM DE SEMANA DE GESTAO E LIDERAMCA;RODRIGO SILVA LIMA;IMC;10/06/2022;13/06/2022;SIM;;
EV030-2022;2022;EVOLUCAO DAS COMUNICACOES MOVEIS E APLICACOES;DANILO HENRIQUE SPADOTI;IESTI;10/06/2022;10/06/2022;SIM;;
PJ149-2022;2022;APOIO TECNICO A EMPRESA INCUBADA IRAMBI AUTOMACAO INDUSTRIAL LTDA;JESUS ANTONIO GARCIA SANCHEZ;IEM;22/09/2022;31/12/2022;NÃO;;
PJ148-2022;2022;YBÁ - COMPARTILHANDO CONHECIMENTO;CARLOS ALBERTO VILLEGAS GUERRERO;ISEE;15/06/2022;31/12/2022;NÃO;;
PJ147-2022;2022;SPE UNIFEI;LUIZ FERNANDO BARCA;IEM;15/06/2022;31/12/2022;NÃO;;
PJ146-2022;2022;FEI - FORUM DE EMPREENDORISMO E INOVACAO;GILBERTO DUARTE CUZZUOL;ICPA;17/06/2022;31/12/2022;NÃO;;
PJ145-2022;2022;STARTUP TRAIL;TAISA CORREA;PROEX;23/05/2022;23/06/2022;NÃO;;
PJ144-2022;2022;DIFUSAO DA CULTURA DE EMPREENDEDORISMO E INOVACAO: NEGOCIOS DE IMPACTO E SMART CITY;FLAVIA DA SILVA CORDEIRO;ICPA;23/05/2022;31/12/2022;NÃO;;
PJ143-2022;2022;DIFUSAO DA CULTURA DE EMPREENDEDORISMO E INOVACAO: MECANISMOS DE GERACAO DE EMPREENDIMENTOS INOVADORES ;RICARDO LUIZ PEREZ TEIXEIRA;IEI;13/06/2022;31/12/2022;NÃO;;
PJ142-2022;2022;CIENTISTA EMPREENDEDOR JUNIOR: LINHA IMPULSIONE UNIFEI;MILADY RENATA APOLINARIO DA SILVA;IFQ;20/05/2022;31/12/2022;NÃO;;
PJ141-2022;2022;BATERIA DANADA UNIFEI;PATRICIA DA SILVA LOPES ALEXANDRINO;PROEX;09/06/2022;31/12/2022;NÃO;;
PJ150-2022;2022;CONCEPCAO E DESENVOLVIMENTO DE UMA PLATAFORMA DE TESTE PARA VEICULO AUTONOMO INDOOR BASEADO EM LIDAR;GIOVANI BERNARDES VITOR;ICT;01/07/2022;31/12/2022;NÃO;R$35.390,88;
PJ151-2022;2022;UNIFEI PORTAS ABERTAS;FLAVIA DA SILVA CORDEIRO;ICPA;23/06/2022;30/11/2022;NÃO;;
PJ152-2022;2022;JONFRA ACADEMY;LUIZ LENARTH GABRIEL VERMAAS;IESTI;18/07/2022;31/12/2022;NÃO;;
PJ153-2022;2022;APOIO NO DESENVOLVIMENTO DE PROTOTIPOS DE ESTRUTURAS COM METAMATERIAIS DESTINADAS A ATENUACAO DE CARGAS DINAMICAS;JESUS ANTONIO GARCIA SANCHEZ;IEM;24/06/2022;31/12/2022;NÃO;;
PJ154-2022;2022;CENTRO DE EMPREENDEDORISMO - ITAJUBÁ;MIRIAN DE LOURDES NORONHA MOTTA MELO;IEM;01/06/2022;31/12/2022;NÃO;;
PJ155-2022;2022;MODELAGEM ECONOMICO-FINANEIRA PARA CONCESSAO DE SERVICOS DE MANEJO DE RESIDUOS SOLIDOS EM MUNICIPIOS DO CONSORCIO;ANDRE LUIZ MEDEIROS;IEPG;01/07/2022;31/12/2022;NÃO;R$5.244,00;
EV031-2022;2022;ARRAIA UNIFEI 2022;FLAVIA FERNANDA CARVALHO DA MOTTA;PROEX;10/06/2022;30/06/2022;SIM;R$6.900,00;
EV037-2022;2022;RECRIA-SE;GIOVANI BERNARDES VITOR;IEM;04/07/2022;07/07/2022;SIM;;
EV036-2022;2022;SEMANA DE INVESTIMENTO AO VOLUNTARIO;LUIZ EUGENIO VENEZIANI PASIN;IEPG;20/06/2022;24/06/2022;NÃO;;
EV035-2022;2022;1BRZ - TALKS, EMPREENDEDORISMO, INOVACAO, TECNOLOGIA, BRANDING, COMUNICACAO;CLEBER GONCALVES JUNIOR;IEPG;09/07/2022;09/07/2022;NÃO;;
EV034-2022;2022;COMO A AUTOMACAO PODE CRIAR UM MUNDO MELHOR E MAIS SUSTENTAVEL;LUIZ LENARTH GABRIEL VERMAAS;IESTI;20/07/2022;21/07/2022;SIM;;
EV033-2022;2022;I JORNADA DE MECANICA CELESTE DA UNIFEI;LUIS FERNANDO DE OSORIO MELLO;IMC;29/08/2022;31/08/2022;NÃO;R$12.783,00;
EV032-2022;2022;VISITAS GUIADAS NO LABORATORIO DE TECNOLOGIAS AERONAUTICAS (HANGAR) PARA ESCOLAS DO ENSINO FUNDAMENTAL E MEDIO;YOHAN ALI DIAZ MENDEZ;IEM;29/06/2022;31/12/2022;NÃO;;
CR022-2022;2022;OFICINA ENACTUS - PROJETO PERTINAZ;LUIZ EUGENIO VENEZIANI PASIN;IEPG;04/06/2022;04/06/2022;NÃO;;
CR021-2022;2022;TECNICAS DE REDACAO CIENTIFICA E APRESENTACAO ORAL - TURMA 2;ELIANE MARIA VIEIRA;ICPA;19/07/2022;30/08/2022;NÃO;;
PJ159-2022;2022;ESTMULO A PROPRIEDADE INDUSTRIAL: RADAR DE FOMENTO A INOVACAO NO BRASIL;HENRIQUE DUARTE CARVALHO;IEI;17/06/2022;31/12/2022;NÃO;;
PJ158-2022;2022;ESTIMULO A PROPRIEDADE INDUSTRIAL: COSNTRCAO  DE AMBIENTES ESPECIALIZADOS E COOPERATIVOS DE INOVACAO;MIRIAN DE LOURDES NORONHA MOTTA MELO;IEM;17/06/2022;31/12/2022;NÃO;;
PJ157-2022;2022;SISTEMA PARA ALOCACAO DE SALAS - SAS;EDMILSON MARMO MOREIRA;IESTI;15/07/2022;30/12/2022;NÃO;R$6.400,00;
PJ156-2022;2022;CAPACITACAO  DE TUTORES - MOOC;CLAUDIO DAS NEVES FRANCO DE;CEDUC;11/07/2022;09/12/2022;NÃO;;
PJ161-2022;2022;CONSENSO LATINOAMERICANO DE FOTOPROTECAO;MARCELO DE PAULA CORREA;IRN;01/07/2022;30/12/2022;NÃO;R$7.000,00;
PJ160-2022;2022;CIENTISTA EMPREENDEDOR JUNIOR: LINHA IMPULSIONE UNIFEI;MIRIAN DE LOURDES NORONHA MOTTA MELO;IEM;20/05/2022;31/12/2022;NÃO;;
CR023-2022;2022;CREDENCIAMENTO COMO PROFESSOR NO PROGRAMA DE POS-GRADUACAO EM ADMINISTRACAO (PPGA) FACULDADE DE ADMINISTRACAO E CIENCIAS CONTABEIS (FACC) DA UNIVERSIDADE FEDERAL DE JUIZ DE FORA (UFJF);DANIEL DE SOUZA COSTA CALVO;ICPA;01/05/2022;31/12/2022;NÃO;;
PJ165-2022;2022;CONSULTORIA EM FOTOPROTECAO;MARCELO DE PAULA CORREA;IRN;22/07/2022;22/07/2022;NÃO;R$1.700,00;
PJ164-2022;2022;CENTRAIS TERMELÉTRICAS: FUNDAMENTOS TERMODINÂMICOS, EQUIPAMENTOS E OPERAÇÃO;CHRISTIAN JEREMI CORONADO RODRIGUEZ;IEM;18/07/2022;30/12/2022;NÃO;R$21.415,26;
PJ163-2022;2022;FERRAMENTAS INTERMEDIÁRIAS DO MOOGLE II;LUCIANA FATIMA DE ARAUJO GONCALVES FERREIRA;CEDUC;22/07/2022;09/12/2022;NÃO;;
PJ162-2022;2022;FERRAMENTAS INTERMEDIÁRIAS DO MOOGLE I;LUCIANA FATIMA DE ARAUJO GONCALVES FERREIRA;CEDUC;22/07/2022;09/12/2022;NÃO;;
PJ161-2022;2022;CONSENSO LATINOAMERICANO DE FOTOPROTECAO;MARCELO DE PAULA CORREA;IRN;01/07/2022;31/12/2022;NÃO;R$7.000,00;
EV039-2022;2022;VISITA TECNICA AS INSTALAÇOES E LABORATORIOS DO INSTITUTO NACIONAL DE METROLOGIA, QUALIDADE E TECNOLOGIA (INMETRO);GABRIELA DA FONSECA DE AMORIM;ICPA;25/07/2022;08/08/2022;SIM;;
CR024-2022;2022;DESENVOLVIMENTO ORIENTADO À MODELO UTILIZANDO A PLATAFORMA PEGA -FASE 4;BRUNO GUAZZELLI BATISTA;IMC;26/07/2022;31/12/2022;NÃO;R$60.000,00;
PJ167-2022;2022;BOLETINS MENSAIS INFORMATIVOS DO MONITORAMENTO DA QUALIDADE DO AR EM ITABIRA/MG (FLUXO CONTÍNUO) - PARTE 3 (RENOVACAO);ANA CAROLINA VASQUES FREITAS;ICPA;01/07/2022;31/12/2022;NÃO;;
PJ166-2022;2022;CENTRO DE EMPREENDEDORISMO - ITABIRA;GIOVANI BERNARDES VITOR;ICT;17/06/2022;31/12/2022;NÃO;;
PJ169-2022;2022;PROGRAME ++: ENSINO DE PROGRAMACAO PARA ALUNOS DO ENSINO MEDIO DE ESCOLAS PUBLICAS;THATYANA DE FARIA PIOLA SERAPHIM;IESTI;11/08/2022;18/08/2022;NÃO;;
PJ168-2022;2022;BOARD ADVISOR EM PROJETOS DE GENTE & CULTURA NA STARTUO TRACAO ONLINE;JULIANA CAMINHA NORONHA;IEPG;29/07/2022;31/08/2022;NÃO;;
EV040-2022;2022;PALESTRA COM O PROFESSOR GILNEY DAMM;ANTONIO CARLOS ZAMBRONI DE SOUZA;IESTI;03/08/2022;05/08/2022;NÃO;;
CR026-2022;2022;OPERACAO E OTIMIZACAO DE USINAS HIDRELETRICAS (UHES);GUILHERME SOUSA BASTOS;IESTI;30/08/2022;15/12/2022;NÃO;;
CR025-2022;2022;AVALIACAO DE USABILIDADE DE PRODUTOS PARA SAUDE;JOSE ALBERTO FERREIRA FILHO;IESTI;17/08/2022;18/08/2022;NÃO;;
PJ172-2022;2022;OTIUM CARITATIS;TABATA FERNANDES PEREIRA;IEI;02/09/2022;16/12/2022;NÃO;;
PJ171-2022;2022;AVALIADOR AD HOC - ROTA 2030;LOURIVAL JORGE MENDES NETO;IEM;03/08/2022;31/12/2022;NÃO;R$2.700,00;
PJ170-2022;2022;LIBRAS BASICO -MOOC;DANIELLA RIBEIRO LOPES;NEOA;25/07/2022;09/12/2022;NÃO;;
PJ173-2022;2022;CAPACITACAO BALL BLACK BELT -  TURMA 2022;JOSE HENRIQUE DE FREITAS GOMES;IEPG;01/08/2022;31/10/2022;NÃO;R$12.000,00;
EV043-2022;2022;II WORKSHOP DE FÍSICA EXPERIMENTAL DA UNIFEI;MARCELOS LIMA PERES;IFQ;29/08/2022;31/12/2022;NÃO;R$1.445,00;
EV042-2022;2022;III ENCONTRO DE FISICA TEORICA GIFT;ALEXIS ROA AGUIRRE;IFQ;22/08/2022;31/12/2022;NÃO;R$4.335,00;
EV041-2022;2022;XVII JOB SHOP;JENIFFER DE NADAE;IEPG;13/09/2022;14/09/2022;NÃO;;
EV045-2022;2022;SEMANA CULTURAL UNIFEI;PATRICIA DA SILVA LOPES ALEXANDRINO;IEM;07/09/2022;09/09/2022;NÃO;;
CR029-2022;2022;INTRODUCAO AO ESTUDO DO USO DE ENERGIA NA INDUSTRIA;ROGERIO JOSE DA SILVA;IESTI;12/09/2022;11/11/2022;NÃO;;
CR028-2022;2022;INTRODUCAO AO ESTUDO DO USO DE ENERGIA NA INDUSTRIA;CARLOS HENRIQUE PEREIRA MELLO;IEPG;29/08/2022;19/12/2022;NÃO;;
CR027-2022;2022;CURSO BASICO DE PLANILHA ELETRONICA - EXCEL 1 - 2022.2;CARLOS HENRIQUE PEREIRA MELLO;IEPG;29/08/2022;26/12/2022;NÃO;;
CR030-2022;2022;CURSO DE APERFEICOAMENTO EM GESTAO DE PROCESSOS PARA TEAM LEADERS DE PRECATO;LILIAN BARROS PEREIRA CAMPOS;ICPA;25/08/2022;25/08/2022;NÃO;;
PJ174-2022;2022;PROJETOS CIVIS DE UMA EDIFICACAO UNIFAMILIAR PARA FINS DE FINANCIAMENTO HABITACIONAL POPULAR;PAULO CESAR GONCALVES;IRN;29/08/2022;25/11/2022;NÃO;;
PJ175-2022;2022;O XADREZ COMO UM JOGO ESTRATEGICO PARA O DESENVOLVIMENTO DO RACIOCINIO LOGICO-MATEMATICO E INCLUSAO SOCIAL;PATRICIA RODRIGUES DE ARAUJO;IESTI;27/08/2022;31/12/2022;NÃO;;
PJ176-2022;2022;CIENTISTA EMPREENDEDOR JUNIOR: LINHA IMPULSIONE UNIFEI;MILADY RENATA APOLINARIO DA SILVA;IFQ;26/08/2022;31/12/2022;NÃO;;
PJ177-2022;2022;MEDICAO DE CONDUTIVIDADE TERMICA DE MATERIAIS COMPOSITOS USANDO O METODO DA PLACA QUENTE (CONTINUACAO DO PROCESSO PJ071-2022);SANDRO METREVELLE MARCONDES DE LIMA E SILVA;IEM;25/08/2022;31/12/2022;NÃO;R$10.457,52;
EV046-2022;2022;1A MARATONA DE PROGRAMACAO PARA MENINAS DA UNIFEI;LINA MARIA GARCES RODRIGUEZ;IMC;01/09/2022;25/09/2022;NÃO;;
EV051-2022;2022;7 SEMANA DA QUIMICA SEMQ;EVANDRO FORTES ROZENTALSKI;IFQ;19/09/2022;23/09/2022;NÃO;;
EV050-2022;2022;VISITA TECNICA A USINA HIDRELETRICA DE ITAIPU BINACIONAL;THIAGO MODESTO DE ABREU;ISEE;12/09/2022;16/09/2022;NÃO;;
EV049-2022;2022;II SEMANA DA PROGRAMACAO (SEPROG 2022);ELISA DE CASSIA SILVA RODRIGUES;IMC;19/09/2022;23/09/2022;NÃO;;
EV048-2022;2022;III SEMINARIO REGIONAL SOBRE METODOLOGIAS ATIVAS NO ENSINO SUPERIOR (III SERMAES) E II ENCONTRO INTERNACIONAL SOBRE METODOLOGIAS ATIVAS (II EIMA);RENATA DOS SANTOS;ICPA;02/09/2022;25/11/2022;NÃO;;
EV047-2022;2022;ENCONTRO DESPORTIVO UNIVERSITARIO  - EDUNI;RAFAEL DE PAIVA PEREIRA THIERS VIEIRA;DSQ;10/07/2022;11/09/2022;NÃO;;
PJ178-2022;2022;ESTUDO DISGNOSTICO DE LINHAS DE PROCESSOS DA BASF;SILMARA CRISTINA BALDISSERA KABAYAMA;IEM;20/09/2022;31/10/2022;NÃO;R$2.500,00;
EV052-2022;2022;SEMINARIO DE CIBERSEGURANCA NO SETOR PRODUTIVO;FABRICIO SILVEIRA CHAVES;ISEE;14/09/2022;21/09/2022;NÃO;;
EV053-2022;2022;VISITAS AO CAMPUS DA UNIFEI COM PALESTRA DOS ENGENHEIROS SEM FRONTEIRAS;GABRIELA DA FONSECA DE AMORIM;ICPA;15/09/2022;31/10/2022;NÃO;;
CR031-2022;2022;INTRODUCAO AS REDES DE COMPUTADORES (CCNA ITNV7);OTAVIO DE SOUZA MARTINS GOMES;IESTI;19/09/2022;19/12/2022;NÃO;;
PJ179-2022;2022;MAKER CULTURE;PAULO RODRIGO PINTO;IEPG;30/08/2022;09/12/2022;NÃO;;
PJ180-2022;2022;IMPULSO;MIRIAN DE LOURDES NORONHA MOTTA MELO;IEM;01/10/2022;01/08/2023;NÃO;;
PJ181-2022;2022;COMCIENCIAS NEGRAS;CLEIDE BEATRIZ GOMES DOS REIS;DCI;30/08/2022;31/12/2022;NÃO;;
