Número doprocesso - SIPAC/SIGAA;Ano do registro;Título da atividade;Nome do (a) Coordenador (a);Local de lotação do (a) Coordenador (a);Data de início da atividade;Data de termino da atividade;Relatório Final;Receita (Prevista);Receita (Realizada)
23088.006374/2018-59;2018;Cultivar-te;ADHIMAR FLÁVIO OLIVEIRA;IFQ;19/03/18;31/12/18;Sim;R$ 9.999,27;
23088.007794/2017-71;2017;Cultivar-te;ADHIMAR FLÁVIO OLIVEIRA;IFQ;01/05/17;31/12/17;Sim;R$ 9.690,00;R$ 6.527,61
23088.006475/2017-49;2017;Projeto Play - Empreendedorismo Social ;ADILSON DA SILVA MELLO ;IEPG;02/03/17;10/12/17;Sim;R$ 0,00;
23088.006947/2018-44;2018;Entre o saber e o fazer da cultura: A formação de Agentes Culturais em Itajubá/MG;ADILSON DA SILVA MELLO ;IEPG;27/03/18;20/12/18;Sim;R$ 0,00;R$ 0,00
23088.005649/2019-18;2019;Desenvolvimento de experimentos sobre os tipos de solos da região do sul de Minas Gerais como instrumento de educação ambiental;ADINELE GOMES GUIMARÃES;IRN;01/04/19;20/12/19;Não;R$ 9.600,00;
23088.012283/2019-33;2019;Estudos técnicos para elaboração do projeto conceitual de uma Escola Praque;ADINELE GOMES GUIMARÃES;IRN;21/06/19;21/02/20;Não;R$ 40.605,00;
23088.013744/2018-12;2018;Pesquisa Aplicada de anomalias em estruturas de concreto armado;ADINELE GOMES GUIMARÃES;IRN;01/06/18;30/08/18;Sim;R$ 8.730,00;R$ 8.730,00
23088.015332/2019-90;2019;Planejamento das ações comunitárias do ciclo 2019/2020 do Núcleo Estratégico Interdisciplinar  em Resiliência Urbana - NEIRU;ADINELE GOMES GUIMARÃES;IRN;12/08/19;12/08/20;Não;R$ 0,00;R$ 0,00
23088.016901/2019-14;2019;Treinamento de MS Project;ADLER DINIZ DE SOUZA;IMC;30/08/19;30/08/19;Não;R$ 0,00;R$ 0,00
23088.006226/2018-34;2018;Curso de Design de Logotipos;ADRIANA PREST MATTEDI;IMC;05/05/18;31/05/18;Sim;R$ 0,00;R$ 0,00
23088.007837/2017-19;2017;O Espaço InterCiências: o Centro de Divulgação Científica da UNFEI;AGENOR PINA DA SILVA;IFQ;20/02/17;10/12/17;Sim;R$ 10.000,00;
23088.018929/2019-96;2019;A Divulgação Científica na prática: utilizando o Girotec como prática extensiva;AGENOR PINA DA SILVA;IFQ;30/09/19;31/12/19;Não;R$ 14.160,00;
23088.011117/2017-58;2017;Estudo de Confiabilidade da SE Tucuruí 1ª Etapa – 550 kV;AIRTON VIOLIN;ISEE;13/03/17;12/06/17;Sim;R$ 27.999,94;R$ 19.779,49
23088.007618/2017-30;2017;Unifei-Sintrópica;ALAN BENDASOLI PAVAN;IFQ;26/04/17;25/04/18;Sim;R$ 0,00;
23088.016597/2018-24;2018;UNIFEI Sintrópica;ALAN BENDASOLI PAVAN;IFQ;30/07/18;15/12/18;Sim;R$ 0,00;R$ 0,00
23088.002274/2019-34;2019;Grupo de Estudos em Educação e Tecnologias - GEETEC;ALESSANDRA RODRIGUES;IFQ;01/03/19;15/12/19;Não;R$ 0,00;R$ 0,00
23088.004664/2019-49;2019;LEDICamp: Letramentos Digitais no Campus;ALESSANDRA RODRIGUES;IFQ;06/03/19;30/12/19;Não;R$ 0,00;R$ 0,00
23088.004959/2018-34;2018;LEDICamp: Letramento Digitais no Campus;ALESSANDRA RODRIGUES;IFQ;21/03/18;13/12/18;Sim;R$ 8.000,00;
23088.015551/2017-15;2018;Revista Aman-Ti-Kyr: Estudos Interdisciplinares em Educação;ALESSANDRA RODRIGUES;IFQ;21/08/17;21/08/18;Sim;R$ 0,00;R$ 0,00
23088.017271/2019-03;2019;Revista Aman-Ti-Kyr: Estudos Interdisciplinares em Educação (ISSN 2526-124X)*;ALESSANDRA RODRIGUES;IFQ;26/08/19;26/08/20;Não;R$ 0,00;R$ 0,00
23088.018759/2018-69;2018;Revista Aman-Ti-Kir: Estudos Interdisciplinares em Educação;ALESSANDRA RODRIGUES;IFQ;24/08/18;24/08/19;Sim;R$ 0,00;R$ 0,00
23088.004965/2016-20;2016;III Seminário de Recursos Naturais;ALESSANDRO LUVIZON BARGAMO;IRN;07/03/16;08/09/16;Não;R$ 31.352,00;
23088.003328/2016-36;2016;Equipe de Competição Tecnológica Black Bee Drones;ALEXANDRE CARLOS BRANDÃO RAMOS;IMC;25/02/16;25/02/17;Sim;R$ 78.492,54;R$ 78.492,54
23088.004669/2017-18;2017;Projeto de Competição Tecnológica ;ALEXANDRE CARLOS BRANDÃO RAMOS;IMC;26/02/17;26/02/18;Sim;R$ 55.263,16;R$ 10.000,00
23088.006211/2018-76;2018;Projeto de Competição Tecnológica Black Bee Drones;ALEXANDRE CARLOS BRANDÃO RAMOS;IMC;26/03/18;26/03/19;Sim;R$ 50.000,00;R$ 30.202,80
23088.007735/2019-65;2019;Projeto de Competição Tecnológica Black Bee Drone;ALEXANDRE CARLOS BRANDÃO RAMOS;IMC;27/03/19;27/03/20;Não;R$ 45.000,00;
23088.010924/2016-72;2016;Curso de Atualização em Tecnologia de Drones;ALEXANDRE CARLOS BRANDÃO RAMOS;IMC;04/02/17;30/06/17;Sim;R$ 100.000,00;R$ 0,00
23088.004718/2018-95;2018;Seminarios GFIT 2018;ALEXIS ROA AGUIRRE;IFQ;14/03/18;30/11/18;Sim;R$ 0,00;R$ 0,00
23088.006145/2017-53;2017;SEMINÁRIOS GIFT;ALEXIS ROA AGUIRRE;IFQ;15/03/17;08/11/17;Sim;R$ 0,00;
23088.014963/2017-20;2018;Primeiro Simpósio de Fisica Teórica GIFT;ALEXIS ROA AGUIRRE;IFQ;16/11/17;18/11/17;Sim;R$ 13.700,16;R$ 2.370,00
23088.016617/2019-48;2019;Segundo encontro de Física Teórica GIFT;ALEXIS ROA AGUIRRE;IFQ;14/08/19;30/11/19;Não;R$ 8.800,00;
23499.001358/2019-19;2019;Língua Brasileira de Sinais - Intermediário;ANA AMÉLIA DE SOUZA;CGP;27/08/19;26/11/19;Não;R$ 0,00;R$ 0,00
23088.008191/2018-78;2018;Encontro de Formação em Lingua Brasileira de Sinais LIBRAS;ANA CAROLINA SALES OLIVEIRA;IFQ;27/04/18;27/04/18;Sim;R$ 0,00;R$ 0,00
23088.016525/2018-87;2018;Ciclo de Estudos Sobre BNCC: parceria escola-universidade;ANA CAROLINA SALES OLIVEIRA;IFQ;01/08/18;31/08/18;Sim;R$ 0,00;R$ 0,00
23499.001322/2018-54;2018;Conservação e restauração ambiental de territórios na região da Serra do Espinhaço;ANA CAROLINA VASQUES FREITAS;Itabira;01/09/18;01/09/19;Não;R$ 0,00;R$ 0,00
23088.005196/2019-20;2019;Avaliação Ambiental de propriedades rurais localizadas no bairro Pessegueiro/Itajubá/MG e propostas de manejo: ênfase qualidade e qualidade de água;ANA LÚCIA FONSECA;IRN;07/08/19;06/08/20;Não;R$ 10.000,00;
23088.006429/2018-21;2018;Recuperação da área de recarga da nascente do bairro pedrão (Pedralva/MG) utilizada como fonte de abastecimento de água pela comunidade rural;ANA LÚCIA FONSECA;IRN;19/03/18;31/12/18;Sim;R$ 10.000,00;
23088.007824/2017-40;2017;Recuperação da área de recarga as nascente do bairro Pedrão, ulitizada como fonte de abastecimento de água pela comunidade rural;ANA LÚCIA FONSECA;IRN;19/04/17;31/12/17;Sim;R$ 9.400,00;R$ 3.694,35
23088.013257/2019-22;2019;Da captação à distribuição: elucidando questões do sistema de abastecimento de Jesuânia/MG;ANA LÚCIA FONSECA;IRN;30/07/18;08/12/18;Sim;R$ 0,00;R$ 0,00
23088.013268/2019-11;2019;Recuperação da mata ciliar de um trecho do rio Mogi-Guaçu em Inconfidentes/MG;ANA LÚCIA FONSECA;IRN;31/07/18;08/12/18;Sim;R$ 0,00;R$ 0,00
23088.013554/2019-78;2019;Oficina de educação ambiental;ANA LÚCIA FONSECA;IRN;01/08/19;05/12/19;Não;R$ 0,00;R$ 0,00
23088.013717/2019-12;2019;Reciclando e aprendendo;ANA LÚCIA FONSECA;IRN;01/08/19;05/12/19;Não;R$ 0,00;R$ 0,00
23088.015434/2019-13;2019;Projeto Mãos a Horta;ANA LÚCIA FONSECA;IRN;05/08/19;05/12/19;Não;R$ 0,00;R$ 0,00
23088.000776/2016-88;2016;Diagnóstico das nascentes da bacia hidrográfica do Córrego do Vargedo – Santa Rita do Sapucaí /MG;ANA PAULA MONI SILVA;IRN;01/02/16;18/03/16;Sim;R$ 0,00;R$ 0,00
23088.005765/2018-56;2018;ONG Engenheiros da Alegria ;ANA PAULA MONI SILVA;IRN;01/03/18;31/12/18;Sim;R$ 2.457,50;R$ 2.227,69
23088.012656/2019-76;2019;Engenheiros da Alegria - UNIFEI;ANA PAULA MONI SILVA;IRN;22/04/19;31/12/19;Não;R$ 0,00;R$ 0,00
23088.015284/2018-59;2018;Estudos Ambientais relativos e revalidação do licenciamento ambiental do complexo dosdiques e contençã de cheias.;ANA PAULA MONI SILVA;IRN;01/06/18;01/10/18;Não;R$ 43.740,00;
23088.019200/2018-56;2018;Teste de Bombeamento em cisternas na UNIFEI Campus Itajubá;ANA PAULA MONI SILVA;IRN;21/09/18;15/12/18;Não;R$ 0,00;R$ 0,00
23088.020398/2017-30;2017;Elaboração de mapas com as manchas de inundação do municipio de Santa Rita do Sapucaí;ANA PAULA MONI SILVA;IRN;16/10/17;31/12/17;Sim;R$ 0,00;R$ 0,00
23088.020581/2016-54;2016;Engenheiros da Alegria;ANA PAULA MONI SILVA;IRN;01/11/16;01/11/17;Sim;R$ 0,00;R$ 0,00
23088.009475/2017-09;2017;Sistema de Informação Geográfica: práticas e uso;ANA PAULA SILVA FIGUEIREDO;IRN;22/05/17;02/06/17;Sim;R$ 0,00;
23088.015267/2017-31;2017;Capacitação em Ambiente Virtual para EaD;ANA PAULA SILVA FIGUEIREDO;IRN;12/06/17;19/08/17;Sim;R$ 0,00;
23088.005830/2016-81;2016;Curso Usabilidade e Equipamentos Médicos – Documento técnico contendo procedimentos para projeto de equipamento considerando atributos de usabilidade de produtos para a saúde;ANA PAULA SIQUEIRA SILVA DE ALMEIDA;IESTI;12/04/16;13/04/16;Sim;R$ 10.000,00;R$ 10.000,00
23088.013285/2018-69;2018;Terinamento de Usabilidade em equipamentos Médicos - Pelotas;ANA PAULA SIQUEIRA SILVA DE ALMEIDA;IESTI;21/06/18;30/10/18;Sim;R$ 4.180,00;R$ 4.513,80
23088.014335/2017-44;2017;Procedimentos para Teste de Usabilidade;ANA PAULA SIQUEIRA SILVA DE ALMEIDA;IESTI;01/08/17;20/02/18;Sim;R$ 2.500,00;R$ 2.500,00
23088.017234/2018-44;2018;Teste de Usabilidade de produtos para curativos;ANA PAULA SIQUEIRA SILVA DE ALMEIDA;IESTI;01/08/18;31/12/18;Sim;R$ 3.500,00;R$ 3.500,00
23088.024868/2017-34;2017;Teste de usabilidade para equipamento de terapia a laser diodo;ANA PAULA SIQUEIRA SILVA DE ALMEIDA;IEST;13/12/17;20/02/18;Sim;R$ 5.000,00;R$ 0,00
23088.000664/2019-70;2019;Participação no Programa de Pós-Graduação em Biotecnologia (PPGBiotec);ANDRÉ AGUIAR MENDES;IRN;20/01/19;19/01/20;Não;R$ 0,00;R$ 0,00
23088.003994/2016-74;2016;Quanto vale o dinheiro para os jovens? Construção e Consolidação do conhecimento de Educação Financeira em Escolas Públicas de Itajubá/MG;ANDRÉ LUIZ MEDEIROS;IEPG;01/04/16;31/03/17;Sim;R$ 156.438,72;R$ 156.438,72
23088.005228/2018-14;2018;Quanto vale o dinheiro para os Jovens? Construção e Consolidação do conhecimento de educação financeira entre alunos universitários;ANDRÉ LUIZ MEDEIROS;IEPG;19/03/18;31/12/18;Sim;R$ 9.992,00;R$ 9.992,00
23088.005238/2018-41;2018;3ª Semana de educação Financeira para Itajubá e Região;ANDRÉ LUIZ MEDEIROS;IEPG;15/05/18;17/05/18;Não;R$ 0,00;R$ 0,00
23088.006812/2016-17;2016;Semana Nacional de Educação Financeira: Itajubá/MG e Região;ANDRÉ LUIZ MEDEIROS;IEPG;16/05/16;21/05/16;Sim;R$ 0,00;R$ 0,00
23088.007820/2017-17;2017;Quanto vale o dinheiro para os Jovens? Construção e Consolidação do conhecimento de educação financeira entre alunos universitários;ANDRÉ LUIZ MEDEIROS;IEPG;01/04/17;31/12/17;Sim;R$ 0,00;R$ 0,00
23088.011161/2019-20;2019;Palestra Finanças Pessoais;ANDRÉ LUIZ MEDEIROS;IEPG;04/06/19;04/06/19;Sim;R$ 0,00;R$ 0,00
23088.017928/2016-81;2016;Como preparar meu futuro financeiro;ANDRÉ LUIZ MEDEIROS;IEPG;20/09/16;21/09/16;Sim;R$ 0,00;R$ 0,00
23088.019076/2019-18;2019;Palestra Finanças Pessoais;ANDRÉ LUIZ MEDEIROS;IEPG;25/09/19;25/09/19;Sim;R$ 0,00;R$ 0,00
PD001-2019;2019;Drops de Economia e Finanças do Grupo Denarius;ANDRÉ LUIZ MEDEIROS;IEPG;06/12/18;03/12/19;Não;R$ 0,00;R$ 0,00
PJ002-2018;2018;QUANTO VALE O DINHEIRO PARA OS JOVENS? CONSTRUÇÃO E CONSOLIDAÇÃO DO CONHECIMENTO DE EDUCAÇÃO FINANCEIRA ENTRE ALUNOS UNIVERSITÁRIOS;ANDRÉ LUIZ MEDEIROS;IEPG;19/03/18;31/12/18;Sim;R$ 0,00;R$ 0,00
23088.008425/2019-68;2019;Empresa Júnior - In loco Empreendimentos Júnior;ANDRÉ LUIZ VIVAN;IRN;19/04/19;31/12/19;Não;R$ 0,00;R$ 0,00
23088.007264/2016-42;2016;Projeto Play - Empreendedorismo Social;ANDRÉA AP. DA COSTA MINEIRO;IEPG;02/03/15;01/12/15;Sim;R$ 0,00;R$ 0,00
23088.008052/2016-82;2016;Projetos de Empreendedorismo Social;ANDRÉA AP. DA COSTA MINEIRO;IEPG;24/02/16;22/06/16;Sim;R$ 0,00;R$ 0,00
23088.015430/2016-84;2016;Projetos de Empreendedorismo Tecnológico;ANDRÉA AP. DA COSTA MINEIRO;IEPG;03/08/16;30/11/16;Sim;R$ 0,00;R$ 0,00
23088.005364/2018-04;2018;Implantação de um sistema de aquaponia no campus UNIFEI com fins educacionais e de empoderamento social para o município de Itajubá;ANDRÉIA ARANTES BORGES;IRN;19/03/18;31/12/18;Sim;R$ 10.000,00;
23499.000788/2018-32;2018;Equipe Desafio Sampe Itabira;ANDREZA DE SOUSA ANDRADA;Itabira;10/03/18;10/12/18;Sim;R$ 0,00;R$ 0,00
23088.006994/2017-15;2017;Eletrônica de Potência Aplicada a Sistemas Elétricos;ÂNGELO JOSÉ JUNQUEIRA RESEK;ISEE;24/10/16;27/10/16;Sim;R$ 3.500,00;R$ 3.500,00
23088.013695/2017-29;2017;Análise de falhas em motores de indução trifásicos alimentados por inversores de frequencia;ÂNGELO JOSÉ JUNQUEIRA RESEK;ISEE;17/07/17;17/01/18;Sim;R$ 12.000,00;
23088.021680/2016-53;2016;Eletrônica de Potência Aplicada a Sistemas Elétricos;ÂNGELO JOSÉ JUNQUEIRA RESEK;ISEE;24/10/16;27/10/16;Sim;R$ 3.500,00;R$ 3.500,00
PJ005-2019;2019;Montagem de uma impressora 3D com recursos avançados;ANGIE LIZETH ESPINOSA SARMIENTO;IEM;01/05/19;31/12/19;Não;R$ 0,00;R$ 0,00
23499.001736/2018-83;2018;Esocial: implemantação da ferramenta e seus eventos jpráticos para a saúde e segurança do trabalho;ANNA RITA TOMICH M FELIPPE;Itabira;16/11/18;16/12/18;Sim;R$ 0,00;R$ 0,00
23088.002063/2018-11;2018;Beyond Rocket Desing;ANTONIO AUGUSTO ARAÚJO PINTO DA SILVA;IRN;01/01/18;31/12/18;Sim;R$ 10.000,00;R$ 10.000,00
23088.005921/2019-60;2019;Beyond Rocket Design;ANTONIO AUGUSTO ARAÚJO PINTO DA SILVA;IEM;01/01/19;31/12/19;Não;R$ 10.000,00;
23088.001679/2018-74;2018;Coyotes MotoRacing UNIFEI;ANTÔNIO CARLOS ANCELOTTI JUNIOR;IEM;01/01/18;31/12/18;Sim;R$ 0,00;R$ 0,00
23088.003288/2017-11;2017;Coyotes MotoRacing ;ANTÔNIO CARLOS ANCELOTTI JUNIOR;IEM;01/01/17;31/12/17;Sim;R$ 23.700,00;R$ 10.000,00
23088.004118/2019-16;2019;Ex Machina;ANTÔNIO CARLOS ANCELOTTI JUNIOR;IEM;01/01/19;31/12/19;Não;R$ 0,00;R$ 0,00
23088.004250/2017-58;2017;Desenvolvimento de um produto em PEEK/Carbono para reforço interno de selos;ANTÔNIO CARLOS ANCELOTTI JUNIOR;IEM;07/03/17;20/12/17;Não;R$ 23.284,50;
23088.007833/2018-11;2018;Ex Machina;ANTÔNIO CARLOS ANCELOTTI JUNIOR;IEM;01/01/18;31/12/18;Sim;R$ 0,00;R$ 0,00
23088.009547/2017-18;2017;Ensaios para certificação de cabos de linha Elétrica;ANTÔNIO CARLOS ANCELOTTI JUNIOR;IEM;01/05/17;20/12/17;Não;R$ 10.780,00;
23088.014781/2016-78;2016;"SUPORTE TÉCNICO PARA ELABORAÇÃO DE ANÁLISES ELEMENTOS FINITOS À FMC""";ANTÔNIO CARLOS ANCELOTTI JUNIOR;IEM;05/07/16;05/08/16;Sim;R$ 5.000,00;R$ 5.000,00
23088.014782/2016-12;2016;Realização de ensaios de controle de qualidade GE;ANTÔNIO CARLOS ANCELOTTI JUNIOR;IEM;05/07/16;20/12/17;Sim;R$ 1.800,00;R$ 1.800,00
23088.015858/2018-99;2018;Ensaios para caracterização de materiais - analise térmica, reológica, fisico-química, mecânica e não destrutiva;ANTÔNIO CARLOS ANCELOTTI JUNIOR;IEM;01/08/18;01/08/19;Não;R$ 50.275,00;
23088.015863/2018-00;2018;Ensaios para caracterização de materiais - analise térmica, reológica, fisico-química, mecânica e não destrutiva;ANTÔNIO CARLOS ANCELOTTI JUNIOR;IEM;01/08/18;01/08/19;Sim;R$ 50.275,00;R$ 22.364,85
23088.017904/2017-11;2017;Desenvolvimento de análise e cálculo estrutural preliminar em FEM para uma peça de aplicação na área de óleo e gás;ANTÔNIO CARLOS ANCELOTTI JUNIOR;IEM;18/09/17;28/02/19;Sim;R$ 55.000,00;R$ 55.000,00
23088.017910/2017-61;2017;Desenvolvimento de Protótipos de insertos em compósito PEEK/Carbono;ANTÔNIO CARLOS ANCELOTTI JUNIOR;IEM;18/09/17;18/02/18;Não;R$ 60.600,00;
23088.021726/2016-34;2016;Realização de ensaios de controle de qualidade GE;ANTÔNIO CARLOS ANCELOTTI JUNIOR;IEM;09/12/16;22/12/17;Sim;R$ 17.220,00;R$ 17.220,00
23088.021728/2016-23;2016;Desenvolvimento de um prototipo de mola em PEEK/Carbono;ANTÔNIO CARLOS ANCELOTTI JUNIOR;IEM;12/12/16;28/02/19;Não;R$ 250.000,00;
23088.021731/2016-47;2016;Desenvolvimento de um protótipo de suporte de selos em PEEK/Carbono;ANTÔNIO CARLOS ANCELOTTI JUNIOR;IEM;12/12/16;20/12/17;Não;R$ 161.500,00;
23088.022948/2017-55;2017;Ensaios de Laboratoriais - Ananlise Térmica e Reológica;ANTÔNIO CARLOS ANCELOTTI JUNIOR;IEM;06/11/17;17/11/18;Sim;R$ 33.101,00;R$ 33.101,00
23088.002308/2016-48;2016;Wrecking Ball;ANTÔNIO JOSÉ FARIA BOMBARD;IFQ;25/03/16;10/12/16;Sim;R$ 0,00;R$ 0,00
23499.001358/2019-19;2019;Língua Brasileira de Sinais - Intermediário;APARECIDA PAULA JACOME DOS SANTOS;CGP;27/08/19;26/11/19;Não;R$ 0,00;R$ 0,00
23088.019728/2017-44;2018;Participação em curso de Curta Duração QPSE - Módulo Geração Hidraúlica;BENDITO CLAUDIO DA SILVA;IRN;02/10/17;06/10/17;Sim;R$ 14.000,00;R$ 14.830,84
23088.005222/2019-10;2019;Desenvolvimento de pesquisa aplicada para a elaboração de Plano Diretor II;BENEDITO CLAÚDIO DA SILVA;IRN;12/03/19;12/03/20;Não;R$ 58.920,00;
23088.008647/2017-19;2017;Participação mo curso de curta duração - QPSE - Geração Hidraulica;BENEDITO CLAÚDIO DA SILVA;IRN;15/05/17;19/05/17;Não;R$ 12.600,00;
23088.009955/2019-23;2019;Capacitação técnica em projetos de Resiliência Urbana;BENEDITO CLAÚDIO DA SILVA;IRN;16/05/19;14/06/19;Não;R$ 0,00;R$ 0,00
23088.015285/2018-01;2018;Elaboração de plano diretor;BENEDITO CLAÚDIO DA SILVA;IRN;01/06/18;01/10/18;Não;R$ 89.640,00;
23088.019730/2017-13;2017;Desenvolvimento de pesquisa aplicada para a confecção de levantamento planialtimétrico, modelo digital de terreno e moisaico digital da cidade de Itamonte;BENEDITO CLAÚDIO DA SILVA;IRN;17/10/17;30/09/18;Não;R$ 65.000,00;
23088.001528/2018-16;2018;Contrato de Revisão Técnica em livro com Cessão de Direitos Autorais;BENEDITO DONIZETI BONATTO;ISEE;01/03/18;08/11/18;Sim;R$ 14.652,00;
23088.008494/2018-91;2018;Exposição de Kits Didáticos de Energias Renováveis;BENEDITO DONIZETI BONATTO;ISEE;27/02/18;28/02/18;Sim;R$ 0,00;R$ 0,00
23088.013963/2017-11;2017;"Projeto ""VideoLabs""";BENEDITO DONIZETI BONATTO;ISEE;31/07/17;15/09/17;Sim;R$ 0,00;
23088.013966/2017-46;2017;Projeto “SimuAulas”;BENEDITO DONIZETI BONATTO;ISEE;31/07/17;15/09/17;Sim;R$ 0,00;R$ 0,00
23088.024550/2018-34;2018;Workshop PPC - Engenharia Elétrica;BENEDITO DONIZETI BONATTO;ISEE;25/08/18;25/08/18;Sim;R$ 0,00;R$ 0,00
23088.008153/2017-34;2017;Curso QPSE – Métodos Computacionais e Matemática Aplicada em Sistemas Elétricos de Potência;BENEDITO ISAÍAS DE LIMA LOPES;ISEE;08/05/17;12/05/17;Sim;R$ 8.791,02;R$ 10.430,84
23088.013984/2017-28;2017;Participação no curso de curta duração - QPSE - Métidos Computacionais Aplicados e Sistemas Elétricos;BENEDITO ISAÍAS DE LIMA LOPES;ISEE;06/06/16;10/06/16;Sim;R$ 8.795,66;R$ 8.795,66
23088.020477/2016-40;2016;Curso de Qualificação em Sistemas Elétricos - Estabilidade de Tensão em Sistemas Elétricos de Potência;BENEDITO ISAÍAS DE LIMA LOPES;ISEE;21/06/16;23/06/16;Sim;R$ 4.550,00;R$ 4.550,00
23088.023520/2017-20;2017;Curso QPSE – ESTABILIDADE E DINÂMICA DE SISTEMAS ELÉTRICOS II;BENEDITO ISAÍAS DE LIMA LOPES;ISEE;21/08/17;25/08/17;Sim;R$ 5.520,00;R$ 5.181,85
23499.000378/2017-19;2018;Café Ambiental;BIANCA CABRAL CALDEIRA;Itabira;27/04/17;25/10/17;Sim;R$ 0,00;R$ 0,00
23499.000738/2017-74;2018;Semana do Meio Ambiente;BIANCA CABRAL CALDEIRA;Itabira;05/06/17;08/06/17;Sim;R$ 0,00;R$ 0,00
23499.001191/2017-24;2018;Unifei Portas Abertas _Ensino Médio;BIANCA CABRAL CALDEIRA;Itabira;31/08/17;22/09/17;Sim;R$ 0,00;R$ 0,00
23088.004117/2017-00;2017;V Encontro Mineiro de Sistemas Dinâmicos;BRAÚLIO AUGUSTO GARCIA;IMC;08/11/17;10/11/17;Sim;R$ 25.940,00;R$ 0,00
23088.007411/2019-27;2019;Aplicação de Métodos Computacionais para Previsão de Duração e Frequência de Interrupção de Energia em Estações Distribuidoras;BRUNO GUAZZELLI BATISTA;IMC;04/04/19;31/09/2019;Não;R$ 27.420,13;
23088.019691/2019-16;2019;Aplicação de Métodos Computacionais para Previsão de Duração e Frequência de Interrupção de Energia em Estações Distribuidoras;BRUNO GUAZZELLI BATISTA;IMC;05/10/19;30/06/20;Não;R$ 22.356,00;
23088.002097/2018-13;2018;Projeto FSAE - Equipe Cheetah Racing;BRUNO SILVA DE SOUSA;IEM;01/01/18;31/12/18;Sim;R$ 10.000,00;
23088.006900/2019-61;2019;Projeto Fórmula SAE Cheetah Rcing Unifei;BRUNO SILVA DE SOUSA;IEM;01/01/19;31/12/19;Não;R$ 10.000,00;
23088.007920/2016-15;2016;Projeto Fórmula SAE Cheetah Racing UNIFEI;BRUNO SILVA DE SOUSA;IEM;01/01/16;31/12/16;Sim;R$ 1.000,00;R$ 1.000,00
23088.015219/2017-42;2017;Business Meeting Week;BRUNO SILVA DE SOUSA;IEM;21/08/17;25/08/17;Sim;R$ 0,00;
23088.019727/2017-08;2017;Cheetah Racing Unifei;BRUNO SILVA DE SOUSA;IEM;01/01/17;31/12/17;Sim;R$ 0,00;R$ 0,00
23088.018139/2017-79;2017;Aplicação de Técnicas Big Data em dados gerados por sistemas de telemetria e gerenciamento de operaçoes de campo ;BRUNO TARDIOLE KUEHNE;IESTI;01/09/17;28/02/19;Não;R$ 29.865,00;
23088.018230/2019-26;2019;Resiliência Unifei;BRUNO VIDAL DE ALMEIDA;IEM;27/09/19;23/09/20;Não;R$ 0,00;R$ 0,00
23088.012020/2017-62;2017;Avaliação de Impactos Ambientais Parque Municipal de Itajubá;CAMILA ROCHA GALHARDO;IRN;13/04/17;30/06/17;Não;R$ 0,00;
23088.005872/2017-01;2017;II Seminário Nacional de Politicas Culturais e Ambientais;CARLOS ALBERTO MÁXIMO PIMENTA;IEPG;24/07/17;24/10/17;Sim;R$ 0,00;R$ 0,00
23088.008626/2016-12;2016;Cine & Prosa;CARLOS ALBERTO MÁXIMO PIMENTA;IEPG;01/06/16;31/05/17;Sim;R$ 0,00;R$ 0,00
23088.009584/2016-37;2016;Cine e Prosa;CARLOS ALBERTO MÁXIMO PIMENTA;IEPG;12/05/15;11/05/16;Sim;R$ 0,00;R$ 0,00
23088.010894/2017-85;2017;Curso de Extensão EaD sobre Tecnologias e Educação;CARLOS ALBERTO MÁXIMO PIMENTA;IEPG;12/06/17;30/06/17;Sim;R$ 0,00;
23088.013163/2018-72;2018;Fluir Mandu: expressões culturais no Bairro São Geraldo;CARLOS ALBERTO MÁXIMO PIMENTA;IEPG;02/07/18;20/12/18;Sim;R$ 0,00;R$ 0,00
23088.021801/2017-48;2017;IV Encontro de Pesquisa sobre o desemvolvimento, Tecnologias e Sociedade e Encontro Internacional em Pesquisa sobre desenvolvimento Regional e Economia Social;CARLOS ALBERTO MÁXIMO PIMENTA;IFQ;13/11/17;22/11/17;Sim;R$ 0,00;R$ 0,00
23088.001838/2014-15;2019;Curso de Aperfeiçoamento da Mão de obra da Construção Civil;CARLOS AUGUSTO DE SOUZA OLIVEIRA;ITABIRA;15/06/14;15/11/14;Sim;R$ 13.180,24;R$ 13.180,24
23499.001708/2017-85;2018;Desafio do Concreto;CARLOS AUGUSTO DE SOUZA OLIVEIRA;Itabira;01/11/17;29/12/17;Sim;R$ 0,00;R$ 0,00
23499.001742/2018-31;2018;Curso de Aperfeiçoamento da Mão de obra da Construção Civil;CARLOS AUGUSTO DE SOUZA OLIVEIRA;Itabira;05/11/18;05/12/18;Sim;R$ 0,00;R$ 0,00
23088.012266/2018-15;2019;"Participação, em caráter esporádico, do Prof. Carlos Barreira Martinez no curso de pós-graduação lato sensu intitulado ""Fontes de Energia Renováveis - Geração, Operação e Integração"", ofertado UFMG/FCO";CARLOS BARREIRA MARTINEZ;IEM;01/10/18;01/10/19;Sim;R$ 0,00;R$ 0,00
23088.006037/2018-61;2018;Fortalecimento e Ampliação do Programa de Incubação Tecnológica de Cooperativas Populares de Itajubá (INTECOOP);CARLOS EDUARDO CORRÊA MOLINA;IEM;19/03/18;31/12/18;Sim;R$ 9.600,00;R$ 9.600,00
23088.006098/2019-18;2019;Intecoop Itajubá: incubando e transformando vidas por meio da extensão universitária;CARLOS EDUARDO CORRÊA MOLINA;IEM;06/03/19;31/12/19;Não;R$ 9.600,00;
23088.007817/2017-48;2017;Consolidação e Reestruturação do Programa de Incubação da INTECOOP - com a priorização de açoes estratégicas e de gestão às associações e cooperativas incubadas;CARLOS EDUARDO CORRÊA MOLINA;IEM;01/04/17;31/12/17;Sim;R$ 10.000,00;
23088.021269/2017-69;2018;Palestra Movimento Brasil Livre;CARLOS EDUARDO CORRÊA MOLINA;IEM;09/11/17;09/11/17;Sim;R$ 0,00;R$ 0,00
23088.000654/2018-53;2018;Proposta e Análise do Gerenciamento de Risco no Sistema de Gestão da Qualidade - Transição da Norma NBR ISO 9001:2008 para a NBR ISO 9001:2015 - ênfase na redução de registros e documentação por meio do desenvolvimento e implantação de sistema de teste e rastreabilidade automatizados para as linhas de produção - Parte do Projeto de Pesquisa Modelo Automatizado de Medição e Monitoramento do Sistema de Gestão da Qualidadee rastreabilidade automatizados para as linhas de produção - Parte do Projeto de Pesquisa Modelo Automatizado de Medição e Monitoramento do Sistema de Gestão da Qualidade;CARLOS EDUARDO SANCHES DA SILVA;IEPG;15/01/18;31/08/18;Não;R$ 8.500,00;
23088.001049/2019-81;2019;Curso Reciclagem Auditores Internos SISVOO;CARLOS EDUARDO SANCHES DA SILVA;IEPG;14/01/19;14/04/19;Não;R$ 2.000,00;
23088.020105/2018-03;2018;"Palestra ""Engenharia de Produção: novas Tendências e Avanços"" - Universidade de Rio Verde GO";CARLOS EDUARDO SANCHES DA SILVA;IEPG;26/09/18;26/09/18;Não;R$ 2.000,00;
23088.005593/2016-59;2016;Semana de Engenharia de Produção;CARLOS HENRIQUE PEREIRA MELLO;IEPG;22/08/16;26/09/16;Sim;R$ 1.000,00;R$ 1.000,00
23088.011487/2018-76;2018;Participação em curso de especialização em Engenharia de Processos, Produtividade e Qualidade;CARLOS HENRIQUE PEREIRA MELLO;IEPG;09/06/18;15/12/18;Sim;R$ 31.377,50;R$ 15.911,38
23088.025123/2018-73;2018;Impressão de peças por prototipagem rápida;CARLOS HENRIQUE PEREIRA MELLO;PROEX;22/10/18;21/10/19;Sim;R$ 0,00;R$ 0,00
EV002-2017;2017;SEMANA DE ENGENHARIA PRODUÇÃO - SEMEPRO;CARLOS HENRIQUE PEREIRA MELLO;IEPG;16/08/17;18/08/17;Sim;R$ 0,00;R$ 0,00
EV004-2018;2018;WE INOVAi Conference;CARLOS HENRIQUE PEREIRA MELLO;IEPG;04/04/18;04/04/18;Sim;R$ 0,00;R$ 0,00
EV005-2018;2018;We INOVAI Fórum - Desenvolvendo ambientes de negócios entre Indústrias e Startups;CARLOS HENRIQUE PEREIRA MELLO;IEPG;10/05/18;10/05/18;Sim;R$ 0,00;R$ 0,00
23088.000864/2016-80;2016;Projeto Cheetah E-Racing de Fórmula SAE Elétrico;CARLOS HENRIQUE VALÉRIO DE MORAES;IESTI;05/02/16;05/02/17;Sim;R$ 0,00;R$ 0,00
23088.010542/2019-91;2019;Sistema Inteligente de Gestão da Manutenção e Operação de Ativos (SIGO);CARLOS HENRIQUE VALÉRIO DE MORAES;IESTI;18/04/19;17/04/20;Não;R$ 50.400,00;
23088.010554/2019-16;2019;Sistema Inteligente de Gestão da Manutenção e Operação de Ativos (SIGO);CARLOS HENRIQUE VALÉRIO DE MORAES;IESTI;18/04/19;17/04/20;Não;R$ 50.400,00;
23088.006160/2019-63;2019;Estudo de gases combustíveis e realização de ensaios com motor a gás;CARLOS ROBERTO ROCHA;IRN;01/04/19;01/07/19;Não;R$ 0,00;R$ 0,00
23499.001374/2017-40;2018;Capoeira: Prática de transformação social do indíviduo;CAROLINA LIPPARELLI MORELLI;Itabira;01/03/18;31/12/18;Sim;R$ 7.084,00;
23499.001374/2017-40;2018;Capoeira  - pratica de transformação social e do individuo;CAROLINA LIPPARELLI MORELLI;Itabira;02/10/17;31/12/18;Sim;R$ 0,00;R$ 0,00
23088.007819/2019-07;2019;IV Curso de Sistemas fotovoltaicos: Dimensionamento on e off grid, tarifação, treinamento em bancada, viabilidade, econômica agente do mercado FV, estudos de caso e simulação computacional em PVSyst;CHRISTIAN J CORONADO RODRIGUEZ;IEM;25/05/19;25/10/19;Não;R$ 10.000,00;
23088.010247/2017-73;2017;Introdução a Sistemas fotovoltaicos. Dimensionamento de sistemas on e off grid, treinamento em bancada, analise técnico econômica, estudos de caso e simulação computacional;CHRISTIAN J CORONADO RODRIGUEZ;IEM;14/09/17;14/11/17;Sim;R$ 140.000,00;R$ 12.475,00
23088.012458/2018-21;2018;III Curso de Introdução a Sistemas fotolaicos: Dimensionamento de sistemas em e off grid. Treinamento em bancada, analise técnico econômica, estudos de caso e simulação computacional em PVSyst;CHRISTIAN J CORONADO RODRIGUEZ;IEN;20/09/18;30/11/18;Sim;R$ 11.885,00;R$ 10.130,00
23088.017984/2019-69;2019;V Curso de Sistemas fotovoltaicos: Dimensionamento on e off grid, tarifação, treinamento em bancada, viabilidade econômica, agente do mercado FV, estudos de caso e simulação computacional em PVSyst;CHRISTIAN J CORONADO RODRIGUEZ;IEM;23/11/19;23/03/20;Não;R$ 11.101,00;
23088.020065/2016-20;2016;Intridução a sistemas hibridos eólico -  fotovoltaicos, dimnesionamento de sistemas isolados e conectados à rede, estudo de caso;CHRISTIAN J CORONADO RODRIGUEZ;IEM;10/03/17;11/03/17;Não;R$ 14.000,00;
23088.001700/2016-70;2016;A Escola que Construímos;CIBELE MOREIRA MONTEIRO ROSA;IFQ;01/03/16;31/12/16;Sim;R$ 0,00;R$ 0,00
23088.007798/2017-20;2017;Danada de Lata: estimulando a criatividade por meio da música e da sucata;CIBELE MOREIRA MONTEIRO ROSA;IFQ;01/06/17;31/12/17;Sim;R$ 7.995,00;R$ 9.053,98
23088.011290/2017-56;2017;Ética e Responsabilidade Social nas Organizações;CIBELE MOREIRA MONTEIRO ROSA;IFQ;19/06/17;17/07/17;Sim;R$ 0,00;
23088.011295/2017-89;2017;Fundamentos de Empreendedorismo;CIBELE MOREIRA MONTEIRO ROSA;IFQ;19/06/17;17/07/17;Sim;R$ 0,00;
23088.011296/2017-23;2017;Tendências Contemporâneas de Gestão Organizacional;CIBELE MOREIRA MONTEIRO ROSA;IFQ;19/06/17;17/07/17;Sim;R$ 0,00;
23088.002281/2016-93;2016;Tecnologias emergentes a serviço da aprendizagem;CLÁUDIA ELIANE DA MATTA;ISEE;14/03/16;07/05/16;Sim;R$ 0,00;R$ 0,00
23088.002285/2016-71;2016;Todos somos leitores;CLÁUDIA ELIANE DA MATTA;ISEE;04/02/16;07/12/16;Sim;R$ 0,00;R$ 0,00
23088.003224/2018-93;2018;Todos Somos Leitores;CLÁUDIA ELIANE DA MATTA;ISEE;07/03/18;12/12/18;Sim;R$ 0,00;R$ 0,00
23088.004567/2018-51;2018;Tecnologias emergentes a serviço da aprendizagem;CLÁUDIA ELIANE DA MATTA;ISEE;19/03/18;31/12/18;Sim;R$ 0,00;R$ 0,00
23088.005013/2017-12;2017;Fomação Bàsica de Tutoria;CLÁUDIA ELIANE DA MATTA;ISEE;22/03/17;13/04/17;Sim;R$ 0,00;
23088.005138/2019-04;2019;Todos somos leitores;CLÁUDIA ELIANE DA MATTA;ISEE;01/02/19;30/12/19;Não;R$ 0,00;R$ 0,00
23088.005495/2016-11;2016;Tecnologias emergentes a serviço da aprendizagem – Turma 2;CLÁUDIA ELIANE DA MATTA;ISEE;02/05/16;20/06/16;Sim;R$ 0,00;R$ 0,00
23088.007802/2017-80;2017;Tecnologias emergentes a serviço da aprendizagem;CLÁUDIA ELIANE DA MATTA;ISEE;17/04/17;22/12/17;Sim;R$ 10.800,00;
23499.001032/2017-20;2018;III Semob -  Semana da Engenharia da Mobilidade;CLAUDIO ERNANI MARTINS OLIVEIRA;Itabira;01/08/17;03/10/17;Sim;R$ 0,00;R$ 0,00
23499.001235/2017-16;2018;Pausa;CLAUDIO ERNANI MARTINS OLIVEIRA;IEI;13/09/17;12/09/18;Sim;R$ 0,00;R$ 0,00
23088.011058/2017-18;2017;Participação no curso de Curta Duração - QPSE - Análise de Sistemas de Potência;CLAÚDIO FERREIRA;ISEE;05/06/17;07/06/17;Sim;R$ 12.991,02;R$ 15.630,84
23088.014560/2017-81;2017;Participação no curso de Curta duração - QPSE Análise de Sistema de Potência;CLAÚDIO FERREIRA;ISEE;27/06/16;01/07/16;Sim;R$ 12.995,66;R$ 12.995,66
23088.017646/2017-65;2017;Curso de Capacitação em MOOC;CLAUDIO KIRNER;IMC;12/09/17;23/11/17;Sim;R$ 0,00;
23088.001074/2019-64;2019;Projeto Especial: Liga de Mercado Financeiro da Unifei;CLEBER GONÇALVES JUNIOR;IEPG;31/08/17;31/12/18;Sim;R$ 0,00;R$ 0,00
23088.001080/2019-11;2019;Projeto Especial: Liga de Mercado Financeiro da Unifei;CLEBER GONÇALVES JUNIOR;IEPG;01/01/19;31/12/19;Não;R$ 0,00;R$ 0,00
23088.006057/2019-13;2019;O papel transformador da universidade;CLEBER GONÇALVES JUNIOR;IEPG;27/03/19;31/12/19;Não;R$ 10.000,00;
23088.012096/2016-15;2016;Palestra sobre Planejamento Financeiro;CLEBER GONÇALVES JUNIOR;IEPG;23/06/16;23/06/16;Sim;R$ 0,00;R$ 0,00
23088.015115/2017-58;2017;Participação em programa de formação e capacitação em inovação de processos de Finanças Corporativas, Contabilidade Gerencial e Valoração de Empresas (Valuation) a ser realizado pela FUPAI;CLEBER GONÇALVES JUNIOR;IEPG;14/08/17;18/08/17;Sim;R$ 5.750,00;R$ 3.205,13
23088.015435/2016-15;2016;Projeto Especial: Liga de Mercado Financeiro;CLEBER GONÇALVES JUNIOR;IEPG;01/08/16;31/07/17;Sim;R$ 0,00;R$ 0,00
23088.019456/2019-44;2019;Reparos na instalação elétrica da APAE de Passa Quatro - MG;CREDSON DE SALLES;ISEE;02/09/19;01/09/20;Não;R$ 0,00;R$ 0,00
23499.001717/2015-12;2019;6º Workshop de Inovação no Ensino Superior;DAIR JOSE DE OLIVEIRA;ICT;05/08/15;12/11/15;Sim;R$ 0,00;R$ 0,00
23088.000676/2019-62;2019;Equipe Desafio Sampe Itabira;DANIEL ANDRADA MARIA;IEI;10/04/19;10/12/19;Não;R$ 10.000,00;
23088.003390/2019-71;2019;Análise Microestrutural de Materiais;DANIEL THOMAZINI;IEM;01/04/19;31/03/20;Não;R$ 12.500,00;
23088.017195/2019-28;2019;Medição da condutividade térmica de materiais pelo método de laser pulsado;DANIEL THOMAZINI;IEM;01/09/19;31/08/20;Não;R$ 17.500,00;
23088.008636/2016-58;2016;Engenheiros sem fronteira;DANIELA ORNAGHI SANT ANNA;IRN;01/10/15;01/10/16;Sim;R$ 0,00;R$ 0,00
23088.017484/2019-27;2019;1º Fórum São Geraldo;DANIELA ORNAGHI SANT ANNA;IRN;20/09/19;20/09/19;Não;R$ 0,00;R$ 0,00
23088.017486/2019-16;2019;Desenvolvimento e Interseccionalidade;DANIELA ORNAGHI SANT ANNA;IRN;24/09/19;26/11/19;Não;R$ 0,00;R$ 0,00
23088.000946/2017-13;2017;Sensibilização de alunos do ensino fundamental sobre resíduos solídos;DANIELA ROCHA TEIXEIRA RIONDET COSTA;IRN;25/11/16;25/11/16;Sim;R$ 0,00;
23088.007740/2016-25;2016;Ambiente natural: aproximando a comunidade da UNIFEI e da cidade de Itajubá do trabalho voluntário da Associação Resgacti.;DANIELA ROCHA TEIXEIRA RIONDET COSTA;IRN;04/05/16;04/05/17;Sim;R$ 0,00;R$ 0,00
23088.008225/2019-13;2019;Unifei Sintrópica;DANIELA ROCHA TEIXEIRA RIONDET COSTA;IRN;25/02/19;31/12/19;Não;R$ 0,00;R$ 0,00
23088.010472/2019-71;2019;Sensibilização sobre Arborização na Escola Municipal Antônio Salomon;DANIELA ROCHA TEIXEIRA RIONDET COSTA;IRN;30/05/19;13/06/19;Não;R$ 0,00;R$ 0,00
23088.010665/2016-80;2016;Os Direitos de todos para todos;DANIELA ROCHA TEIXEIRA RIONDET COSTA;IRN;07/06/16;15/07/16;Sim;R$ 0,00;R$ 0,00
23088.011237/2019-17;2019;Sala Verde LEAS: palestra, oficina e exposição de banners sobre fauna e Unidades de Conservação;DANIELA ROCHA TEIXEIRA RIONDET COSTA;IRN;06/07/19;07/07/19;Sim;R$ 0,00;R$ 0,00
23088.011560/2019-91;2019;Sensibilização sobre o Meio Ambiente por meio da Reciclagem;DANIELA ROCHA TEIXEIRA RIONDET COSTA;IRN;07/06/19;21/06/19;Não;R$ 0,00;R$ 0,00
23088.012845/2019-49;2019;Projeto Ecoeficiente para a ONG Resgati - Fase 2;DANIELA ROCHA TEIXEIRA RIONDET COSTA;IRN;10/04/19;30/12/19;Não;R$ 0,00;R$ 0,00
23088.012860/2019-97;2019;Sensibilização dos alunos do 4º ano da Escola Municipal Teodomiro Santiago quanto à problemática do lixo;DANIELA ROCHA TEIXEIRA RIONDET COSTA;IRN;19/06/19;03/07/19;Não;R$ 0,00;R$ 0,00
23088.013676/2016-11;2016;Sensibilização dos Professor (a)es e técnicos da unifei para o combate do mosquito aedes aegypti;DANIELA ROCHA TEIXEIRA RIONDET COSTA;IRN;15/03/16;21/06/16;Sim;R$ 0,00;R$ 0,00
23088.013677/1016-66;2016;Sensibilização da Comunidade da Unifei sobre o uso de vidro para produção de artesanado;DANIELA ROCHA TEIXEIRA RIONDET COSTA;IRN;15/03/16;21/06/16;Sim;R$ 0,00;R$ 0,00
23088.013678/2016-19;2016;Sensibilização dos estudantes das republicas da UNIFEI visando a Gestão de Resíduos Sólidos;DANIELA ROCHA TEIXEIRA RIONDET COSTA;IRN;15/03/16;21/06/16;Sim;R$ 0,00;R$ 0,00
23088.013679/2016-55;2016;Sensibilização para o racionamento de água nas repúblicas;DANIELA ROCHA TEIXEIRA RIONDET COSTA;IRN;15/03/16;21/06/16;Sim;R$ 0,00;R$ 0,00
23088.013868/2016-28;2016;Desperdício de água: sensibilização dos responsáveis técnicos pela manutenção de vazamentos nos banheiros da UNIFEI;DANIELA ROCHA TEIXEIRA RIONDET COSTA;IRN;15/03/16;21/06/16;Sim;R$ 0,00;R$ 0,00
23088.013869/2016-72;2016;Importância da Reciclagem do òleo de Cozinha usado;DANIELA ROCHA TEIXEIRA RIONDET COSTA;IRN;15/03/16;21/06/16;Sim;R$ 0,00;R$ 0,00
23088.013870/2016-05;2016;SENSIBILIZAÇÃO DOS COLABORADORES TERCEIRIZADOS DA UNIFEI, CAMPUS ITAJUBÁ SOBRE PREVENÇÃO E COMBATE DO AEDES AEGYPTI;DANIELA ROCHA TEIXEIRA RIONDET COSTA;IRN;15/03/16;21/06/16;Sim;R$ 0,00;R$ 0,00
23088.014058/2019-31;2019;Atividade de Extensão Universitária com base na Educação Ambiental crítica e reflexiva via desenvolvimento de um projeto aplicado à Permacultura e Sistemas Agroflorestais;DANIELA ROCHA TEIXEIRA RIONDET COSTA;IRN;30/05/19;18/06/19;Sim;R$ 0,00;R$ 0,00
23088.015055/2016-75;2016;Sensibilização da comunidade discente no combate ao Aedes Aegypti;DANIELA ROCHA TEIXEIRA RIONDET COSTA;IRN;15/03/16;21/06/16;Sim;R$ 0,00;R$ 0,00
23088.015056/2016-17;2016;Sensibilização dos Aluno (a)s de sexto ano do ensino fundamental do Curso G9 sobre a importância do solo;DANIELA ROCHA TEIXEIRA RIONDET COSTA;IRN;15/03/16;21/06/16;Sim;R$ 0,00;R$ 0,00
23088.015784/2018-91;2018;Projeto de Educação Ambiental: Horta Orgânica;DANIELA ROCHA TEIXEIRA RIONDET COSTA;IRN;12/04/18;19/02/18;Sim;R$ 0,00;R$ 0,00
23088.016625/2018-11;2018;Multirão no Parque Nacional Serra da Bocaina como instrumento de educação ambiental;DANIELA ROCHA TEIXEIRA RIONDET COSTA;IRN;31/08/18;01/09/18;Sim;R$ 0,00;R$ 0,00
23088.017214/2018-35;2018;Educação ambiental e sua importancia para a cidadania;DANIELA ROCHA TEIXEIRA RIONDET COSTA;IRN;07/08/18;07/08/18;Sim;R$ 0,00;R$ 0,00
23088.017318/2017-69;2017;Disseminação de informações no âmbito docente  da UNIFEI sobre o mosquito Aedes Aegypti e as doenças por ele transmitidas;DANIELA ROCHA TEIXEIRA RIONDET COSTA;IRN;07/03/17;27/06/17;Sim;R$ 0,00;
23088.017359/2017-55;2017;Oficinas de Geração de sabão a partir de óleo de cozinha usado nas republicas estudantis de Itajubá - MG;DANIELA ROCHA TEIXEIRA RIONDET COSTA;IRN;07/03/17;27/06/17;Sim;R$ 0,00;
23088.017360/2017-80;2017;Combate ao mosquito Aedes Aegypti na Unifei - Alunos;DANIELA ROCHA TEIXEIRA RIONDET COSTA;IRN;07/03/17;27/06/17;Sim;R$ 0,00;
23088.017717/2017-20;2017;Incentivo à leitura como forma de desenvolvimento local;DANIELA ROCHA TEIXEIRA RIONDET COSTA;IRN;17/04/17;04/07/17;Sim;R$ 0,00;
23088.017718/2017-74;2017;Projeto composteira na Escola Municipal São Sebastião - Itajubá MG;DANIELA ROCHA TEIXEIRA RIONDET COSTA;IRN;07/03/17;27/06/17;Sim;R$ 0,00;
23088.017724/2017-21;2017;Horta Escolar;DANIELA ROCHA TEIXEIRA RIONDET COSTA;IRN;07/03/17;27/06/17;Sim;R$ 0,00;
23088.017793/2017-35;2017;Concientização do uso da água para alunos do ensino fundamental 1;DANIELA ROCHA TEIXEIRA RIONDET COSTA;IRN;07/03/17;27/06/17;Sim;R$ 0,00;
23088.017807/2017-11;2017;Projeto Meio Ambiente: A importância da Reciclagem, da Reutilização, da Redução e da Recuperação para o nosso planeta;DANIELA ROCHA TEIXEIRA RIONDET COSTA;IRN;07/03/17;27/06/17;Sim;R$ 0,00;
23088.017809/2017-18;2017;Projeto de extensão para sensibilização dos alunos de uma escola municipal rural de Itajubá - MG, a respeito da separação e destinação ambientalmente adequada dos resíduos domésticos;DANIELA ROCHA TEIXEIRA RIONDET COSTA;IRN;17/04/17;04/07/17;Sim;R$ 0,00;R$ 0,00
23088.018351/2019-78;2019;sala Verde LEAS vai à escola: arborização e jardinagem na Escola Municipal Reino Encantado - Inconfidentes/MG;DANIELA ROCHA TEIXEIRA RIONDET COSTA;IRN;02/09/19;06/09/19;Não;R$ 0,00;R$ 0,00
23088.018352/2019-12;2019;Sala Verde LEAS vai à escola: sensibilização ambiental no Horto Florestal Anhumas;DANIELA ROCHA TEIXEIRA RIONDET COSTA;IRN;29/08/19;29/08/19;Não;R$ 0,00;R$ 0,00
23088.005869/2018-61;2018;Projeto Aquecedor Solar Sustentável;DANIELE ORNAGHI SANT’ANNA;IRN;11/04/18;31/12/18;Sim;R$ 4.460,08;R$ 3.200,00
23088.006204/2019-55;2019;Casa da Terra: uma oficina sustentável;DANIELE ORNAGHI SANT’ANNA;IRN;13/03/19;31/12/19;Não;R$ 10.000,00;
23088.012233/2018-75;2018;V Encontro sobre Desenvolvimento, Tecnologias e Sociedade;DANIELE ORNAGHI SANT’ANNA;IRN;18/06/18;20/06/18;Sim;R$ 0,00;R$ 0,00
23088.001439/2018-70;2018;Desenvolvimento e Aperfeiçoamento de Módulos de Rádio para Internet das coisas;DANILO HENRIQUE SPADOTI;IESTI;23/01/18;30/05/19;Sim;R$ 12.000,00;R$ 22.937,29
23088.010052/2019-95;2019;Módulo RF/Neras FIT: Levantamento de Requisitos;DANILO HENRIQUE SPADOTI;IESTI;15/05/19;30/08/19;Não;R$ 6.000,00;
23088.013247/2019-97;2019;Caracterização de antenas e módulos de rádio OneRF;DANILO HENRIQUE SPADOTI;IESTI;02/07/19;30/06/20;Não;R$ 29.400,00;
23088.002306/2014-97;2019;I Jornada do CEPRASST - Centro de Estudos em Segurança e Saúde do Trabalhador;DAVIDSON PASSOS MENDES;ICPA;01/09/14;22/09/14;Sim;R$ 0,00;R$ 0,00
23088.008182/2018-87;2018;Metodologias Ativas e Novas Tecnologias Educacionais no Ensino de Ciências e Matematica: Oficina Narrativas Digitais;DENISE PEREIRA DE ALCANTARA FERRAZ;IFQ;18/04/18;30/11/18;Sim;R$ 0,00;R$ 0,00
23088.012661/2019-89;2019;Metodologias Ativas e Novas Tecnologias Educacionais no Ensino de Ciências e Matemática;DENISE PEREIRA DE ALCANTARA FERRAZ;IFQ;01/08/19;10/12/19;Não;R$ 0,00;R$ 0,00
23088.015701/2019-44;2019;II Simpósio Internacional de Educação em Ciências e IV Semana das Licenciaturas da Unifei;DENISE PEREIRA DE ALCANTARA FERRAZ;IFQ;11/11/19;20/12/19;Não;R$ 2.000,00;
23088.016521/2018-07;2018;I Simpósio Internacional de Educação em Ciências e III Semana das licenciaturas da Unifei;DENISE PEREIRA DE ALCANTARA FERRAZ;IFQ;29/10/18;01/11/18;Sim;R$ 2.000,00;R$ 2.820,00
23088.002197/2018-31;2018;Projeto Baja- Equipe Saci;DIEGO MAURICIO YEPES MAYA;IEM;01/01/18;31/12/18;Sim;R$ 0,00;R$ 0,00
23088.002471/2017-91;2017;Projeto Baja - Equipe Saci;DIEGO MAURICIO YEPES MAYA;IEM;01/01/17;31/12/17;Sim;R$ 24.425,44;R$ 24.425,44
23088.024948/218-71;2018;Minicurso International Advances in biodigestion Technology;DIEGO MAURICIO YEPES MAYA;IEM;10/12/18;14/12/18;Sim;R$ 0,00;R$ 0,00
23088.024958/2018-14;2018;Seminário Internacional UNIFEI e UNILIBRE;DIEGO MAURICIO YEPES MAYA;IEM;05/11/18;09/11/18;Sim;R$ 0,00;R$ 0,00
23499.000349/2019-19;2019;Máquinas de Leonardo da Vinci 2019;EDELMA ELETO DA SILVA;ICPA;06/03/19;31/12/19;Não;R$ 8.800,00;
23499.000450/2017-08;;Máquinas de Leonarda da Vinci;EDELMA ELETO DA SILVA;Itabira;01/05/17;31/11/17;Sim;R$ 0,00;R$ 0,00
23499.000522/2018-90;2018;Máquinas de Leonarda da Vinci 2018;EDELMA ELETO DA SILVA;Itabira;27/03/18;31/12/18;Sim;R$ 0,00;R$ 0,00
23088.000553/2019-63;2019;Curso Assitencial Theodomiro Santiago - CATS;EDMILSON MARMO MOREIRA;IESTI;01/01/19;31/12/19;Não;R$ 0,00;R$ 0,00
23088.001749/2018-94;2018;Curso Assistencial Theodomiro Santiago - CATS;EDMILSON MARMO MOREIRA;IESTI;19/03/18;14/12/18;Sim;R$ 5.191,94;
23088.002118/2016-21;2016;Treinamento Especial para Programação Competitiva;EDMILSON MARMO MOREIRA;IESTI;01/01/16;31/12/16;Sim;R$ 0,00;R$ 0,00
23088.002798/2017-63;2017;Curso Assistencial Theodomiro Santiago - CATS;EDMILSON MARMO MOREIRA;IESTI;10/01/16;10/12/16;Sim;R$ 0,00;
23088.003287/2017-69;2017;Curso Assistencial Theodomiro Santiago - CATS;EDMILSON MARMO MOREIRA;IESTI;10/01/17;10/12/17;Sim;R$ 0,00;
23088.003489/2017-19;2017;Epic Coders – Maratona de Programação;EDMILSON MARMO MOREIRA;IESTI;01/01/17;31/12/17;Sim;R$ 83.000,00;R$ 40.000,00
23088.007805/2017-13;2017;Curso Assistencial Theodomiro Santiago - CATS;EDMILSON MARMO MOREIRA;IESTI;01/04/17;31/12/17;Sim;R$ 0,00;R$ 0,00
23088.000210/2015-75;2015;Emissão de Parecer Técnico para Funcionamento Ininterrupto - Decreto 27.048 de 12/08/1949 e Portaria 3.118 de 03/04/1989 do Ministério do Trabalho;EDMILSON OTONI CORRÊA;IEM;11/02/15;15/03/15;Sim;R$ 6.500,00;R$ 6.500,00
23088.007779/2019-95;2019;Prestação de serviços de metalografia, ensaios mecânicos, analise de composição química, microscopia ótica, tratamentos térmicos, medição de dureza, medição de espessura por ultrassom e qualificação de soldadores;EDMILSON OTONI CORRÊA;IEM;26/04/19;26/04/20;Não;R$ 17.838,82;
23088.017086/2018-20;2018;Emissão de parecer técnico para funcionamento ininterrupto ;EDMILSON OTONI CORRÊA;IEM;08/08/18;08/08/19;Sim;R$ 36.000,00;R$ 10.000,00
23088.002669/2018-56;2018;Participação no curso de Curta Duração - Instrumento de Medição e Calibração;EDSON DA COSTA BORTONI;ISEE;19/09/17;20/09/17;Não;R$ 12.222,55;
23088.008285/2017-66;2017;Reguladores de Velocidade;EDSON DA COSTA BORTONI;ISEE;02/05/17;04/05/17;Não;R$ 24.840,00;
23088.008288/2017-08;2017;Operação de Turbinas Hidráulicas e Reguladores de Velocidade;EDSON DA COSTA BORTONI;ISEE;01/08/16;04/08/16;Não;R$ 0,00;R$ 0,00
23088.014375/2017-96;2017;Curso de Curta Duração em Termografia Infravermelha;EDSON DA COSTA BORTONI;ISEE;07/08/17;09/08/17;Sim;R$ 6.726,60;R$ 6.726,60
23088.015071/2019-16;2019;Participação no curso de curta duração em Operação de Turbinas Hidráulicas e Reguladores de Velocidade;EDSON DA COSTA BORTONI;ISEE;29/07/19;29/07/20;Não;R$ 3.272,08;
23088.022950/2018-13;2018;Participação no Curta Duração em Termografia Infravermelha;EDSON DA COSTA BORTONI;IESTI;29/10/18;28/10/19;Não;R$ 0,00;R$ 0,00
23088.024409/2017-51;2017;Participação no curso de curta duração - Instrumentação Insdustrial;EDSON DA COSTA BORTONI;ISEE;16/10/17;20/10/17;Sim;R$ 10.332,55;R$ 10.322,56
23088.002919/2016-96;2016;Participação em programa de formação e capacitação em inovação de processos de avaliação de investimentos em PPPs: Engenharia Econômica I e II;EDSON DE OLIVEIRA PAMPLONA;IEPG;09/03/16;01/04/16;Sim;R$ 25.125,28;R$ 25.125,28
23088.012376/2019-68;2019;Participação em programa de formação e capacitação em inovação de processo de avaliação de investimentos em PPPs: Engenharia Econômica I e II;EDSON DE OLIVEIRA PAMPLONA;IEPG;24/06/19;24/12/19;Não;R$ 20.700,00;
23088.013334/2017-82;2017;Participação em programa de formação e capacitação em inovação de processos de Finanças Corporativas, Contabilidade Gerencial e Valoração de Empresas (Valuation) a ser realizado pela FUPAI;EDSON DE OLIVEIRA PAMPLONA;IEPG;14/08/17;18/08/17;Sim;R$ 9.200,00;R$ 7.863,25
23088.017938/2016-17;2016;Participação em programa de formação e capacitação em inovação de processos de avaliação de investimentos em empresa de logística e sucroenergética: Engenharia Econômica;EDSON DE OLIVEIRA PAMPLONA;IEPG;01/09/16;02/09/16;Sim;R$ 2.636,00;R$ 2.636,59
23088.019253/2016-13;2016;Participação em Programa de Formação e Capacitação em Inovação de Processos de Avaliação de Investimentos em PPPs: Engenharia Econômica I e II;EDSON DE OLIVEIRA PAMPLONA;IEPG;19/10/16;21/10/16;Sim;R$ 28.000,00;R$ 28.751,59
23088.024674/2018-10;2018;Participação em programa de capacitação em Engenharia Econômica 1 e 2;EDSON DE OLIVEIRA PAMPLONA;PROEX;28/11/18;08/12/18;Sim;R$ 12.075,00;R$ 16.190,11
23088.008043/2019-34;2019;Metodologia de Análise de Desempenho de Regionais de Empresas de Distribuição;EDUARDO CRESTANA GUARDIA;ISEE;22/04/19;22/12/19;Não;R$ 94.616,00;
23088.013998/2018-22;2018;Metodologia de Análise de Desempenho de Regionais de Empresas de Distribuição;EDUARDO CRESTANA GUARDIA;ISEE;07/07/18;28/02/19;Não;R$ 77.040,00;
23088.021855/2017-11;2017;Análise de Desempenho de empresas de distribuição;EDUARDO CRESTANA GUARDIA;ISEE;20/10/17;31/07/18;Sim;R$ 80.892,00;R$ 89.280,00
23499.001975/2018-33;2018;Avaliação do aproveitamento de água de chuva na produção de cimento na empresa Itamix;EDUARDO DE AGUIAR DO COUTO;Itabira;01/11/18;30/14/19;Sim;R$ 0,00;R$ 0,00
23088.011619/2017-89;2017;Participação no curso de curta duração – QPSE – Economia do Setor Eletro-Energético ;EDUARDO GUARDIA CRESTANA;ISEE;26/06/17;30/06/17;Sim;R$ 5.195,66;R$ 5.230,84
23088.006190/2018-99;2018;Colóquios Interdisciplinares ;EDUARDO HENRIQUE SILVA BITTENCOURT;IFQ;10/05/18;29/11/18;Sim;R$ 9.059,10;
23088.007839/2017-16;2017;Colóquios Interdisciplinares;EDUARDO HENRIQUE SILVA BITTENCOURT;IFQ;06/04/17;17/11/17;Sim;R$ 8.400,00;R$ 7.500,00
23088.004849/2019-53;2019;Teste de Usabilidade em bomba extracorpórea;EGON LUIZ MULLER JUNIOR;IESTI;15/03/19;31/12/19;Não;R$ 22.328,32;
23088.006108/2019-15;2019;Projeto Play;EGON LUIZ MULLER JUNIOR;IESTI;22/03/19;31/12/19;Não;R$ 9.750,00;
23088.009371/2016-13;2016;Curso de Gerenciamento de Tecnologias de Informação em Saúde;EGON LUIZ MULLER JUNIOR;PRG;16/11/15;18/06/16;Sim;R$ 0,00;R$ 0,00
23088.018858/2019-21;2019;Treinamento de Usabilidade em Equipamentos Médicos;EGON LUIZ MULLER JUNIOR;IESTI;20/09/19;31/03/20;Não;R$ 37.435,29;
23499.000331/2018-28;2018;Conjunto de palestras da área de engenharia elétrica;ÉLCIO FRANKLIN DE ARRUDA;ICT;14/03/18;20/11/18;Sim;R$ 0,00;R$ 0,00
23499.000566/2017-39;2018;"Projeto ""Rondon Cinquentenário""";ÉLCIO FRANKLIN DE ARRUDA;Itabira;05/04/17;31/08/17;Sim;R$ 0,00;R$ 0,00
23499.001043/2018-91;2018;Projeto de apoio pedagógico ao Colégio Tiradentes Itabira;ÉLCIO FRANKLIN DE ARRUDA;Itabira;13/08/18;30/11/18;Sim;R$ 51.000,00;R$ 4.800,00
23088.017300/2018-48;2018;Emissão de Laudo Técnico sobre desempenho de equipamentos de alimentação de Biomassa em UTE;ELECTO EDUARDO SILVA LORA;IEM;03/09/18;20/12/18;Sim;R$ 40.000,00;R$ 40.000,00
23088.020106/2018-40;2018;Educação permanente para funcionários em atenção básica à saúde da PMI;ELIANA DE FATIMA SOUZA SALOMON;IEPG;01/09/18;31/08/19;Sim;R$ 0,00;R$ 0,00
23499.000639/2019-54;2019;Engenheiros Sem Fronteiras - Núcleo Itabira;ELIANE MARIA VIEIRA;ICPA;25/02/19;30/11/19;Não;R$ 0,00;R$ 0,00
23499.000830/2019-04;2019;Educação Ambiental - Carmésia;ELIANE MARIA VIEIRA;ICPA;01/05/19;31/04/2020;Não;R$ 0,00;R$ 0,00
23499.001344/2019-03;2019;Curso AutoCad aplicado ao mapeamento topográfico 2019;ELIANE MARIA VIEIRA;ICPA;27/08/19;03/09/19;Não;R$ 0,00;R$ 0,00
23499.001592/2017-84;2018;Curso de Intridução ao Argis aplicado a analises ambientais;ELIANE MARIA VIEIRA;Itabira;30/11/17;12/12/17;Sim;R$ 0,00;R$ 0,00
23088.004409/2019-04;2019;Programa de formação continuada de professores em Ciências e Matemática: uma proposta de ações colaborativas com foco na nova BNCC;ELIANE MATESCO CRISTOVÃO;IMC;01/03/19;31/12/19;Não;R$ 10.000,00;
23088.005527/2018-41;2018;Programa de formação inicial e continuada de professores em ciências, matemática e saúde: uma proposta de ações coloborativas em parceria com professores de educação básica;ELIANE MATESCO CRISTOVÃO;IMC;19/03/18;31/12/18;Sim;R$ 0,00;R$ 0,00
23088.011786/2016-49;2016;LETRAMENTO CIENTÍFICO E TECNOLÓGICO NA ESCOLA BÁSICA;ELIANE MATESCO CRISTOVÃO;IMC;31/03/16;30/12/16;Sim;R$ 0,00;R$ 0,00
23088.007740/2019-78;2019;Dev-U;ELISA DE CÁSSIA SILVA RODRIGUES;IMC;15/04/19;15/04/20;Não;R$ 0,00;R$ 0,00
23088.013842/2019-22;2019;Sistema de Informação Gerencial para Microempresas;ELIZABETE RIBEIRO SANCHES DA SILVA;IMC;12/08/19;22/11/19;Não;R$ 0,00;R$ 0,00
23088.002974/2019-29;2019;Planejamento e Organização do II Seminário de Educação Empreendedora em Engenharia da Associação Brasileira de Educação em Engenharia (ABENGE);ELZO ALVES ARANHA;IEPG;13/02/19;22/03/19;Sim;R$ 0,00;R$ 0,00
23088.002981/2019-21;2019;Curso de Técnicas Edle-Educação Empreendedora para professores de Engenharia - Módulo Básico - Organizado pela Associação Brsileira de Educação em Engenharia - ABENGE;ELZO ALVES ARANHA;IEPG;13/02/19;21/03/19;Sim;R$ 0,00;R$ 0,00
23088.004801/2017-83;2017;Curso de Introdução ao Empreendedorismo para alunos do Ensino Médio - Módulo I - Comportamento Empreendedor;ELZO ALVES ARANHA;IEPG;27/03/17;27/06/17;Sim;R$ 0,00;
23088.008233/2017-90;2017;Empreendedorismo, Inovação aberta, aprendizagem ativa e design thinking no recôncavo da Bahia;ELZO ALVES ARANHA;IEPG;31/05/17;02/05/17;Sim;R$ 0,00;
23088.012822/2019-34;2019;Palestra: EDLE: Entrepreneurial Dynamic Learning - (Técnicas Integradas de Aprendizagem Dinâmica Empreendedora) - Compartilhamento de Experiências Inovadoras de Aprendizagem na Educação Superior;ELZO ALVES ARANHA;IEPG;01/07/19;24/07/19;Não;R$ 0,00;R$ 0,00
23088.014699/2016-43;2016;1º Encontro de Popularização de Ciência, Tecnolodia, Inovação e Empreendedorismo do Sul de Minas;ELZO ALVES ARANHA;IEPG;21/09/16;10/02/17;Sim;R$ 0,00;R$ 0,00
23088.021079/2016-61;2016;1º BUSINESS MODEL INTERNATIONAL MEETING - BRAZIL & DENMARK                                     ;ELZO ALVES ARANHA;IEPG;01/12/16;15/02/16;Sim;R$ 0,00;R$ 0,00
23088.021446/2016-26;2016;WORKSHOP DE EMPREENDEDORISMO, EDUCAÇÃO EMPREENDEDORA, APRENDIZAGEM ATIVA E DESIGN THINKING PARA PROFESSORES E ESTUDANTES DA ESCOLA PÚBLICA DE ENSINO MÉDIO;ELZO ALVES ARANHA;IEPG;09/12/16;12/12/16;Sim;R$ 0,00;R$ 0,00
23088.022728/2018-11;2018;Palestra Cidade Empreendedora e cidade 4.0;ELZO ALVES ARANHA;IEPG;05/11/18;05/11/18;Sim;R$ 0,00;R$ 0,00
23088.024686/2018-44;2018;Palestra Universidade Empreendedora;ELZO ALVES ARANHA;IEPG;21/11/18;22/11/18;Sim;R$ 0,00;R$ 0,00
23499.000412/2017-47;2018;Mini Curso de Simulação de Tráfego utilizando o software AimSun;EMERSON JOSÉ DE PAIVA;Itabira;31/03/17;01/04/17;Sim;R$ 0,00;R$ 0,00
23499.000482/2018-86;2019;Capacitação em Simulação de Tráfego com Aimsun;EMERSON JOSÉ DE PAIVA;IEI;27/03/18;16/05/18;Sim;R$ 0,00;R$ 0,00
23088.012964/2019-00;2019;"Palestra sobre ""Teoria e observações sobre relâmpagos no Brasil""";ENRIQUE VIEIRA MATTOS;IRN;09/06/19;12/06/19;Sim;R$ 0,00;R$ 0,00
23088.006173/2017-17;2017;FliperamAAA;ENZO SERAPHIM;DSI;08/04/17;08/04/17;Sim;R$ 0,00;
23088.024651/2017-24;2017;Contrato de revisão Técninca com Cessão de Direitos Autorais;ENZO SERAPHIM;IESTI;12/12/17;11/12/18;Sim;R$ 6.000,00;R$ 9.540,00
23499.000658/2018-08;2018;Maratona Mineira de Programaçaõ;ÉRICK OLIVEIRA RODRIGUES;Itabira;10/05/18;15/12/18;Sim;R$ 0,00;R$ 0,00
23499.000772/2019-19;2019;Maratona de Programação;ÉRICK OLIVEIRA RODRIGUES;ICT;07/05/19;06/03/20;Não;R$ 0,00;R$ 0,00
23499.000959/2018-23;2018;Equipe de desenvolvimento de jogos eletronicos;ÉRICK OLIVEIRA RODRIGUES;Itabira;25/06/18;25/06/19;Não;R$ 0,00;R$ 0,00
23499.001226/2018-14;2018;Ensino de Programação básica/Desenvolvimento de Aplicativos no EEMZA -  Itabira;ÉRICK OLIVEIRA RODRIGUES;Itabira;14/08/18;14/12/18;Sim;R$ 0,00;R$ 0,00
 23088.000296/2016-17;2016;Ensaios Elétricos em Chave Seccionadora;ESTÁCIO TAVARES WANDERLEY NETO;ISEE;04/01/16;30/06/16;Sim;R$ 4.778,68;R$ 4.778,68
23088.000194/2016-00;2016;Ensaios Elétricos em Cabos Isolados;ESTÁCIO TAVARES WANDERLEY NETO;ISEE;01/12/15;30/05/16;Sim;R$ 71.481,42;R$ 71.481,42
23088.000245/2016-95;2016;Ensaios Elétricos em Bobinas;ESTÁCIO TAVARES WANDERLEY NETO;ISEE;04/01/16;31/06/16;Sim;R$ 17.280,17;R$ 17.280,17
23088.000258/2016-64;2016;Ensaios Elétricos em Cabos Isolados;ESTÁCIO TAVARES WANDERLEY NETO;ISEE;04/01/16;30/06/16;Sim;R$ 118.510,37;R$ 118.510,37
23088.000262/2016-22;2016;Ensaios elétricos em Capacitores;ESTÁCIO TAVARES WANDERLEY NETO;ISEE;04/01/16;31/06/16;Sim;R$ 1.394,32;R$ 1.394,32
23088.000303/2016-81;2016;Ensaios Elétricos em Equipamentos de Baixa tensão;ESTÁCIO TAVARES WANDERLEY NETO;ISEE;04/01/16;31/06/16;Sim;R$ 0,00;R$ 0,00
23088.000886/2019-92;2019;Ensaios Elétricos;ESTÁCIO TAVARES WANDERLEY NETO;ISEE;01/01/19;31/12/19;Não;R$ 139.238,53;
23088.001043/2018-22;2018;Ensaios Elétricos;ESTÁCIO TAVARES WANDERLEY NETO;ISEE;01/01/18;31/06/18;Não;R$ 51.000,00;
23088.001195/2018-25;2018;Ensaios Elétricos em Transformadores;ESTÁCIO TAVARES WANDERLEY NETO;ISEE;01/01/18;31/12/18;Não;R$ 225.600,00;
23088.001454/2018-18;2018;Ensaios Elétricos;ESTÁCIO TAVARES WANDERLEY NETO;ISEE;01/01/18;31/12/18;Não;R$ 319.564,00;
23088.002445/2019-25;2019;Ensaios Elétricos em transformadores;ESTÁCIO TAVARES WANDERLEY NETO;ISEE;01/01/19;31/12/19;Não;R$ 237.768,42;
23088.002446/2019-70;2019;Ensaios Elétricos;ESTÁCIO TAVARES WANDERLEY NETO;ISEE;01/01/19;31/12/19;Não;R$ 215.868,42;
23088.002448/2019-69;2019;Inspeção em ensaios em isoladores e transformadores;ESTÁCIO TAVARES WANDERLEY NETO;ISEE;01/01/19;31/12/19;Não;R$ 14.056,55;
23088.002615/2016-29;2016;Ensaios Elétricos em Espaçadores;ESTÁCIO TAVARES WANDERLEY NETO;ISEE;04/01/16;31/06/16;Sim;R$ 0,00;R$ 0,00
23088.002619/2016-15;2016;Ensaios Elétricos em Grampos de Ancoragem;ESTÁCIO TAVARES WANDERLEY NETO;ISEE;04/01/16;31/06/16;Sim;R$ 0,00;R$ 0,00
23088.002623/2016-75;2016;Ensaios Elétricos em Para-raios;ESTÁCIO TAVARES WANDERLEY NETO;ISEE;04/01/16;31/06/16;Sim;R$ 0,00;R$ 0,00
23088.002627/2016-53;2016;Ensaios Elétricos em Isoladores;ESTÁCIO TAVARES WANDERLEY NETO;ISEE;04/01/16;30/06/16;Sim;R$ 13.906,33;R$ 13.906,33
23088.002632/2016-66;2016;Ensaios Elétricos em TP – Transformador Potencial;ESTÁCIO TAVARES WANDERLEY NETO;ISEE;04/01/16;31/06/16;Sim;R$ 24.909,99;R$ 24.909,99
23088.002635/2016-05;2016;Ensaios Elétricos em TC – Transformador de Corrente;ESTÁCIO TAVARES WANDERLEY NETO;ISEE;04/01/16;31/06/16;Sim;R$ 2.132,00;R$ 2.132,00
23088.002638/2016-33;2016;Ensaios Elétricos em Transformadores;ESTÁCIO TAVARES WANDERLEY NETO;ISEE;04/01/16;30/06/16;Sim;R$ 430.578,92;R$ 430.578,92
23088.002640/2016-11;2016;Ensaios elétricos em Módulo Externo (a);ESTÁCIO TAVARES WANDERLEY NETO;ISEE;04/01/16;31/06/16;Sim;R$ 0,00;R$ 0,00
23088.002657/2016-60;2016;Ensaios Elétricos em Núcleo Metálicos em Aço - Classe de Tensão 1 kV;ESTÁCIO TAVARES WANDERLEY NETO;ISEE;04/01/16;31/06/16;Sim;R$ 0,00;R$ 0,00
23088.003211/2016-52;2016;Curso de Técnicas em Alta Tensão;ESTÁCIO TAVARES WANDERLEY NETO;ISEE;07/03/16;11/03/16;Sim;R$ 24.000,00;R$ 24.000,00
23088.004601/2016-40;2016;Inspeção de Ensaios em Isoladores e transformadores;ESTÁCIO TAVARES WANDERLEY NETO;ISEE;19/03/16;23/03/16;Sim;R$ 7.977,20;R$ 7.977,20
23088.005667/2019-08;2019;Recuperação de Mercado - Energia Segura com Inibidores de Furtos - Fase Desenvolvimento Experimental;ESTÁCIO TAVARES WANDERLEY NETO;ISEE;03/06/19;02/10/19;Não;R$ 88.854,20;
23088.005984/2018-35;2018;Inspeção em ensaior em isoladores e transformadores;ESTÁCIO TAVARES WANDERLEY NETO;ISEE;01/01/18;30/06/18;Sim;R$ 14.056,55;R$ 52.084,70
23088.006045/2016-46;2016;Inspeção de Ensaios em Isoladores;ESTÁCIO TAVARES WANDERLEY NETO;ISEE;05/02/16;17/02/16;Sim;R$ 7.128,00;R$ 7.128,00
23088.008930/2019-11;2019;Estudo do impacto dos processos de descontaminação de PCB no desempenho de transformadores;ESTÁCIO TAVARES WANDERLEY NETO;ISEE;13/05/19;12/05/20;Não;R$ 90.000,00;
23088.010842/2016-28;2016;Ensaios Elétricos;ESTÁCIO TAVARES WANDERLEY NETO;ISEE;01/07/16;31/12/16;Sim;R$ 160.420,00;R$ 160.420,00
23088.010908/2016-80;2016;Ensaios Elétricos em Transformadores;ESTÁCIO TAVARES WANDERLEY NETO;ISEE;01/07/16;31/12/16;Sim;R$ 194.000,00;R$ 194.000,00
23088.011068/2016-75;2016;Ensaios Elétricos em Transformadores;ESTÁCIO TAVARES WANDERLEY NETO;ISEE;01/07/16;31/12/16;Sim;R$ 181.980,61;R$ 181.980,61
23088.011137/2016-92;2016;ENSAIOS FISICO-QUIMICOS EM MATERIAIS ELÉTRICOS ;ESTÁCIO TAVARES WANDERLEY NETO;ISEE;01/07/16;31/12/16;Sim;R$ 50.000,00;R$ 0,00
23088.011138/2016-92;2016;Ensaios Elétricos;ESTÁCIO TAVARES WANDERLEY NETO;ISEE;01/07/16;31/12/16;Sim;R$ 109.648,06;R$ 109.648,06
23088.013805/2017-52;2017;Ensaio Elétricos;ESTÁCIO TAVARES WANDERLEY NETO;ISEE;01/07/17;31/12/17;Sim;R$ 200.000,00;R$ 139.903,35
23088.013850/2017-15;2017;Inspeção de Ensaios em Isoladores e transformadores;ESTÁCIO TAVARES WANDERLEY NETO;ISEE;01/07/17;31/12/17;Sim;R$ 41.464,51;R$ 0,00
23088.014017/2019-45;2019;Estudos de descargas parciais em isoladores;ESTÁCIO TAVARES WANDERLEY NETO;ISEE;15/08/19;14/05/20;Não;R$ 47.278,62;
23088.014328/2018-23;2018;Ensaios Elétricos;ESTÁCIO TAVARES WANDERLEY NETO;ISEE;01/07/18;31/12/18;Não;R$ 51.094,00;
23088.014398/2017-09;2017;Ensaios Laboratoriais em equipamentos dfe média e alta tensão;ESTÁCIO TAVARES WANDERLEY NETO;ISEE;01/07/17;31/12/17;Sim;R$ 150.000,00;R$ 39.553,46
23088.016222/2019-45;2019;Estudos de descargas parciais em isoladores;ESTÁCIO TAVARES WANDERLEY NETO;ISEE;15/08/19;14/05/20;Não;R$ 0,00;R$ 0,00
23088.017742/2018-94;2018;Inspeção em ensaios em isoladores e transformadores;ESTÁCIO TAVARES WANDERLEY NETO;ISEE;01/07/18;31/12/18;Sim;R$ 14.056,55;R$ 0,00
23088.021964/2016-40;2016;Ensaios Elétricos;ESTÁCIO TAVARES WANDERLEY NETO;ISEE;02/01/17;30/06/17;Sim;R$ 175.150,00;R$ 104.783,08
23088.021967/2016-83;2016;Ensaios Elétricos;ESTÁCIO TAVARES WANDERLEY NETO;ISEE;01/01/17;31/06/2017;Sim;R$ 80.000,00;R$ 19.301,01
23088.021968/2016-28;2016;Ensaios Elétricos em Transformadores;ESTÁCIO TAVARES WANDERLEY NETO;ISEE;01/01/17;30/06/17;Sim;R$ 330.000,00;
23088.021971/2016-41;2016;Ensaios físico-químicos em materiais elétricos;ESTÁCIO TAVARES WANDERLEY NETO;ISEE;01/01/17;30/06/17;Sim;R$ 50.000,00;R$ 0,00
23088.021972/2016-96;2016;Inspeção de Ensaios em Isoladores e transformadores;ESTÁCIO TAVARES WANDERLEY NETO;ISEE;01/07/16;31/12/16;Sim;R$ 8.133,84;R$ 8.133,84
23088.023161/2018-91;2018;Estudos de descargas parciais em isoladores;ESTÁCIO TAVARES WANDERLEY NETO;ISEE;15/11/18;14/08/19;Não;R$ 47.278,62;
23088.024878/2018-51;2019;Ensaios elétricos;ESTÁCIO TAVARES WANDERLEY NETO;ISEE;01/09/18;28/02/19;Não;R$ 0,00;R$ 0,00
23088.006822/2019-03;2019;Museu Itinerante de Geologia e Mineralogia;ESTEFÂNIA FERNANDES DOS SANTOS;IRN;28/03/19;30/07/19;Não;R$ 8.810,00;
23499.000973/2017-46;2018;Popesia e Ciência;EVANDRO AUGUSTO DE MORAIS;Itabira;01/04/17;30/12/17;Sim;R$ 0,00;R$ 0,00
23499.000974/2017-91;2018;Planetário Itinerante;EVANDRO AUGUSTO DE MORAIS;Itabira;20/02/17;20/12/17;Sim;R$ 0,00;R$ 0,00
23499.001031/2017-85;2018;Curso Preparatório para ENEM;EVANDRO AUGUSTO DE MORAIS;Itabira;14/08/17;03/12/17;Sim;R$ 0,00;R$ 0,00
23499.001044/2018-35;2018;Curso Preparatório para ENEM 2018;EVANDRO AUGUSTO DE MORAIS;Itabira;13/08/18;30/11/18;Sim;R$ 4.800,00;
23088.017263/2019-59;2019;Química na Prática;EVANDRO FORTES ROZENTALSKI;IFQ;12/08/19;06/12/19;Não;R$ 0,00;R$ 0,00
23088.014053/2019-17;2019;Participação em Curso de Especialização em Engenharia de Processos, Produtividade e Qualidade na Faculdade de Administração e Informática (FAI), de Santa Rita do Sapucaí, Minas Gerais (Módulo PCP);FABIANO LEAL;IEPG;03/08/19;28/11/19;Não;R$ 3.523,53;
23088.016710/2019-52;2019;Curso de mapeamento de processo através da técnica BPMN para Empresas Juniores;FABIANO LEAL;IEPG;19/09/19;24/10/19;Não;R$ 0,00;R$ 0,00
23088.014977/2019-13;2019;Semana da Química;FABIO DA SILVA LISBOA;IFQ;05/08/19;09/08/19;Sim;R$ 0,00;R$ 0,00
23088.005996/2018-60;2018;Curso de Resolução de Cases;FÁBIO FAVARETTO;IEPG;21/03/18;23/03/18;Sim;R$ 0,00;R$ 0,00
23088.015453/2017-70;2017;Clube de Consultoria de Itajubá;FÁBIO FAVARETTO;IEPG;10/08/17;10/08/18;Sim;R$ 0,00;
23088.018885/2019-02;2019;Desenvolvimento de manual para uso de indicadores para administração de materiais em supermercados;FÁBIO FAVARETTO;IEPG;20/09/19;10/01/20;Não;R$ 0,00;R$ 0,00
23088.009614/2016-13;2016;How to Enhance Your Entrepreneurial Profile;FABIO ROBERTO FOWLER;IEPG;25/05/16;25/05/16;Sim;R$ 10.500,00;R$ 10.500,00
PJ006-2019;2019;Laticin;FABIO ROBERTO FOWLER;IEPG;17/05/19;31/12/19;Não;R$ 0,00;R$ 0,00
23088.003196/2016-42;2016;Projeto Baja - SACI;FELIPE DE SOUZA ELOY;IEM;01/01/16;31/12/16;Sim;R$ 0,00;R$ 0,00
23499.000711/2018-62;2018;Enactus Unifei-Itabira;FERNANDA RODRIGUES DA SILVA;Itabira;28/05/18;04/02/19;Sim;R$ 0,00;R$ 0,00
23499.001475/2016-30;2018;Enactus Unifei-Itabira;FERNANDA RODRIGUES DA SILVA;Itabira;31/10/16;30/06/17;Sim;R$ 0,00;R$ 0,00
23499.000486/2018-64;2018;Terça literária;FERNANDA RODRIGUES SILVA;Itabira;11/04/18;15/12/18;Sim;R$ 0,00;R$ 0,00
23499.000492/2017-31;2018;Terça Literária;FERNANDA RODRIGUES SILVA;Itabira;07/04/17;15/12/17;Sim;R$ 0,00;R$ 0,00
23499.000520/2018-09;2018;Quarta Arte;FERNANDO NEVES LIMA;IEI;04/06/18;30/12/18;Sim;R$ 0,00;R$ 0,00
23088.001229/2017-09;2017;Show de Talentos;FLAVIA FERNANDA CARVALHO MOTTA BARBIERI;PROEX;26/11/16;27/11/16;Sim;R$ 0,00;
23088.001358/2016-16;2016;Exposição Olhar Selvagem;FLAVIA FERNANDA CARVALHO MOTTA BARBIERI;PROEX;19/11/15;22/12/15;Sim;R$ 0,00;R$ 0,00
23088.001508/2016-83;2016;Teatro D’Efeito;FLAVIA FERNANDA CARVALHO MOTTA BARBIERI;PROEX;20/02/15;30/11/15;Sim;R$ 0,00;R$ 0,00
23088.001513/2016-96;2016;Show de Talentos 2015;FLAVIA FERNANDA CARVALHO MOTTA BARBIERI;PROEX;14/11/15;15/11/15;Sim;R$ 0,00;R$ 0,00
23088.001656/2017-89;2017;Coral Unifei                                           ;FLAVIA FERNANDA CARVALHO MOTTA BARBIERI;PROEX;01/08/16;05/12/16;Sim;R$ 0,00;
23088.003636/2016-61;2016;Oficina “A poesia da alma feminina na obra de Chico Buarque”;FLAVIA FERNANDA CARVALHO MOTTA BARBIERI;PROEX;09/03/16;09/03/16;Sim;R$ 0,00;R$ 0,00
23088.003737/2016-32;2016;Exposição Faces;FLAVIA FERNANDA CARVALHO MOTTA BARBIERI;PROEX;08/03/16;29/04/16;Sim;R$ 0,00;R$ 0,00
23088.003919/2017-94;2017;Universidade Cultural;FLAVIA FERNANDA CARVALHO MOTTA BARBIERI;PROEX;23/02/17;05/12/17;Sim;R$ 0,00;
23088.003939/2017-65;2017;Forró de Segunda;FLAVIA FERNANDA CARVALHO MOTTA BARBIERI;PROEX;13/03/17;29/06/17;Sim;R$ 0,00;
23088.004003/2017-51;2017;Bateria Danada;FLAVIA FERNANDA CARVALHO MOTTA BARBIERI;PROEX;07/03/17;01/12/17;Sim;R$ 0,00;
23088.004037/2017-46;2017;Cia Teatral D´Efeito;FLAVIA FERNANDA CARVALHO MOTTA BARBIERI;PROEX;08/03/17;15/12/17;Sim;R$ 0,00;
23088.006854/2016-58;2016;Café com Letras;FLAVIA FERNANDA CARVALHO MOTTA BARBIERI;PROEX;01/04/16;26/11/16;Sim;R$ 0,00;R$ 0,00
23088.006879/2016-51;2016;Corpo a Corpo;FLAVIA FERNANDA CARVALHO MOTTA BARBIERI;PROEX;15/03/16;30/11/16;Sim;R$ 0,00;R$ 0,00
23088.006885/2016-17;2016;Musicalizando;FLAVIA FERNANDA CARVALHO MOTTA BARBIERI;PROEX;11/04/16;30/11/16;Sim;R$ 0,00;R$ 0,00
23088.006890/2016-11;2016;Pratododia;FLAVIA FERNANDA CARVALHO MOTTA BARBIERI;PROEX;31/04/16;30/11/16;Sim;R$ 0,00;R$ 0,00
23088.007507/2016-42;2016;Exposição Rurale;FLAVIA FERNANDA CARVALHO MOTTA BARBIERI;PROEX;05/05/16;30/06/16;Sim;R$ 0,00;R$ 0,00
23088.008004/2016-94;2016;Piquenique Cultural;FLAVIA FERNANDA CARVALHO MOTTA BARBIERI;PROEX;17/04/16;17/04/16;Sim;R$ 0,00;R$ 0,00
23088.008974/2016-90;2016;Universidade Cultural;FLAVIA FERNANDA CARVALHO MOTTA BARBIERI;PROEX;22/02/16;10/12/16;Sim;R$ 0,00;R$ 0,00
23088.009247/2016-40;2016;Arraiá Unifei 2016;FLAVIA FERNANDA CARVALHO MOTTA BARBIERI;PROEX;19/06/16;19/06/16;Sim;R$ 12.794,30;R$ 12.794,30
23088.009434/2016-23;2016;Encontro das Novas Artes;FLAVIA FERNANDA CARVALHO MOTTA BARBIERI;PROEX;21/05/16;21/05/16;Sim;R$ 0,00;R$ 0,00
23088.009496/2016-23;2016;Festival de Cores;FLAVIA FERNANDA CARVALHO MOTTA BARBIERI;PROEX;19/03/16;19/03/16;Sim;R$ 0,00;R$ 0,00
23088.010656/2017-70;2017;Arraiá Unifei 2017;FLAVIA FERNANDA CARVALHO MOTTA BARBIERI;PROEX;11/06/17;11/06/17;Sim;R$ 0,00;
23088.010698/2017-19;2017;Encontro das Novas Artes;FLAVIA FERNANDA CARVALHO MOTTA BARBIERI;PROEX;22/04/17;20/05/17;Sim;R$ 0,00;
23088.011659/2016-40;2016;Cineclube das 6;FLAVIA FERNANDA CARVALHO MOTTA BARBIERI;PROEX;09/05/16;26/11/16;Sim;R$ 0,00;R$ 0,00
23088.011665/2016-05;2016;Cia Teatral D’Efeito;FLAVIA FERNANDA CARVALHO MOTTA BARBIERI;PROEX;30/03/16;30/11/16;Sim;R$ 0,00;R$ 0,00
23088.012568/2016-21;2016;Bateria Danada;FLAVIA FERNANDA CARVALHO MOTTA BARBIERI;PROEX;22/03/16;01/12/16;Sim;R$ 0,00;R$ 0,00
23088.012840/2016-73;2016;Oficina “Ceia de palavras com Adélia Prado”;FLAVIA FERNANDA CARVALHO MOTTA BARBIERI;PROEX;03/08/16;03/08/16;Sim;R$ 0,00;R$ 0,00
23088.014005/2016-76;2016;Oficina de canto, com Jucilene Buosi;FLAVIA FERNANDA CARVALHO MOTTA BARBIERI;PROEX;18/08/16;19/08/16;Sim;R$ 0,00;R$ 0,00
23088.014479/2016-10;2016;Forró de Segunda;FLAVIA FERNANDA CARVALHO MOTTA BARBIERI;PROEX;22/08/16;02/12/16;Sim;R$ 0,00;R$ 0,00
23088.019045/2016-14;2016;Semana Mais Bonita (SMB) ;FLAVIA FERNANDA CARVALHO MOTTA BARBIERI;PROEX;19/09/16;24/09/16;Sim;R$ 0,00;R$ 0,00
23088.021568/2016-12;2016;Palestra Arte e Moda;FLAVIA FERNANDA CARVALHO MOTTA BARBIERI;PROEX;29/11/16;29/11/16;Sim;R$ 0,00;R$ 0,00
23088.022015/2016-87;2016;IV Festival da Música Brasileira;FLAVIA FERNANDA CARVALHO MOTTA BARBIERI;PROEX;22/10/16;22/10/16;Sim;R$ 0,00;R$ 0,00
23088.023176/2017-79;2017;Oficina de Canto;FLAVIA FERNANDA CARVALHO MOTTA BARBIERI;PROEX;24/11/17;26/11/17;Sim;R$ 0,00;R$ 0,00
23088.023839/2017-55;2017;Musicalizando;FLAVIA FERNANDA CARVALHO MOTTA BARBIERI;PROEX;13/03/17;01/12/17;Sim;R$ 0,00;R$ 0,00
23088.023852/2017-12;2017;Festival de Cores;FLAVIA FERNANDA CARVALHO MOTTA BARBIERI;PROEX;21/03/17;21/03/17;Sim;R$ 0,00;R$ 0,00
23088.023866/2017-28;2017;Semana Mais Bonita (SMB);FLAVIA FERNANDA CARVALHO MOTTA BARBIERI;PROEX;21/03/17;21/03/17;Sim;R$ 0,00;R$ 0,00
23088.023873/2017-20;2017;Show de Talentos;FLAVIA FERNANDA CARVALHO MOTTA BARBIERI;PROEX;11/11/17;12/11/17;Sim;R$ 0,00;R$ 0,00
23088.024048/2017-42;2017;Corpo a Corpo;FLAVIA FERNANDA CARVALHO MOTTA BARBIERI;PROEX;15/03/17;04/12/17;Sim;R$ 0,00;R$ 0,00
23088.024296/2017-93;2017;Forró de Segunda;FLAVIA FERNANDA CARVALHO MOTTA BARBIERI;PROEX;31/07/17;01/12/17;Sim;R$ 0,00;R$ 0,00
CR001-2018;2018;Coral Unifei;FLAVIA FERNANDA CARVALHO MOTTA BARBIERI;PROEX;12/03/18;30/06/18;Sim;R$ 0,00;R$ 0,00
CR001-2019;2019;Coral Unifei;FLAVIA FERNANDA CARVALHO MOTTA BARBIERI;PROEX;01/03/19;30/06/19;Não;R$ 1.600,00;
CR002-2018;2018;Forró de Segunda;FLAVIA FERNANDA CARVALHO MOTTA BARBIERI;PROEX;26/02/18;30/06/18;Sim;R$ 0,00;R$ 0,00
CR003-2018;2018;Bateria Danada;FLAVIA FERNANDA CARVALHO MOTTA BARBIERI;PROEX;26/02/18;20/12/18;Sim;R$ 0,00;R$ 0,00
CR005-2018;2018;Coral Unifei 2.2018;FLAVIA FERNANDA CARVALHO MOTTA BARBIERI;PROEX;30/07/18;30/11/18;Sim;R$ 0,00;R$ 0,00
CR006-2018;2018;Cine B;FLAVIA FERNANDA CARVALHO MOTTA BARBIERI;PROEX;20/02/18;02/12/18;Sim;R$ 0,00;R$ 0,00
CR006-2019;2019;Bateria Danada;FLAVIA FERNANDA CARVALHO MOTTA BARBIERI;PROEX;25/05/19;29/11/19;Não;R$ 0,00;R$ 0,00
CR011-2018;2019;FORRÓ DE SEGUNDA 2.2018;FLAVIA FERNANDA CARVALHO MOTTA BARBIERI;PROEX;06/07/18;31/11/2018;Sim;R$ 0,00;R$ 0,00
CR012-2018;2018;Corpo a Corpo;FLAVIA FERNANDA CARVALHO MOTTA BARBIERI;PROEX;20/02/18;07/12/18;Sim;R$ 0,00;R$ 0,00
CR013-2018;2018;Curso Assistencial Amigos de Itajubá - CAAI;FLAVIA FERNANDA CARVALHO MOTTA BARBIERI;PROEX;01/02/18;29/10/18;Sim;R$ 0,00;R$ 0,00
CR014-2018;2018;Novo Circus;FLAVIA FERNANDA CARVALHO MOTTA BARBIERI;PROEX;07/03/18;07/12/18;Sim;R$ 0,00;R$ 0,00
CR015-2018;2018;Teatro D'Efeito;FLAVIA FERNANDA CARVALHO MOTTA BARBIERI;PROEX;22/03/18;25/11/18;Sim;R$ 0,00;R$ 0,00
EV001-2017;2017;V Festival da Música Brasileira;FLAVIA FERNANDA CARVALHO MOTTA BARBIERI;PROEX;13/06/17;26/08/17;Sim;R$ 0,00;R$ 0,00
EV002-2018;2018;Piquenique Cultural e Festival das Cores;FLAVIA FERNANDA CARVALHO MOTTA BARBIERI;PROEX;24/03/18;24/03/18;Sim;R$ 0,00;R$ 0,00
EV002-2019;2019;Piquenique Cultural e Festival das Cores;FLAVIA FERNANDA CARVALHO MOTTA BARBIERI;PROEX;01/04/19;07/04/19;Não;R$ 0,00;R$ 0,00
EV004-2019;2019;Encontro de Novas Artes - ENA;FLAVIA FERNANDA CARVALHO MOTTA BARBIERI;PROEX;01/05/19;26/05/19;Não;R$ 0,00;R$ 0,00
EV005-2019;2019;Coral Unifei 2019.2;FLAVIA FERNANDA CARVALHO MOTTA BARBIERI;PROEX;05/08/19;02/12/19;Não;R$ 0,00;R$ 0,00
EV007-2018;2018;ENA - Encontro das Novas Artes;FLAVIA FERNANDA CARVALHO MOTTA BARBIERI;PROEX;06/05/18;06/05/18;Sim;R$ 0,00;R$ 0,00
EV008-2018;2018;Café com Letras;FLAVIA FERNANDA CARVALHO MOTTA BARBIERI;PROEX;03/03/18;10/12/18;Sim;R$ 0,00;R$ 0,00
EV008-2019;2019;Arraiá Unifei 2019;FLAVIA FERNANDA CARVALHO MOTTA BARBIERI;PROEX;04/04/19;16/06/19;Sim;R$ 0,00;R$ 0,00
EV009-2018;2018;Cineclube das 6;FLAVIA FERNANDA CARVALHO MOTTA BARBIERI;PROEX;03/03/18;10/12/18;Sim;R$ 0,00;R$ 0,00
EV009-2019;2019;Ansiedade: como lidar com vestibulandos ansiosos na contemporaneidade?;FLAVIA FERNANDA CARVALHO MOTTA BARBIERI;PROEX;18/06/19;18/06/19;Não;R$ 0,00;R$ 0,00
EV011-2018;2018;Arraiá Unifei 2018;FLAVIA FERNANDA CARVALHO MOTTA BARBIERI;PROEX;10/06/18;10/06/18;Sim;R$ 0,00;R$ 0,00
EV015-2018;2018;Show de Talentos;FLAVIA FERNANDA CARVALHO MOTTA BARBIERI;PROEX;10/11/18;11/11/18;Sim;R$ 0,00;R$ 0,00
EV016-2018;2018;VI Festival da Música Brasileira;FLAVIA FERNANDA CARVALHO MOTTA BARBIERI;PROEX;01/08/18;25/08/18;Sim;R$ 0,00;R$ 0,00
EV017-2018;2019;2ª Semana da Expressão Corporal;FLAVIA FERNANDA CARVALHO MOTTA BARBIERI;PROEX;05/08/18;11/08/18;Sim;R$ 0,00;R$ 0,00
PJ001-2017;2019;Coral UNIFEI;FLAVIA FERNANDA CARVALHO MOTTA BARBIERI;PROEX;01/03/17;26/11/17;Sim;R$ 0,00;R$ 0,00
PJ001-2019;2019;Universidade Cultural: estimulando a cultura na cidade de Itajubá;FLAVIA FERNANDA CARVALHO MOTTA BARBIERI;PROEX;08/03/19;31/12/19;Não;R$ 0,00;R$ 0,00
PJ003-2018;2018;Universidade Cultural;FLAVIA FERNANDA CARVALHO MOTTA BARBIERI;PROEX;20/02/18;15/12/18;Sim;R$ 0,00;R$ 0,00
PJ008-2019;2019;Curso Assistencial Amigos de Itajubá - CAAI;FLAVIA FERNANDA CARVALHO MOTTA BARBIERI;PROEX;10/01/19;18/07/19;Sim;R$ 0,00;R$ 0,00
23088.004078/2019-02;2019;Oficinas Temáticas: Projeto de Intervenção Psicossocial e pedagógica - Evento: Procrastinação: o custo de deixar para depois;FLÁVIA LUDOVICO DE MATOS;PRGP/DAC;24/04/19;24/04/19;Sim;R$ 0,00;R$ 0,00
23088.004080/2019-73;2019;Longe de casa - Vida Universitária;FLÁVIA LUDOVICO DE MATOS;DAC;26/03/19;26/03/19;Sim;R$ 0,00;R$ 0,00
23088.007540/2018-34;2018;Longe de casa - Ansiedade em Provas e apresentações;FLÁVIA LUDOVICO DE MATOS;DAE;19/06/18;19/06/18;Sim;R$ 0,00;R$ 0,00
23088.015901/2019-05;2019;Setembro Amarelo UNIFEI 2019 - Saúde Mental é um privilégio?;FLÁVIA LUDOVICO DE MATOS;DAC;04/09/19;25/09/19;Não;R$ 0,00;R$ 0,00
23499.000605/2019-60;2019;Pausa;FLAVIO FONTENELLE LOQUE;ICPA;10/05/19;10/12/19;Não;R$ 0,00;R$ 0,00
23499.000948/2019-24;2019;Curso de Filosofia - Atualização;FLAVIO FONTENELLE LOQUE;ICPA;01/10/19;31/10/19;Não;R$ 0,00;R$ 0,00
23088.007918/2016-38;2016;III Semana Acadêmica de Química (SAQ);FLAVIO SOARES SILVA  ;IFQ;19/10/16;22/10/16;Sim;R$ 0,00;R$ 0,00
23499.000516/2019-13;2019;Rede Camaco. Rede de Tecnologia Social da Região do Mato Dentro;FREDERICO FERREIRA VIANA MATOS;ICT;26/04/19;26/04/20;Não;R$ 0,00;R$ 0,00
23499.001466/2019-91;2019;Desenvolvimento de um Protótipo de Testes de Módulos de Potência de Conversores de Frequência para Aerogeradores de Grande porte;FREDERICO FERREIRA VIANA MATOS;ICT;01/10/19;31/01/20;Não;R$ 0,00;R$ 0,00
23088.016851/2018-94;2018;Campeonato de Cubo Mágico - Etapa Primavera;FREDERICO OLIVEIRA PASSOS;ISEE;15/09/18;16/09/18;Sim;R$ 0,00;R$ 0,00
23088.020651/2017-55;2017;Campeonato de Cubo Mágico - Etapa Nacional;FREDERICO OLIVEIRA PASSOS;ISEE;10/03/18;11/03/18;Sim;R$ 0,00;R$ 0,00
23088.024784/2018-81;2018;II Campeonato Sul-Mineiro de Cubo Mágico - Etapa Nacional;FREDERICO OLIVEIRA PASSOS;ISEE;09/03/19;10/03/19;Sim;R$ 0,00;R$ 0,00
23088.004710/2019-18;2019;Semana de Introdução à Química;GEISE RIBEIRO;IFQ;25/03/19;28/03/19;Sim;R$ 0,00;R$ 0,00
23088.017777/2019-12;2019;I Simpósio Primavera das Mulheres;GEISE RIBEIRO;IFQ;23/09/19;24/09/19;Não;R$ 0,00;R$ 0,00
23088.020090/2018-75;2018;Quimica com segurança;GEISE RIBEIRO;IFQ;26/10/18;26/10/18;Sim;R$ 0,00;R$ 0,00
23088.020464/2017-71;2017;Curso: A Difração de raios X aplicada à caracterização de materiais;GEOVANI RODRIGUES;IEM;30/10/17;15/12/17;Sim;R$ 0,00;R$ 0,00
CR004-2018;2018;Cinética e termodinâmica aplicada ao Processo HAPC para revestimentos de ligas para altas temperaturas;GEOVANI RODRIGUES;IEM;18/06/18;22/06/18;Sim;R$ 0,00;R$ 0,00
23088.002306/2014-97;2019;I Jornada do CEPRASST - Centro de Estudos em Segurança e Saúde do Trabalhador;GERALDO FABIANO DE SOUZA MORAES;ICPA;01/09/14;22/09/14;Sim;R$ 0,00;R$ 0,00
23088.001150/2017-70;2017;III Latin American Meeting Hydro Power end Systems;GERALDO LÚCIO TIAGO FILHO;IRN;05/09/17;07/09/17;Não;R$ 0,00;R$ 0,00
23088.002278/2017-51;2017;12º Seminário de Meio Ambiente e Energias Renováveis - SEMEAR;GERALDO LÚCIO TIAGO FILHO;IRN;07/06/17;08/06/17;Sim;R$ 0,00;
23088.002318/2018-45;2018;Desenvolvimento de pesquisa aplicada para a elaboração dos estudos para implantação de uma nova policlínica Municipal;GERALDO LÚCIO TIAGO FILHO;IRN;26/01/18;26/04/18;Sim;R$ 45.767,14;R$ 41.100,00
23088.002542/2018-37;2018;Desenvolvimento de pesquisa aplicada para a elaboração de plano diretor;GERALDO LÚCIO TIAGO FILHO;IRN;01/02/18;01/02/19;Não;R$ 92.220,00;
23088.003358/2018-12;2018;12ª Edição da Conferência de pequenas Centrais hidrelétricas, Mercado & Meio Ambiente;GERALDO LÚCIO TIAGO FILHO;IRN;07/08/18;08/08/18;Sim;R$ 0,00;R$ 0,00
23088.003360/2018-83;2018;XIII Seminário de Meio Ambiente e Energias Renováveis - SEMEAR;GERALDO LÚCIO TIAGO FILHO;IRN;06/06/18;07/06/18;Sim;R$ 0,00;R$ 0,00
23088.005202/2019-49;2019;13º Edição da Conferência de Pequenas Centrais Hidrelétricas, Mercado & Meio Ambiente;GERALDO LÚCIO TIAGO FILHO;IRN;07/08/19;06/08/20;Não;R$ 80.000,00;
23088.005223/2019-64;2019;Estudo de alternativas para elaboração de plano de mobilização social em Planos Municipais ;GERALDO LÚCIO TIAGO FILHO;IRN;07/03/19;30/08/19;Não;R$ 43.748,00;
23088.007146/2017-15;2017;PCH-I Hidrologia Aplicada à geração hidrelétrica;GERALDO LÚCIO TIAGO FILHO;IRN;24/04/17;27/04/17;Não;R$ 15.253,00;
23088.013940/2019-60;2019;II Workshop de Energias Oceânicas e Fluviais;GERALDO LÚCIO TIAGO FILHO;IRN;29/08/19;30/08/19;Não;R$ 0,00;R$ 0,00
23088.014496/2016-57;2016;1ª reunião da Rede Temática Iberoamericana sobre Hidroemergia em Pequena Escala e Workshop de Hidroenergia em Pequena Escala;GERALDO LÚCIO TIAGO FILHO;IRN;29/08/16;31/08/16;Não;R$ 0,00;R$ 0,00
23088.019664/2017-81;2017;Estudo de Cargas e Resistência para implantação de Pórtico Metálico;GERALDO LÚCIO TIAGO FILHO;IRN;21/07/17;29/10/17;Sim;R$ 9.700,00;R$ 11.341,25
23088.023600/2018-66;2018;Treinamento em resiliência Urbana - NEIRU;GERALDO LÚCIO TIAGO FILHO;IRN;09/11/18;10/11/18;Não;R$ 0,00;R$ 0,00
23088.023601/2018-19;2018;Elaboração de estudo estratégico para implantação de unidade de saúde;GERALDO LÚCIO TIAGO FILHO;IRN;01/10/18;31/12/18;Sim;R$ 20.760,00;R$ 27.624,00
23088.024069/2018-49;2018;Pesquisa para levantamento do potencial de energias oceânicas e fluviais na baia de São Marcos no Maranhão - INEOF;GERALDO LÚCIO TIAGO FILHO;IRN;01/10/18;30/09/19;Não;R$ 0,00;R$ 0,00
23088.0012702/2017-15;2017;Semana de Engenharia de materiais;GERSON AVELINO FERNANDES;IEM;23/05/17;14/08/17;Sim;R$ 0,00;
23088.015897/2019-77;2019;Semana de Engenharia de Materiais;GERSON AVELINO FERNANDES;IEM;19/08/19;24/08/19;Não;R$ 0,00;R$ 0,00
23499.001394/2019-82;2019;Unifei Portas Abertas Ensino Médio;GEUDERSON TRASPADINI MARCHIORI;ITABIRA;26/08/19;27/09/18;Não;R$ 0,00;R$ 0,00
23088.020059/2016-72;2016;Análises de microscopia eletrônica de varredura;GILBERT SILVA;IEM;10/11/16;31/12/17;Sim;R$ 40.000,00;R$ 20.000,00
23088.024639/2017-10;2018;Iniciação à Comunicação Científica;GILBERT SILVA;IEM;28/08/17;03/12/17;Sim;R$ 0,00;R$ 0,00
23499.000700/2017-00;2019;Clube de Xadrez Unifei Itabira;GILBERTO DUARTE CUZZUOL;ICPA;22/06/17;07/07/17;Sim;R$ 0,00;R$ 0,00
23499.001360/2016-45;2016;Clube de Xadrez;GILBERTO DUARTE CUZZUOL;ICPA;05/10/16;10/12/16;Sim;R$ 0,00;R$ 0,00
23499.000979/2019-85;2019;"Diagnóstico, Prognóstico e Mobilização de Parceiros para revitalização infraestrutural de 14 escolas públicas estaduais de Itabira-MG (Projeto escola ""Ubuntu"" - ""Sou o que sou, porque somos todos nós!"" ";GISELLE DE PAULA QUEIROZ CUNHA;ICPA;04/06/19;04/05/20;Não;R$ 0,00;R$ 0,00
23499.000980/2019-18;2019;Eixo educacional e a sustentabilidade do Projeto de Revitalização de 14 escolas públicas estaduais de Itabira-MG ;GISELLE DE PAULA QUEIROZ CUNHA;ICPA;04/06/19;04/05/20;Não;R$ 0,00;R$ 0,00
23499.000469/2018-27;2018;VI Competição de Carrinhos de Rolimã UNIFEI/Itabira;GLAUBER ZERBINI COSTAL;Itabira;06/04/18;05/08/18;Sim;R$ 0,00;R$ 0,00
23499.000591/2018-30;2018;Iron Racers de Fórmulas SAE 2018;GLAUBER ZERBINI COSTAL;Itabira;03/05/18;02/03/19;Sim;R$ 0,00;R$ 10.000,00
23499.000646/217-94;2018;V Competição de Carrinhos de Rolimã UNIFEI/Itabira;GLAUBER ZERBINI COSTAL;Itabira;17/05/17;05/09/17;Sim;R$ 0,00;R$ 0,00
23499.001539/2017-83;2018;Projeto Tecnológico - Iron Racers de Fórmula SAE;GLAUBER ZERBINI COSTAL;Itabira;01/02/17;31/01/18;Sim;R$ 0,00;R$ 0,00
23499.000700/2018-82;2018;Café Ambiental;GLAUCIO  MARCELINO MARQUES;Itabira;28/05/18;29/06/18;Sim;R$ 0,00;R$ 0,00
23499.001275/2019-20;2019;Educação Ambiental em Escolas Infantis;GLAUCIO MARCELINO MARQUES;ICPA;28/08/19;11/09/19;Não;R$ 0,00;R$ 0,00
23499.001349/2018-47;2018;Unifei de Portas Abertas Ensino Médio 2018;GLAUCIO MARCELINO MARQUES;ICPA;23/08/18;28/09/18;Sim;R$ 0,00;R$ 0,00
23499.001168/2017-30;2018;Curso ACLS para a reginal do CRM-MG;GUILHERME OLIVEIRA SIQUEIRA;Itabira;04/09/17;01/10/17;Sim;R$ 0,00;R$ 0,00
23499.001265/2018-11;2018;I Demat - Dia de Engenharia de Materiais;GUILHERME OLIVEIRA SIQUEIRA;Itabira;20/08/18;31/08/18;Sim;R$ 0,00;R$ 0,00
23088.002082/2016-85;2016;Daredevil Robotics.;GUILHERME SOUSA BASTOS;IESTI;01/01/16;31/12/16;Não;R$ 0,00;R$ 0,00
23088.015096/2018-21;2018;Curso de Curta Duração em Termografia Infravermelha;GUILHERME SOUSA BASTOS;IESTI;06/08/18;06/08/19;Não;R$ 17.802,00;
23088.017590/2016-68;2016;Curso de Termografia na empresa Vale;GUILHERME SOUSA BASTOS;IESTI;13/10/16;14/10/16;Sim;R$ 14.400,00;R$ 9.940,38
23088.017611/2017-26;2017;Participação em Curso de Curta Duração em Termografia Infravermelha;GUILHERME SOUSA BASTOS;IESTI;23/08/17;25/10/17;Sim;R$ 77.444,49;R$ 77.444,49
23088.007760/2016-04;2016;Scikab: Uma ferramenta Computacional gratuita para Engenheitos e Cientistas;GUILHERME YOUSSEF RODRIGUEZ;IRN;15/02/16;19/02/16;Sim;R$ 0,00;R$ 0,00
23088.013408/2018-61;2018;Biotec em foco;GUILHERME YOUSSEF RODRIGUEZ;IRN;16/06/18;17/06/18;Sim;R$ 0,00;R$ 0,00
23088.004892/2018-38;2018;Compartilhamento de estruturas de Linhas de Subtransmissão Classes 72,5Kv e 145 Kv com redes de Distribuição de Média Tensão Classe 15 Kv - Estudos de Transitórios Eletromagnéticos;GUSTAVO PAIVA LOPES;ISEE;01/04/18;31/11/18;Sim;R$ 127.876,52;R$ 127.876,50
23499.000302/2019-47;2019;II DEMAT - Dia de Engenharia de Materiais;HAROLDO LHOU HASEGAWA;IEI;01/02/19;05/04/19;Sim;R$ 0,00;R$ 0,00
23088.010527/2018-62;2018;AstroWorkshop: Introdução a Ferramentas da Astrofísica para alunos de graduação;HEKTOR STHENOS ALVES MONTEIRO;IFQ;15/07/18;31/12/18;Sim;R$ 750,00;R$ 600,00
23088.002064/2017-84;2017;Beyond Rocket Desing;HELCIO FRANCISCO VILLA NOVA;IEM;06/10/16;01/01/18;Sim;R$ 0,00;
23088.013590/2017-70;2017;Participação no curso de curta duração - Bombas Centrifugas, Submersíveis, Fuso, Dosadoras;HELCIO FRANCISCO VILLA NOVA;IEM;25/07/17;27/07/17;Sim;R$ 3.570,00;R$ 3.058,80
23088.013906/2016-42;2016;CURSO DE HIDRÁULICA BÁSICA;HELCIO FRANCISCO VILLA NOVA;IEM;08/08/16;10/08/16;Sim;R$ 4.571,54;R$ 4.571,54
23088.020269/2018-77;2018;participação no curso de curta duração em operação de Turbinas Hidraulicas e Reguladores de Velocidade;HELCIO FRANCISCO VILLA NOVA;IEM;01/10/18;30/09/19;Sim;R$ 5.831,87;R$ 6.321,31
23499.000799/2017-31;2018;Projeto Solveit! Criação de uma plataforma Competitiva de Resolução de Problemas reais;HENRIQUE DUARTE CARVALHO;Itabira;09/06/17;08/12/17;Sim;R$ 0,00;R$ 0,00
23499.001106/2017-28;2017;III SEPROD - Terceira Semana de Engenharia de Produção;HENRIQUE DUARTE CARVALHO;itabira;08/05/17;27/10/17;Sim;R$ 0,00;R$ 0,00
23088.012066/2016-09;2016;Projeto bebedouros;HERLANE COSTA CALHEIROS;IRN;01/08/16;31/01/18;Não;R$ 0,00;R$ 0,00
23088.013838/2018-83;2018;Elaboração de estudo simplificado de gestão integrada de resíduos sólidos;HERLANE COSTA CALHEIROS;IRN;01/04/18;30/08/18;Sim;R$ 12.471,40;R$ 14.000,00
23088.005089/2019-00;2019;Ciências nas Escolas: mostra de cinema científico e feira itinerante de ciências e matemática nas escolas públicas de Itajubá/MG;HÉVILLA NOBRE CÉZAR;IMC;06/03/19;31/12/19;Não;R$ 10.000,00;
23088.001095/2018-07;2018;Oficina Piloto de Engenharia Quimica: interação com a rede pública de ensino do municipio de Itajubá;HUGO PERAZINNI;IRN;01/02/18;01/08/18;Sim;R$ 0,00;R$ 0,00
23088.016243/2017-07;2017;Oficina Piloto de Engenharia Quimica: adequação e restauração de trocadores de calor casco e tubo;HUGO PERAZINNI;IRN;01/09/17;01/03/18;Sim;R$ 0,00;
23088.016247/2017-87;2017;Oficina Piloto de Engenharia Química: construção de um viscosímetro de Stokes;HUGO PERAZINNI;IRN;01/09/17;01/03/18;Sim;R$ 0,00;
23088.016253/2017-34;2017;Oficina Piloto de Engenharia Química: adequação e restauração de trocador de calor turbular;HUGO PERAZINNI;IRN;01/09/17;01/03/18;Sim;R$ 0,00;
23088.018305/2019-79;2019;Oficina Piloto de Engenharia Química: construção de um elutriador para fins didáticos;HUGO PERAZINNI;IRN;01/10/19;01/04/20;Não;R$ 0,00;R$ 0,00
23088.020342/2016-02;2016;Oficina Piloto de Engenharia Quimica: Construção de uma torre de resfiramento;HUGO PERAZINNI;IRN;01/12/16;01/06/17;Sim;R$ 0,00;R$ 0,00
23088.020343/2016-49;2016;Oficina Piloto de Engenharia Quimica: adeqação e restauração de uma uinidade didática;HUGO PERAZINNI;IRN;01/12/16;01/06/17;Sim;R$ 0,00;R$ 0,00
23088.021730/2018-64;2018;Oficina Piloto de Engenharia Quimica;HUGO PERAZINNI;IRN;01/08/18;01/08/19;Sim;R$ 0,00;R$ 0,00
23088.20345/2016-38;2016;Oficina Piloto de Engenharia Quimica: Construção de um secador de leito fixo;HUGO PERAZINNI;IRN;01/12/16;01/06/17;Sim;R$ 0,00;R$ 0,00
23499.000828/2019-27;2019;Mob Day;IARA ALVES MARTINS DE SOUZA;IEI;01/05/19;24/05/19;Não;R$ 0,00;R$ 0,00
23088.024490/2018-50;2018;Minicurso sobre Diversidade Social no Trabalho;ISABEL CRISTINA DA SILVA ARANTES;IEPG;25/07/18;25/07/18;Sim;R$ 0,00;R$ 0,00
23088.024496/2018-27;2018;Curso de Google Apps 2º  Edição;ISABEL CRISTINA DA SILVA ARANTES;IEPG;24/05/18;24/05/18;Sim;R$ 0,00;R$ 0,00
23088.024689/2018-88;2018;Curso de Linkedin;ISABEL CRISTINA DA SILVA ARANTES;IEPG;17/11/18;17/11/18;Sim;R$ 0,00;R$ 0,00
23088.025012/2018-67;2018;Roda de Negócio ;ISABEL CRISTINA DA SILVA ARANTES;IEPG;22/11/18;22/11/18;Não;R$ 0,00;R$ 0,00
EV012-2018;2018;I Circuito de Administração;ISABEL CRISTINA DA SILVA ARANTES;IEPG;30/08/18;13/09/18;Sim;R$ 0,00;R$ 0,00
23499.000644/2017-03;2017;IV Semana de Engenharia Elétrica, automação e Controle;IVAN PAULO DE FARIA;Itabira;15/05/17;15/09/17;Sim;R$ 0,00;R$ 0,00
23499.001380/2019-69;2019;Encontro de Engenharia Ambiental;JAMES LACERDA MAIA;ICPA;02/09/19;06/09/19;Não;R$ 0,00;R$ 0,00
23088.011332/2016-78;2016;DESENVOLVIMENTO DE NOVA METODOLOGIA DE FISCALIZAÇÃO DAS EMPRESAS DISTRIBUIDORAS DE ENERGIA ELÉTRICA COM A UTILIZAÇÃO DE BIG DATA;JAMIL HADDAD;ISEE;18/02/16;01/08/16;Sim;R$ 108.060,00;R$ 108.060,00
23088.017145/2016-06;2016;SPE UNIFEI – Capítulo Estudantil da Sociedade dos Engenheiros de Petróleo;JAMIL HADDAD;Excen;01/10/16;30/09/17;Sim;R$ 0,00;R$ 0,00
23088.018973/2018-15;2018;Curso de Formação de Preceptores e Residentes;JANAÍNA ROBERTA DOS SANTOS;IRN;17/08/18;18/10/18;Sim;R$ 0,00;R$ 0,00
23088.004485/2016-69;2016;A Fantástica Fábrica da Química”: interfaces entre ciência e literatura por meio do teatro;JANE RAQUEL SILVA DE OLIVEIRA;IFQ;01/03/16;31/01/17;Sim;R$ 0,00;R$ 0,00
23088.006382/2018-03;2018;Quitrupe apresenta: Alice Cientificamente Coomprovada;JANE RAQUEL SILVA DE OLIVEIRA;IFQ;01/03/18;31/12/18;Sim;R$ 10.000,00;R$ 10.000,00
23088.015430/2019-27;2019;Terças Teatrais;JANE RAQUEL SILVA DE OLIVEIRA;IFQ;06/08/19;19/11/19;Não;R$ 0,00;R$ 0,00
23088.018000/2017-03;2017;O Quitrupe em cena: divulgação científica por meio do teatro;JANE RAQUEL SILVA DE OLIVEIRA;IFQ;01/06/17;30/12/17;Sim;R$ 0,00;R$ 0,00
23088.001726/2019-61;2019;Projeto Baja - Equipe Saci;JEAN CARLO CESCON PEREIRA;IEM;01/01/19;31/12/19;Não;R$ 0,00;R$ 0,00
23088.001817/2018-15;2018;Aeroescola;JÉSUS ANTONIO GARCIA SANCHEZ;IEM;01/03/18;31/12/18;Sim;R$ 0,00;R$ 0,00
23088.006180/2019-34;2019;Inclusão e acessibilidade para pessoas com deficiência visual usando impressoras 3D;JÉSUS ANTONIO GARCIA SANCHEZ;IEM;28/03/19;31/12/19;Não;R$ 10.000,00;
23088.008464/2017-01;2017;Projeto SAE Aerodesing - Equipe Uirá;JÉSUS ANTONIO GARCIA SANCHEZ;IEM;01/05/17;30/04/18;Sim;R$ 10.000,00;R$ 10.500,00
23088.018386/2018-26;2018;Gestão da Semana de Engenharia Mecânica (SEMEC);JÉSUS ANTONIO GARCIA SANCHEZ;IEM;23/07/18;10/12/18;Sim;R$ 5.000,00;R$ 2.000,00
23088.018393/2018-28;2018;Gestão da Semana de Engenharia Mecânica (SEMEC);JÉSUS ANTONIO GARCIA SANCHEZ;IEM;23/07/18;10/12/18;Sim;R$ 5.000,00;R$ 2.000,00
PJ005-2019;2019;Montagem de uma impressora 3D com recursos avançados;JÉSUS ANTONIO GARCIA SANCHEZ;IEM;01/05/19;31/12/19;Não;R$ 5.792,00;
23088.005050/2017-12;2017;Curso de Curta Duração - QPSE - Módulo Ocnfiabilidade dos Sistemas Elétricos;JOÃO GUILHERME DE CARVALHO  COSTA;ISEE;21/11/16;25/11/16;Sim;R$ 5.600,00;R$ 5.600,00
23088.020312/2017-79;2017;Participação em Curso de Curta Duração QPSE - Módulo Confiabilidade dos Sistemas Elétricos;JOÃO GUILHERME DE CARVALHO  COSTA;ISEE;02/10/17;06/10/17;Sim;R$ 6.400,00;R$ 6.781,85
23499.000499/2017-52;2018;Bateria Calangodum;JOÃO LUCAS DA SILVA;Itabira;20/06/17;20/06/18;Sim;R$ 0,00;R$ 0,00
23499.000720/2019-34;2019;Feira de Economia Solidária e Sustentabilidade de Itabira 2019;JOÃO LUCAS DA SILVA;ICT;29/04/19;31/12/19;Não;R$ 0,00;R$ 0,00
23499.001290/2019-78;2019;Quarta Arte 2019;JOÃO LUCAS DA SILVA;ICT;02/09/19;31/12/19;Não;R$ 0,00;R$ 0,00
23499.001427/2016-41;2016;Grupo Vocal Unifei-Itabira;JOÃO LUCAS DA SILVA;Itabira;19/09/16;18/09/17;Sim;R$ 12.375,00;R$ 2.441,63
23499.001524/2017-15;2019;Enchendo o Cadim de Música: Vivências Musicais;JOÃO LUCAS DA SILVA;ICT;01/11/17;31/10/18;Sim;R$ 0,00;R$ 0,00
23499.001606/2017-60;2017;Engenheiros Sem Fronteiras - Núcleo Itabira;JOÃO LUCAS DA SILVA;ICT;12/11/17;11/11/18;Sim;R$ 0,00;R$ 0,00
23499.002315/2018-70;2018;Capacitação: Gerador de Indução Duplamente Alimentado (DFIG) para Geração de Energia Eólica de Grande Porte - Noções Básicas;JOÃO LUCAS DA SILVA;ICT;21/01/19;27/01/19;Sim;R$ 0,00;R$ 0,00
PJ010-2019;2019;Simple Juris;JOAO PAULO REUS RODRIGUES LEITE;IESTI;16/05/19;31/12/19;Não;R$ 0,00;R$ 0,00
23088.011317/2019-72;2019;Astronomia na Prática;JOÃO RICARDO NEVES DA SILVA;IFQ;23/06/19;30/07/19;Sim;R$ 0,00;R$ 0,00
23088.019538/2017-27;2017;Grupos Colaborativos na formação de professores: Construindo práticas inovadoras no ensino de ciências e matemática;JOÃO RICARDO NEVES DA SILVA;IFQ;21/08/17;04/12/17;Sim;R$ 0,00;R$ 0,00
23088.013777/2016-92;2016;Curso Libras - Língua Brasileira de Sinais;JONAS MARCELO DE CARVALHO SIMÃO;DEP;16/08/16;20/09/16;Sim;R$ 0,00;R$ 0,00
23088.008115/2017-81;2017;Elaboraçõa de documentos técnicos para subsidiar o suo da Identificação Única de Produtos (UDI) e o Gerenciamento de Risco em redes médicas de TI no Projeto de Produtos para Saúde do Grupo de Engenharia Biomédica (GEB);JOSÉ ALBERTO FERREIRA FILHO;PRAD;11/11/16;30/04/17;Não;R$ 160.000,00;
PJ002-2019;2019;O Laboratório Remoto da Unifei como ferramenta para a popularização da Ciência, Tecnologia e Inovação: do desenvolvimento de propostas à formação de professores;JOSÉ ALBERTO FERREIRA FILHO;IESTI;22/03/19;31/12/19;Não;R$ 0,00;R$ 0,00
23088.002126/2019-10;2019;Participação em curso de especialização em Engenharia de Processos, Produtividade e Qualidade na Faculdade de Administração e Informática (FAI);JOSÉ ANTÔNIO QUEIROZ;IEPG;02/02/19;30/04/19;Sim;R$ 4.145,88;R$ 4.145,88
23088.008788/2019-01;2019;Participação em curso de especialização em Engenharia de Processos, Produtividade e Qualidade na Faculdade de Administração e Informática (FAI), de Santa Rita do Sapucaí, Minas Gerais;JOSÉ ANTÔNIO QUEIROZ;IEPG;18/05/19;18/08/19;Não;R$ 4.145,88;
23088.012436/2019-42;2019;Participação em curso de especialização em Engenharia de Processos, Produtividade e Qualidade na Faculdade de Administração e Informática (FAI), de Santa Rita do Sapucaí, Minas Gerais;JOSÉ ANTÔNIO QUEIROZ;IEPG;29/06/19;29/09/19;Não;R$ 4.145,88;
23088.002923/2016-54;2016;Participação em programa de formação e capacitação em inovação de processos de avaliação de investimentos em PPPs: Engenharia Econômica I e II;JOSÉ ARNALDO BARRA MONTEVECHI;IEPG/IRN;07/03/16;29/03/16;Não;R$ 8.000,00;
23088.012342/2019-73;2019;Participação em programa de formação e capacitação em inovação de processo de avaliação de investimentos em PPPs: Engenharia Econômica I e II;JOSÉ ARNALDO BARRA MONTEVECHI;IEPG;24/06/19;24/12/19;Sim;R$ 13.800,00;R$ 16.224,06
23088.019251/2016-16;2016;Participação em programa de formação e capacitação em inovação de processos de avaliação de investimentos em PPPs: Engenharia Econômica I e II;JOSÉ ARNALDO BARRA MONTEVECHI;IEPG;17/10/16;18/10/16;Sim;R$ 18.700,00;R$ 15.114,30
23088.024083/2018-42;2018;Paticipação em programa de capacitação em Engenharia Econômica 1 e 2;JOSÉ ARNALDO BARRA MONTEVECHI;IEPG;09/11/18;30/11/18;Não;R$ 8.050,00;
23499.000809/2019-09;2019;Expedição Piracicaba - Pela Vida do Rio;JOSÉ AUGUSTO COSTA GONÇALVES;ICPA;26/05/19;30/06/20;Não;R$ 0,00;R$ 0,00
23499.000126/2018-62;2018;Equipe MountainBaja;JOSÉ CARLOS DE LACERDA;Itabira;01/01/18;31/12/18;Sim;R$ 10.000,00;
23499.000219/2017-14;2018;Equipe MountainBaja;JOSÉ CARLOS DE LACERDA;Itabira;01/01/17;20/12/17;Sim;R$ 0,00;R$ 0,00
23499.000588/2019-61;2019;Equipe Mountain Baja;JOSÉ CARLOS DE LACERDA;ITABIRA;01/01/19;31/12/19;Não;R$ 10.000,00;
23499.000611/2018-36;2018;V Worshop dop Grupo de Pesquisa em sistemas de exautão (GPESE);JOSÉ CARLOS DE LACERDA;Itabira;08/05/18;12/05/18;Sim;R$ 0,00;R$ 0,00
23499.000808/2019-56;2019;VI Workshop do Grupo de Pesquisa em Sistemas de Exaustão (GPESE) ;JOSÉ CARLOS DE LACERDA;IEI;12/03/19;04/06/19;Sim;R$ 0,00;R$ 0,00
23088.000348/2017-36;2016;Certificação e ensaios de produtos de tecnologia e telecomunicação;JOSÉ CARLOS GRILLO RODRIGUES;ISEE;01/01/17;31/07/18;Não;R$ 0,00;R$ 0,00
23088.000348/2017-36;2017;Certificação e ensaios de produtos de tecnologia e telecomunicação;JOSÉ CARLOS GRILLO RODRIGUES;ISEE;01/01/17;31/12/17;Não;R$ 141.370,00;
23088.000768/2016-31;2016;Certificação e ensaios de produtos de tecnologia da Informação;JOSÉ CARLOS GRILLO RODRIGUES;ISEE;01/01/16;31/08/16;Não;R$ 143.554,00;
23088.010479/2017-30;2017;Despertando para a pesquisa;JOSÉ CARLOS GRILLO RODRIGUES;ISEE;24/02/17;30/06/17;Não;R$ 0,00;
23088.016100/2018-78;2018;Certificação e ensaios de produtos de tecnologia da informação e teçecomunicação;JOSÉ CARLOS GRILLO RODRIGUES;ISEE;06/08/18;31/08/19;Não;R$ 385.589,65;
23088.017507/2019-01;2019;Certificação e ensaios de produtos de tecnologia da Informação e Telecomunicação;JOSE CARLOS GRILO RODRIGUES;ISEE;01/09/19;31/08/20;Não;R$ 143.619,54;
23088.004131/2016-14;2016;A formação de Professor (a)es em serviço e a Educação Financeira para Aluno (a)s do ensino médio em escolas públicas de Itajubá/MG;JOSÉ GILBERTO DA SILVA;IESTI;15/03/16;15/03/17;Sim;R$ 0,00;R$ 0,00
23088.012334/2019-27;2019;Projeto EcoVeículo;JOSE HAMILTON CHAVES GORGULHO JUNIOR;IEPG;01/01/19;31/12/19;Não;R$ 0,00;R$ 0,00
23088.001206/2016-13;2016;Eco-Veículo;JOSÉ HAMILTON CHAVES GORGULHO JÚNIOR;IEPG;01/01/16;31/12/16;Sim;R$ 0,00;R$ 0,00
23088.003437/2017-34;2017;Ecoveículo;JOSÉ HAMILTON CHAVES GORGULHO JÚNIOR;IEPG;01/01/17;31/12/17;Sim;R$ 73.500,00;R$ 56.500,00
23088.024393/2017-86;2018;Ecoveículo;JOSÉ HAMILTON CHAVES GORGULHO JÚNIOR;IEPG;01/01/18;31/12/18;Sim;R$ 0,00;R$ 0,00
23088.012830/2019-81;2019;Semana de Engenharia de Produção - SEMEPRO;JOSÉ LEONARDO NORONHA;IEPG;01/07/19;30/10/19;Não;R$ 1.379,30;
23088.018803/2018-31;2018;Semana de Engenharia de Produção - SEMEPRO;JOSÉ LEONARDO NORONHA;IEPG;20/08/18;30/09/18;Sim;R$ 0,00;R$ 0,00
23088.015051/2017-75;2017;Participação no curso de curta durtação - QPSE - Qualidade de Energia Elétrica;JOSÉ MARIA DE CARVALHO FILHO;ISEE;13/03/17;17/03/17;Sim;R$ 12.995,66;R$ 51.865,00
23088.017375/2016-67;2016;Prestação de Consultoria em Qualidade de Energia Elétrica;JOSÉ MARIA DE CARVALHO FILHO;ISEE;26/09/16;22/12/17;Sim;R$ 32.731,50;R$ 32.731,50
23088.018660/2016-03;2016;Consultoria em Engenharia Elétrica na Área de Subestações de Distribuição.;JOSÉ MARIA DE CARVALHO FILHO;ISEE;20/10/16;23/03/17;Sim;R$ 48.300,00;R$ 51.865,00
23088.025245/2018-60;2018;Participação no curso de Curta Duração em Seletividade e Coordenação de Proteção em Sistemas Industriais ;JOSÉ MARIA DE CARVALHO FILHO;ISEE;03/12/18;02/12/19;Não;R$ 10.862,02;
23088.026064/2018-51;2019;Estudo experimental sobre a transferência de calor por ebulição convectiva interna em tubos de aço durante o processo de têmpera;JUAN JOSE GARCIA PABON;IEM;01/04/19;30/03/20;Não;R$ 21.195,00;
23088.002223/2018-21;2018;PROJETO CHEETAH E-RACING DE FÓRMULA SAE ELÉTRICO;JULIANA CAMINHA NORONHA;IEPG;30/01/18;29/01/19;Sim;R$ 0,00;R$ 0,00
23088.003333/2017-20;2017;PROJETO CHEETAH E-RACING DE FÓRMULA SAE ELÉTRICO;JULIANA CAMINHA NORONHA;IEPG;23/02/17;30/01/18;Sim;R$ 0,00;
23088.003435/2017-45;2017;Ex Machina;JULIANA CAMINHA NORONHA;IEPG;01/01/17;31/12/17;Sim;R$ 0,00;
23088.006112/2019-75;2019;Cheetah e-Racing;JULIANA CAMINHA NORONHA;IEPG;30/01/19;30/01/20;Não;R$ 10.000,00;
23088.006945/2018-55;2018;Coleta Seletiva - Campanha de Conscientização e Enganjamento do cidadão Itajubense;JULIANA CAMINHA NORONHA;IEPG;19/03/18;20/12/18;Sim;R$ 0,00;R$ 0,00
23088.007758/2018-99;2018;Curso de Google Apps;JULIANA CAMINHA NORONHA;IEPG;29/03/18;29/03/18;Sim;R$ 0,00;R$ 0,00
23088.010253/2019-92;2019;Maker Hacklab;JULIANA CAMINHA NORONHA;IEPG;25/05/19;02/06/19;Não;R$ 5.742,80;
23088.013484/2019-58;2019;Startup Weekend Maker;JULIANA CAMINHA NORONHA;IEPG;30/08/19;01/09/19;Não;R$ 41.000,00;
23088.015273/2019-50;2019;Projeto de Pré-Aceleração Impulso;JULIANA CAMINHA NORONHA;IEPG;31/08/19;29/05/20;Não;R$ 0,00;R$ 0,00
23088.015274/2019-02;2019;Projeto Pré-Aceleração LAB001;JULIANA CAMINHA NORONHA;IEPG;31/08/19;30/05/20;Não;R$ 0,00;R$ 0,00
23088.019978/2019-46;2019;Space Apps Challange - Hackathon Nasa;JULIANA CAMINHA NORONHA;IEPG;18/10/19;20/10/19;Não;R$ 0,00;R$ 0,00
CR009-2018;2018;Formação para Busca de Anterioridade;JULIANA CAMINHA NORONHA;IEPG;13/11/18;13/11/18;Sim;R$ 0,00;R$ 0,00
CR010-2018;2018;Propriedade Intelectual for Noobs;JULIANA CAMINHA NORONHA;IEPG;13/11/18;13/11/18;Sim;R$ 0,00;R$ 0,00
EV001-2018;2018;"Seminário ""Propriedade Intelectual for Noobs""";JULIANA CAMINHA NORONHA;IEPG;02/04/18;04/04/18;Sim;R$ 0,00;R$ 0,00
EV006-2018;2018;Maker Hacklab;JULIANA CAMINHA NORONHA;IEPG;19/05/18;27/05/18;Sim;R$ 0,00;R$ 0,00
EV013-2018;2018;Startup Weekend Maker UNIFEI;JULIANA CAMINHA NORONHA;IEPG;31/08/18;02/09/18;Sim;R$ 0,00;R$ 0,00
23088.005037/2019-25;2019;Conexão dos Saberes;JULIANA ESTACIO RIOS;IEPG;12/03/19;31/12/19;Não;R$ 10.000,00;
EV001-2019;2019;Feedback;JULIANA ESTACIO RIOS;IEPG;12/02/19;12/02/19;Sim;R$ 0,00;R$ 0,00
EV006-2019;2019;I Workshop IEPG - Metodologias Inovadoras no Ensino-Aprendizagem;JULIANA ESTACIO RIOS;IEPG;01/08/19;02/08/19;Sim;R$ 0,00;R$ 0,00
PJ005-2018;2018;A satisfação no trabalho dos colaboradores do IEPG;JULIANA ESTACIO RIOS;IEPG;13/11/18;20/12/18;Sim;R$ 0,00;R$ 0,00
PJ006-2018;2018;A satisfação no trabalho dos Trabalhadores em Educação da Universidade Federal de Itajubá;JULIANA ESTACIO RIOS;IEPG;14/11/18;16/11/18;Sim;R$ 0,00;R$ 0,00
PJ007-2019;2019;Prática em Recrutamento e Seleção;JULIANA ESTACIO RIOS;IEPG;21/05/19;13/06/19;Sim;R$ 0,00;R$ 0,00
CR005-2019;2019;Planejamento de Carreira;JULIANA ESTÁCIO RIOS;IEPG;08/05/19;08/05/19;Não;R$ 0,00;R$ 0,00
EV001-2019;2019;Feedback;JULIANA ESTÁCIO RIOS;IEPG;12/02/19;12/02/19;Sim;R$ 0,00;R$ 0,00
23088.005994/2019-51;2019;Ciência Aberta: Eventos científicos para a comunidade;JULIANA FEDOCE LOPES;IFQ;06/03/19;31/12/19;Não;R$ 8.200,00;
23088.006406/2018-16;2018;Pint of Science Festival da Ciência;JULIANA FEDOCE LOPES;IFQ;19/03/18;31/12/18;Sim;R$ 8.500,00;
23088.006911/2019-41;2019;Tecnologias Emergentes a serviço da aprendizagem;JULIANA MARIA SAMPAIO FURLANI;IFQ;01/05/19;30/12/19;Não;R$ 9.600,00;
23499.000539/2017-66;2018;Equipe de desenvolvimento de jogos eletronicos;juliano de almeida monte mor ;Itabira;25/04/17;24/04/18;Sim;R$ 0,00;R$ 0,00
23499.000280/2019-15;2019;Equipe de Robótica Drumonsters;JULIANO DE ALMEIDA MONTE-MOR;ICT;15/02/19;14/02/20;Não;R$ 0,00;R$ 0,00
23499.000281/2017-06;2017;Equipe de Robótica Drumonsters;JULIANO DE ALMEIDA MONTE-MOR;ICT;01/01/17;31/12/18;Sim;R$ 10.000,00;R$ 10.000,00
23499.000528/2019-48;2019;Batuca Bethânia;JULIANO DE ALMEIDA MONTE-MOR;ICT;28/03/19;31/12/19;Não;R$ 10.000,00;
23499.000954/2017-10;2018;4º Arte - Festival de Inverno de Itabira;JULIANO DE ALMEIDA MONTE-MOR;Itabira;16/07/17;30/07/17;Sim;R$ 0,00;R$ 0,00
23499.001346/2018-11;2018;Bateria Calangodum;JULIANO DE ALMEIDA MONTE-MOR;Itabira;01/10/18;30/09/19;Não;R$ 0,00;R$ 0,00
23499.001347/2018-58;2018;Escalango - Montanhismo UNIFEI;JULIANO DE ALMEIDA MONTE-MOR;Itabira;01/10/18;30/09/19;Não;R$ 0,00;R$ 0,00
23499.001449/2016-10;2018;Montanhismo Unifei;JULIANO DE ALMEIDA MONTE-MOR;Itabira;01/04/17;31/12/17;Sim;R$ 0,00;R$ 0,00
23088.012104/2018-87;2018;XIII Encontro Regional de Catálise: Minas Gerais, Paraná e São Paulo;KARINA ARRUDA ALMEIDA;IRN;14/06/18;14/11/18;Não;R$ 0,00;R$ 0,00
23088.001094/2018-54;2018;BENEFÍCIOS E POTENCIAIS RISCOS DE PLANTAS ORNAMENTAIS EM AMBIENTES ESCOLARES;KATIÚCIA DIAS FERNANDES;IRN;01/06/16;23/10/17;Sim;R$ 0,00;R$ 0,00
23088.001666/2016-33;2016;Exercícios de reabilitação labiríntica;KLEBER GONÇALVES LEÃO;Aposentado;02/03/16;29/06/16;Sim;R$ 0,00;R$ 0,00
23088.001684/2016-15;2016;Escolinha de Futebol;KLEBER GONÇALVES LEÃO;Aposentado;12/03/16;25/06/16;Sim;R$ 0,00;R$ 0,00
23088.001688/2016-01;2016;Temas esportivos para universitários da Unifei;KLEBER GONÇALVES LEÃO;Aposentado;02/03/16;29/06/16;Sim;R$ 0,00;R$ 0,00
23088.001689/2016-48;2016;Alongamento e Ginastica Geral;KLEBER GONÇALVES LEÃO;Aposentado;02/03/16;29/06/16;Sim;R$ 0,00;R$ 0,00
23088.011566/2019-68;2019;XIV Job Shop;LAUREN FERREIRA COLVARA;IEPG;22/08/19;23/08/19;Não;R$ 0,00;R$ 0,00
CR008-2018;2018;ANÁLISE BIBLIOMÉTRICA: A PRODUÇÃO CIENTÍFICA DE PERIÓDICO DA ÁREA INTERDISCIPLINAR;LAUREN FERREIRA COLVARA;IEPG;16/08/18;16/08/18;Sim;R$ 0,00;R$ 0,00
EV010-2018;2018;XIII Job Shop - feira de carreira e recrutamento da UNIFEI;LAUREN FERREIRA COLVARA;IEPG;16/08/18;24/08/18;Sim;R$ 0,00;R$ 0,00
23088.004292/2016-16;2016;Seminarios GIFT;LEANDRO GUSTAVO GOMES;IMC;16/03/16;09/11/16;Sim;R$ 0,00;R$ 0,00
23088.004308/2016-82;2016;Seminarios GIFT;LEANDRO GUSTAVO GOMES;IMC;07/03/16;30/05/16;Sim;R$ 0,00;R$ 0,00
23088.005949/2017-35;2017;Minicursos PMAT 2017;LEANDRO GUSTAVO GOMES;IMC;24/04/17;27/10/17;Sim;R$ 0,00;
23088.012216/2016-76;2016;Seminários GMAT2016/2;LEANDRO GUSTAVO GOMES;IMC;04/08/16;31/11/16;Sim;R$ 0,00;R$ 0,00
23088.004829/2019-82;2019;"Projeto ""Intervindo para incluir: Alfabetização Digital de Jovens e Adultos (EJA)";LEANDRO LOPES TRINDADE;IEPG;05/04/19;27/09/19;Não;R$ 0,00;R$ 0,00
23499.000811/2019-70;2019;Iron Racers de Fórmula SAE 2019;LEONARDO ALBERGARIA OLIVEIRA;IEI;14/05/19;31/12/19;Não;R$ 10.000,00;
23088.007973/2019-71;2019;Fundação Asimo;LEONARDO BRESEGHELLO ZOCCAL;IESTI;17/04/19;31/12/19;Não;R$ 6.797,49;
23088.021972/2017-77;2017;Fundação Robok;LEONARDO BRESEGHELLO ZOCCAL;IESTI;30/10/17;30/10/18;Sim;R$ 0,00;R$ 0,00
23088.025393/2018-84;2018;Fundação Asimo;LEONARDO BRESEGHELLO ZOCCAL;IESTI;30/12/18;30/12/19;Não;R$ 0,00;R$ 0,00
23499.000259/2018-39;2018;Curso de Prevenção Respiratória;LEONARDO FERREIRA REIS;Itabira;26/02/18;08/03/18;Sim;R$ 0,00;R$ 0,00
23499.000404/2018-81;2018;Observatório de conflitos rurais do alto e médio Rio Doce (MG);LEONARDO FERREIRA REIS;Itabira;27/03/18;29/02/19;Sim;R$ 0,00;R$ 0,00
23499.000761/2018-40;2018;Análise das condições de trabalho na produção de algodão em Catuti MG;LEONARDO FERREIRA REIS;Itabira;11/06/18;15/06/18;Sim;R$ 0,00;R$ 0,00
23499.000981/2017-92;2018;Liga Estudantil de Empreendedorismo & Negócios;LILIAM CAMPOS;Itabira;21/07/17;01/12/17;Sim;R$ 0,00;R$ 0,00
23499.000376/2018-01;2018;Star Up Weekend Maker 2018;LILIAN BARROS PEREIRA CAMPOS;Itabira;01/12/18;15/04/19;Sim;R$ 0,00;R$ 0,00
23499.000670/2019-95;2019;TEDxItabira;LILIAN BARROS PEREIRA CAMPOS;ITABIRA;15/02/19;15/04/19;Não;R$ 0,00;R$ 0,00
23499.001750/2018-87;2018;Programa de fomento ao empreendedorismo - Belmont Lab;LILIAN BARROS PEREIRA CAMPOS;Itabira;19/10/18;19/10/19;Não;R$ 0,00;R$ 0,00
23499.000381/2018-13;2018;Liga Estudantil de Empreendedorismo & negócios (LESTE&Negócios);LILIAN CAMPOS;Itabira;19/03/18;30/06/18;Sim;R$ 0,00;R$ 0,00
23499.001202/2018-57;2018;Liga Estudantil de Empreendedorismo & Negócios (Leste & Negócios);LILIAN CAMPOS;Itabira;10/08/18;03/12/18;Não;R$ 0,00;R$ 0,00
23499.000568/2017-28;2019;VI Seminário de Saúde e Segurança - VI SEMSSEG;LINDOMAR MATIAS GONÇALVES;Itabira;15/05/17;15/09/17;Sim;R$ 0,00;R$ 0,00
23499.000855/2019-08;2019;Forró do Lindo;LINDOMAR MATIAS GONÇALVES;ICPA;01/05/19;01/12/19;Não;R$ 0,00;R$ 0,00
23088.0010826/2017-16;2017;Projetos de Engenharia de Produção;LOURIVAL J MENDES NETO;IEM;20/02/17;14/07/17;Sim;R$ 0,00;
23088.008929/2018-05;2018;Projetos de Engenharia de Produção;LOURIVAL JORGE MENDES NETO;IEM;26/02/18;29/06/18;Sim;R$ 0,00;R$ 0,00
23088.018544/2017-67;2017;Projetos de Engenharia de Produção;LOURIVAL JORGE MENDES NETO;IEM;31/07/17;01/12/17;Sim;R$ 0,00;R$ 0,00
23088.019391/2017-75;2017;Workshop Projeto Semestral 2017;LOURIVAL JORGE MENDES NETO;IEM;15/10/17;04/12/17;Não;R$ 2.000,00;
23088.023239/2018-78;2018;WorkShop Projeto Semestral unifei 2018;LOURIVAL JORGE MENDES NETO;IEM;20/10/18;20/11/18;Sim;R$ 0,00;R$ 0,00
23499.001401/2018-65;2018;Saúde e Segurança para todos;LUCIANA DE MELO GOMIDES;Itabira;30/10/18;30/10/19;Não;R$ 0,00;R$ 0,00
23088.008473/2016-11;2016;III Semana dos Recursos Energéticos;LUCILENE DE OLIVEIRA RODRIGUES;IEM;31/05/16;03/06/16;Sim;R$ 0,00;R$ 0,00
23088.008628/2018-73;2018;Tecnicas de Deep Learning;LUIZ EDUARDO BORGES DA SILVA;IESTI;21/05/18;13/06/18;Sim;R$ 0,00;R$ 0,00
23088.016082/2018-24;2018;Técnicas de Deep Learning - DL 101;LUIZ EDUARDO BORGES DA SILVA;IESTI;20/08/18;24/08/18;Sim;R$ 0,00;R$ 0,00
23088.016875/2017-62;2017;Desenvolvimento de uma estrutura para testes no Sistemas de controle de um equipamento multinível para mitigação harmônica;LUIZ EDUARDO BORGES DA SILVA;IESTI;01/09/17;30/04/18;Sim;R$ 57.600,00;R$ 50.400,00
23088.016914/2017-21;2017;Simulação da Introdução de um equipamento Série em Sistemas de Distribuição;LUIZ EDUARDO BORGES DA SILVA;IESTI;01/09/17;30/04/18;Sim;R$ 57.600,00;R$ 50.400,00
23088.004242/2017-10;2017;Centro de Estudantes Voluntários Amigos de Itajubá;LUIZ EUGÊNIO VENEZIANI PASIN;IEPG;01/03/17;30/12/17;Sim;R$ 0,00;
23088.004807/2017-51;2017;Time ENACTUS - Entrepreneurial ACTion Us;LUIZ EUGÊNIO VENEZIANI PASIN;IEPG;20/03/17;31/12/17;Sim;R$ 0,00;
23088.005254/2016-72;2016;Empreendedorismo e educação financeira aos Aluno (a)s (ensino médio) da rede publica no municipio de Itajubá;LUIZ EUGÊNIO VENEZIANI PASIN;IEPG;01/03/16;31/12/16;Sim;R$ 0,00;R$ 0,00
23088.005962/2019-56;2019;Time Enactus Unifei Itajubá;LUIZ EUGÊNIO VENEZIANI PASIN;IEPG;22/03/19;30/12/19;Não;R$ 10.000,00;
23088.006782/2019-91;2019;Centro de Estudantes Voluntários Amigos de Itajubá;LUIZ EUGÊNIO VENEZIANI PASIN;IEPG;11/02/19;30/12/19;Não;R$ 0,00;R$ 0,00
23088.007656/2018-73;2018;Time Enactus - Entrepreneurial Action Us;LUIZ EUGÊNIO VENEZIANI PASIN;IEPG;05/02/18;30/12/18;Sim;R$ 0,00;R$ 0,00
23088.007657/2018-18;2018;EMPREENDEDORISMO SOCIOAMBIENTAL E DESENVOLVIMENTO REGIONAL SUSTENTÁVEL COM BASE NA PRODUÇÃO DE PRODUTOS ORGÂNICOS;LUIZ EUGÊNIO VENEZIANI PASIN;IEPG;05/02/18;30/12/18;Sim;R$ 0,00;R$ 0,00
23088.007963/2017-73;2017;Empreendedorismo socioambiental e desenvolvimento regional sustentável com base na produção de produtos orgânicos;LUIZ EUGÊNIO VENEZIANI PASIN;IEPG;01/03/17;30/12/17;Sim;R$ 0,00;
23088.010038/2019-91;2019;Semana de investimento ao voluntário ;LUIZ EUGÊNIO VENEZIANI PASIN;IEPG;20/05/19;25/05/19;Não;R$ 0,00;R$ 0,00
23088.011423/2019-56;2019;Revitalizar - CIEM Desembargador Francisco Pereira Rosa;LUIZ EUGÊNIO VENEZIANI PASIN;IEPG;08/06/19;09/06/19;Não;R$ 0,00;R$ 0,00
23088.011427/2019-34;2019;T.R.E.M IV - Treinamento Regional das Enactus Mineiras;LUIZ EUGÊNIO VENEZIANI PASIN;IEPG;26/10/19;27/10/19;Não;R$ 0,00;R$ 0,00
23088.012097/2016-51;2016;Centro de Estudantes Voluntários Amigos de Itajubá - CEVAI;LUIZ EUGÊNIO VENEZIANI PASIN;IEPG;01/03/16;30/12/16;Sim;R$ 0,00;R$ 0,00
23088.012345/2018-26;2018;Centro de Estudantes voluntários Amigos de Itajubá;LUIZ EUGÊNIO VENEZIANI PASIN;IEPG;01/02/18;30/12/18;Sim;R$ 0,00;R$ 0,00
23088.012557/2019-94;2019;Excel minicurso - Aplicado à administração;LUIZ EUGÊNIO VENEZIANI PASIN;IEPG;08/06/19;09/06/19;Sim;R$ 0,00;R$ 0,00
23088.015043/2018-18;2018;"I Simpósio do Mestrado Profissional em Administração - MPA ""Oportunidades e Tendências para o mestrado profissional""";LUIZ EUGÊNIO VENEZIANI PASIN;IEPG;30/07/18;31/07/18;Sim;R$ 3.544,80;R$ 3.544,80
23088.017967/2016-89;2016;Empreendedorismo socioambiental e desenvolvimento regional sustentável com base na produção de produtos orgânicos;LUIZ EUGÊNIO VENEZIANI PASIN;IEPG;01/02/16;30/12/16;Sim;R$ 0,00;R$ 0,00
23088.017969/2016-78;2016;Empreendedor Social - Novas Tendências;LUIZ EUGÊNIO VENEZIANI PASIN;IEPG;20/10/16;20/10/16;Sim;R$ 0,00;R$ 0,00
23088.017972/2016-91;2016;Inovação e Tendencias de Mercado - Oportunidades no Agronegócio Brasileiro;LUIZ EUGÊNIO VENEZIANI PASIN;IEPG;21/10/16;21/10/16;Sim;R$ 0,00;R$ 0,00
23088.018999/2019-44;2019;TreinaMembros - ENACTUS - Noções básicas de planilha eletrônica;LUIZ EUGÊNIO VENEZIANI PASIN;IEPG;21/09/19;21/09/19;Não;R$ 0,00;R$ 0,00
23088.019159/2018-18;2018;TreinaMembros - Entrepreneurial ACTion Us;LUIZ EUGÊNIO VENEZIANI PASIN;IEPG;25/08/18;25/08/18;Sim;R$ 0,00;R$ 0,00
23088.024883/2018-63;2019;Semana de investimento ao voluntário ;LUIZ EUGÊNIO VENEZIANI PASIN;IEPG;17/09/18;22/09/18;Sim;R$ 0,00;R$ 0,00
23499.000323/2019-62;2019;VI Semana da Engenharia Elétrica, Automação e Controle (VI SEEAC);LUIZ FELIPE PUGLIESE ;ICT;08/04/19;09/09/19;Sim;R$ 0,00;R$ 0,00
23088.005780/2019-85;2019;Plano diretor e Promoção da Sáude: Intersecções e interações;LUIZ FELIPE SILVA;IRN;06/03/19;31/12/19;Não;R$ 10.000,00;
23088.006945/2017-74;2017;II Jornada Universitária em Defesa da Reforma Agrária (JURA);LUIZ FELIPE SILVA;IRN;03/05/17;03/05/17;Sim;R$ 0,00;
23088.007751/2016-13;2016;1ª Jornada Universitária em defesa da Reforma Agrária;LUIZ FELIPE SILVA;IRN;11/05/16;11/05/16;Sim;R$ 0,00;R$ 0,00
23088.007829/2017-40;2017;Semeadura do diálogo entre engenharia e agroecologia: Escola Livre de Agroecologia e Sociedade (ELAS) em Pedralva;LUIZ FELIPE SILVA;IRN;05/05/17;31/12/17;Sim;R$ 10.000,00;
23088.008428/2019-00;2019;III Jornada Universitária em Defesa da Reforma Agrária;LUIZ FELIPE SILVA;IRN;08/05/19;08/05/19;Não;R$ 0,00;R$ 0,00
23088.010850/2017-55;2017;ENEDS -  Encontro Nacional de Engenharia e Desenvolvimento Social;LUIZ FELIPE SILVA;IRN;17/10/17;20/10/17;Sim;R$ 56.127,00;R$ 0,00
23088.017444/2016-32;2016;Projeto de Conservação Auditiva em Escola Publicas Municipais para a Prevenção da Perda Auditiva Induzida pelo ruído;LUIZ FELIPE SILVA;IRN;26/09/16;31/03/16;Sim;R$ 0,00;R$ 0,00
23088.002107/2016-41;2016;Equipe Robok - Projeto Acadêmico de Robótica Autônoma;LUIZ LENARTH GABRIEL VERMAAS;IESTI;01/01/16;31/12/16;Sim;R$ 0,00;R$ 0,00
23088.003385/2017-04;2017;ROBOK – Futebol de Robôs;LUIZ LENARTH GABRIEL VERMAAS;IESTI;01/01/17;31/12/17;Sim;R$ 10.000,00;R$ 0,00
23088.005942/2019-85;2019;Robok - Futebol de Robôs Autônomos;LUIZ LENARTH GABRIEL VERMAAS;IESTI;01/01/19;31/12/19;Não;R$ 10.000,00;
23088.006812/2018-89;2018;Robok - Futebol de Robos;LUIZ LENARTH GABRIEL VERMAAS;IESTI;01/01/18;31/12/18;Sim;R$ 0,00;R$ 0,00
23499.001317/2018-41;2018;Setembro Amarelo na UNIFEI - Campus Itabira;MARCELLE NUNES ARAÚJO;Itabira;13/09/18;30/10/18;Sim;R$ 0,00;R$ 0,00
23499.002186/2018-10;2019;Oficinas Temáticas: Desafios do Cotidiano;MARCELLE NUNES ARAÚJO;CGP;01/02/19;30/06/19;Não;R$ 0,00;R$ 0,00
23088.021104/2017-97;2017;Vivência em laboratório de microbiologia voltada para estudantes de nível técnico;MARCELO CHUEI MATSUDO;IRN;01/11/17;10/11/17;Sim;R$ 0,00;R$ 0,00
23088.006489/2017-62;2017;IV Seminário de Recursos Naturais;MARCELO DE PAULA CORRÊA;IRN;07/08/17;11/08/17;Sim;R$ 0,00;
23088.008224/2019-61;2019;Entendendo fatores climáticos e sua relação com a proteção solar;MARCELO DE PAULA CORRÊA;IRN;23/04/19;25/04/19;Sim;R$ 0,00;R$ 0,00
23088.008417/2018-31;2018;Mídia em Meteorologia;MARCELO DE PAULA CORRÊA;IRN;01/03/18;30/06/18;Sim;R$ 0,00;R$ 0,00
23088.014473/2019-95;2019;Simpósio AEHA - Acuvue Eye Health Advisor 2019;MARCELO DE PAULA CORRÊA;IRN;01/08/19;30/08/19;Não;R$ 3.500,00;
23088.014474/2019-30;2019;Palestra sobre o artigo de proteção UV e visão no Advisory Board J&J Vision Care 2019;MARCELO DE PAULA CORRÊA;IRN;25/07/19;25/08/19;Não;R$ 4.000,00;
23088.014807/2018-40;2018;Participação no comitê de avaliação dos projetos PIPE-FAPESP;MARCELO DE PAULA CORRÊA;IRN;26/07/18;26/07/18;Sim;R$ 555,00;R$ 850,00
23088.015440/2019-62;2019;"Palestra ""Radiação solar no Brasil e seus impactos sobre a saúde da pele e dos cabelos"" no II Seminário sobre Proteção Indoor e Outdoor";MARCELO DE PAULA CORRÊA;IRN;15/08/19;15/08/19;Sim;R$ 0,00;R$ 0,00
23088.015782/2018-00;2018;Um panorama da radiação ultravioleta no Brasil e seus impactor sobre a população;MARCELO DE PAULA CORRÊA;IRN;30/08/18;30/08/18;Sim;R$ 4.500,00;R$ 4.744,44
23088.016250/2018-81;2018;V Seminário de Recursos Naturais;MARCELO DE PAULA CORRÊA;IRN;06/08/18;10/08/18;Sim;R$ 0,00;R$ 0,00
23088.016350/2018-16;2018;Por que Precisamos de fotoproteção diferenciada no Brasil e na América Latina?;MARCELO DE PAULA CORRÊA;IRN;19/09/18;19/09/18;Sim;R$ 0,00;R$ 0,00
23088.017269/2019-26;2019;Elaboração de material/artigo didático sobre radiação UV no Brasil;MARCELO DE PAULA CORRÊA;IRN;26/08/19;26/09/19;Não;R$ 3.400,00;
23088.017273/2019-94;2019;Palestra Luz ultravioleta e luz azul: um mal necessário;MARCELO DE PAULA CORRÊA;IRN;21/09/19;21/09/19;Não;R$ 3.800,00;
23088.018485/2018-16;2018;"Debate-Meio Ambiente e ações globais sobre os problemas gerados pela urbanização; o lixo plástico nos oceanos";MARCELO DE PAULA CORRÊA;IRN;05/09/18;05/09/18;Sim;R$ 0,00;R$ 0,00
23088.018487/2018-05;2018;Fotoproteção com ênfase em luz visível;MARCELO DE PAULA CORRÊA;IRN;25/09/18;25/09/18;Sim;R$ 3.950,00;R$ 4.014,72
23088.018488/2018-41;2018;A Temperatura está aumentando! Por que a defesa de um clima seguro é essencial para a saúde da criança?;MARCELO DE PAULA CORRÊA;IRN;14/09/18;14/09/18;Sim;R$ 0,00;R$ 0,00
23088.019186/2019-71;2019;"Palestra "" A proteção da pele além da Radiação UV: Caracterização de um exposssoma Brasileiro""";MARCELO DE PAULA CORRÊA;IRN;28/09/19;28/09/19;Não;R$ 5.000,00;
23088.020419/2019-89;2019;A importância da fotoproteção em crianças e adolescentes - 39º Congresso Brasileiro de Pediatria;MARCELO DE PAULA CORRÊA;IRN;12/10/19;12/10/19;Não;R$ 0,00;R$ 0,00
23088.023645/2018-31;2018;Palestra sobre efeitos da radiação UV sobre a pela e suas implicações ambientais no evento Scientific Suncare Day;MARCELO DE PAULA CORRÊA;IRN;09/11/18;09/11/18;Sim;R$ 4.400,00;R$ 4.400,00
23088.026940/2018-49;2018;Elaboração de material/artigo didático sobre radiação UV e efeito sobre os olhos;MARCELO DE PAULA CORRÊA;IRN;09/11/19;09/11/18;Sim;R$ 3.450,00;R$ 3.450,00
23088.002662/2019-15;2019;Termogeração Centralizada;MARCELO JOSÉ PIRANI;IEM;11/02/19;10/04/19;Sim;R$ 9.648,00;R$ 13.040,32
23088.025567/2018-17;2018;Termogeração Centralizada;MARCELO JOSÉ PIRANI;IEM;03/12/18;03/03/19;Sim;R$ 19.400,00;R$ 10.126,36
23088.0026553/2018-11;2018;Krakens AUVs;MARCELO SANTIAGO DE SOUSA;IEM;15/12/18;15/12/19;Não;R$ 0,00;R$ 0,00
23088.016604/2016-26;2016;Aplicação da metodologia STAMP para o desenvolvimento de sistemas complexis;MARCELO SANTIAGO DE SOUSA;IEM;09/01/17;27/01/17;Sim;R$ 3.370,00;R$ 0,00
23088.012164/2019-81;2019;I Workshop em Física Experimental da Unifei - I WFEU;MARCELOS LIMA PERES;IFQ;24/06/19;20/09/19;Não;R$ 0,00;R$ 0,00
23088.004311/2016-04;2016;Oficina de Origami para crianças de 4 e 5 anos;MARCIA SAYURI KASHIMOTO;IMC;18/03/16;20/05/16;Sim;R$ 0,00;R$ 0,00
23088.014898/2019-02;2019;Oficina Origami I;MARCIA SAYURI KASHIMOTO;IMC;23/08/19;27/09/19;Sim;R$ 0,00;R$ 0,00
23088.004851/2019-22;2019;Projeto do sistema de esgotamento sanitário do bairro Pessegueiro;MARCIA VIANA LISBOA MARTINS;IRN;18/03/19;30/06/19;Não;R$ 0,00;R$ 0,00
23088.008896/2019-76;2019;Projeto Capacitação dos membros do CODEMA;MARCIA VIANA LISBOA MARTINS;IRN;08/05/19;09/10/19;Não;R$ 0,00;R$ 0,00
23499.000536/2017-22;2018;Engenheiros do Futuro: Uma pesquisa-ação visando a difusão da ciência e engenharia de materiais no ciclo fundamental e ensino do método científico;MARCIO ROBERTO DE FREITAS;Itabira;29/05/17;20/12/17;Sim;R$ 4.800,00;
23499.000302/2017-85;2018;Rondom Itabira;MÁRCIO TSUYOSHI YASUDA;Itabira;02/03/17;14/12/17;Sim;R$ 0,00;R$ 0,00
23499.000394/2018-84;2018;Maré Verde Social;MÁRCIO TSUYOSHI YASUDA;Itabira;02/04/18;17/12/18;Sim;R$ 0,00;R$ 0,00
23499.000411/2018-83;2018;Artesanato Sustentável;MÁRCIO TSUYOSHI YASUDA;Itabira;02/04/18;17/12/18;Sim;R$ 0,00;R$ 0,00
23499.000412/2018-28;2018;Maré Verde para o acesso ao Ensino Superior;MÁRCIO TSUYOSHI YASUDA;Itabira;05/04/18;29/11/18;Sim;R$ 0,00;R$ 0,00
23499.000426/2018-41;2018;Maré Verde: Educando para o futuro;MÁRCIO TSUYOSHI YASUDA;Itabira;02/04/18;01/12/18;Sim;R$ 0,00;R$ 0,00
23499.000956/2016-17;2018;Física Uai!;MÁRCIO TSUYOSHI YASUDA;Itabira;01/07/16;10/12/16;Sim;R$ 0,00;R$ 0,00
23499.001355/2019-35;2019;Maré Guardiã de Sonhos;MÁRCIO TSUYOSHI YASUDA;ICPA;02/09/19;14/12/19;Não;R$ 0,00;R$ 0,00
23499.002084/2018-02;2018;Natal Solidário;MÁRCIO TSUYOSHI YASUDA;Itabira;01/12/18;08/12/18;Sim;R$ 0,00;R$ 0,00
23499.000088/2018-48;2018;Minicurso de desenho auxiliado por computador;MARCO AURÉLIO MOURA SURIANI;Itabira;05/02/18;29/06/18;Sim;R$ 0,00;R$ 0,00
23499.000088/2018-48;2018;Minicurso de desenho auxiliado por computador;MARCO AURÉLIO MOURA SURIANI;Itabira;05/02/18;29/06/18;Sim;R$ 0,00;R$ 0,00
23499.000439/2018-11;2018;V Semana da Engenharia Eletrica Automação e Controle (V SEEAC);MARCO AURÉLIO MOURA SURIANI;Itabira;09/04/18;10/09/18;Sim;R$ 0,00;R$ 0,00
23499.000596/2019-15;2019;CPEE - Congresso Pesquisa Extensão e Ensino;MARCOS ROBERTO DE ABREU ALVES;IEI;01/05/19;30/04/20;Não;R$ 0,00;R$ 0,00
23499.000763/2018-39;2018;CPEE - Congresso Pesquisa Extensão e Ensino;MARCOS ROBERTO DE ABREU ALVES;Itabira;01/05/18;30/04/19;Não;R$ 37.248,00;
23088.015988/2017-41;2017;Participação em formação e capacitação em inovação de processos para desenvolvimento de EAD com Conceitos de Engenharia em Sistemas Elétricos de Distribuição;MARCOS VINICIUS XAVIER DIAS;ISEE;13/04/17;16/01/19;Sim;R$ 286.207,56;R$ 77.805,33
23088.016894/2018-70;2018;CEFIC - Curso de Capacitação em Eficiência Energética;MARCOS VINICIUS XAVIER DIAS;ISEE;01/10/18;30/09/19;Não;R$ 0,00;R$ 0,00
23088.021530/2018-10;2018;Projeto Ecoeficiente paraa ONG Resgacti;MARIA CLAUDIA COSTA DE OLIVEIRA BOTAN;IRN;10/09/18;09/04/18;Sim;R$ 0,00;R$ 0,00
23088.025318/2018-13;2018;Mutirão de plantio de mudas nativas em memória ao eucalipto do Joaquinzão, em Taubaté - SP;MARIA CLAUDIA COSTA DE OLIVEIRA BOTAN;IRN;12/11/18;26/01/19;Sim;R$ 0,00;R$ 0,00
23088.025319/2018-68 ;2018;Mesa redonda com ex-alunos do curso de Enganharia Ambiental e Sanitária da Universidade de Taubaté - UNITAU;MARIA CLAUDIA COSTA DE OLIVEIRA BOTAN;IRN;01/11/18;01/11/18;Sim;R$ 0,00;R$ 0,00
23088.002832/2019-61;2019;Coro-Ação;MARIA ELENA LEYVA GONZÁLEZ;IFQ;10/03/19;10/12/19;Não;R$ 0,00;R$ 0,00
23499.000681/2019-75;2019;Segunda Língua;MARIA ELIZABETE VILLELA SANTIAGO;ICPA;01/04/19;31/12/19;Não;R$ 0,00;R$ 0,00
23499.000753/2017-12;2019;Segunda Língua;MARIA ELIZABETE VILLELA SANTIAGO;ICPA;14/08/17;27/11/17;Sim;R$ 0,00;R$ 0,00
23088.011903/2017-55;2017;IV Semana dos Recursos Energéticos ;MARIA LUIZA GRILLO RENÓ;IEM;29/05/17;02/06/17;Sim;R$ 7.080,27;R$ 7.080,27
23088.019570/2019-74;2019;NEIRU de Portas Abertas - Palestra sobre planejamento urbano;MARIA RACHEL DE ARAUJO RUSSO;IRN;24/09/19;24/09/19;Sim;R$ 0,00;R$ 0,00
23088.016626/2018-11;2018;Participação no Programa de Pós Graduação em ciências de Engenharia Ambiental (PPGSEA);MARIA RITA RAIMUNDO E ALMEIDA ;IRN;20/08/18;19/08/19;Não;R$ 0,00;R$ 0,00
23088.016627/2018-11;2018;Participação no Programa de Pós Graduação em Qualidade Ambiental (PPGMQ);MARIA RITA RAIMUNDO E ALMEIDA ;IRN;20/08/18;18/02/19;Sim;R$ 0,00;R$ 0,00
23088.017260/2017-53;2017;Caracterização da condutividade térmica, elétrica e microestrutural de materiais;MARIA VIRGINIA GELFUSI;IEM;01/09/17;30/08/19;Não;R$ 15.500,00;
23499.000470/2018-51;2018;Unifei Portas Abertas Ensino Fundamental 2018;MARTINELLY VIEIRA MARTINS;Itabira;05/04/18;07/06/18;Sim;R$ 0,00;R$ 0,00
23499.000498/2017-16;2018;Allons au Cinéma!;MARTINELLY VIEIRA MARTINS;Itabira;02/05/17;17/11/17;Sim;R$ 0,00;R$ 0,00
23088.007274/2017-69;2017;Participação no curso de curta duração – QPSE – Eletrônica de Potência Aplicada a Sistemas Elétricos;MAURICIO CAMPOS PASSARO;ISEE;24/10/16;27/10/16;Sim;R$ 2.590,00;R$ 1.400,00
23088.012146/2016-56;2016;Primeira Semana de Engenharia Elétrica;MAURICIO CAMPOS PASSARO;ISEE;08/08/16;12/08/16;Sim;R$ 0,00;R$ 0,00
23088.014206/2017-56;2017;Segunda Semana de Engenharia Elétrica;MAURICIO CAMPOS PASSARO;ISEE;28/08/17;06/09/17;Sim;R$ 2.000,00;R$ 2.000,00
23088.014211/2017-69;2017;Participação no curso de curta duração – QPSE – ESTABILIDADE E DINÂMICA DE SISTEMAS ELÉTRICOS;MAURICIO CAMPOS PASSARO;ISEE;24/07/17;28/07/17;Sim;R$ 8.395,66;R$ 8.430,84
23088.020856/2016-50;2016;Curso de Qualificação em Sistemas Elétricos - Estabilidade e Dinâmica de Sistemas Elétricos II;MAURICIO CAMPOS PASSARO;ISEE;19/09/16;22/09/16;Sim;R$ 2.450,00;R$ 2.450,00
23088.005537/2017-03;2017;XXXI Encontro Regional da Sociedade Brasileira de Química de Minas Gerais;MAURÍCIO SILVA DOS SANTOS;IFQ;24/11/17;26/11/17;Sim;R$ 79.200,00;R$ 75.158,68
23088.009191/2018-95;2018;Introdução ao Python;MAURÍLIO PEREIRA COUTINHO;IEST;04/06/18;06/06/18;Sim;R$ 0,00;R$ 0,00
23088.020615/2018-72;2018;Programação Funcional 101;MAURÍLIO PEREIRA COUTINHO;IESTI;15/10/18;17/10/18;Sim;R$ 0,00;R$ 0,00
23088.000326/2017-76;2017;XXII Congresso Regional dos Estudantes de Engª Quimica COREEQ;MAXIMILIAN JOACHIM HODAPP;IRN;23/07/17;30/07/17;Sim;R$ 0,00;
23088.008415/2018-41;2018;Criação de laboratório Virtual da Engenharia Quimica por Fluidodinâmica Computacional (CFD);MAXIMILIAN JOACHIM HODAPP;IRN;02/05/18;02/05/19;Sim;R$ 0,00;R$ 0,00
23088.009451/2019-11;2019;Criação de laboratório Virtual da Engenharia Quimica por Fluidodinâmica Computacional (CFD);MAXIMILIAN JOACHIM HODAPP;IRN;20/05/19;20/05/20;Não;R$ 0,00;R$ 0,00
23088.019835/2019-34;2019;V Seminário de Recursos Naturais;MAXIMILIAN JOACHIM HODAPP;IRN;21/10/19;25/10/19;Não;R$ 0,00;R$ 0,00
23499.000370/2019-14;2019;Língua Brasileira de Sinais - Básico I;MAXWELL DE SOUZA DAMASCENO;ICT;05/04/19;12/07/19;Sim;R$ 0,00;R$ 0,00
23499.001358/2019-19;2019;Língua Brasileira de Sinais - Intermediário;MAXWELL DE SOUZA DAMASCENO;ICT;27/08/19;26/11/19;Não;R$ 0,00;R$ 0,00
23499.001392/2019-93;2019;III Ciclo de Formação Inclusiva, Tema Surdez;MAXWELL DE SOUZA DAMASCENO;ICT;26/09/19;26/09/19;Não;R$ 0,00;R$ 0,00
23088.016524/2019-13;2019;Treinamento de Tableau;MELISE MARIA VEIGA DE PAULA;IMC;23/08/19;23/08/19;Sim;R$ 0,00;R$ 0,00
23088.021090/2019-73;2019;Shine Brasil;MILADY RENATA APOLINARIO DA SILVA;IFQ;21/10/19;25/10/19;Não;R$ 0,00;R$ 0,00
23088.006646/2018-11;2018;As Doenças têm hostória;MILTON JOSÉ ZAMBONI;IMC;19/04/18;05/07/18;Sim;R$ 0,00;R$ 0,00
23088.006648/2018-18;2018;Negritudes Possíveis;MILTON JOSÉ ZAMBONI;IMC;18/04/18;20/06/18;Sim;R$ 0,00;R$ 0,00
23088.021673/2018-13;2018;As doenças têm história II;MILTON JOSÉ ZAMBONI;IEPG;18/10/18;29/11/18;Sim;R$ 0,00;R$ 0,00
PD001-2019;2019;Drops de Economia e Finanças do Grupo Denarius;MOISES DINIZ VASSALO;IEPG;06/12/18;03/12/19;Não;R$ 0,00;R$ 0,00
PJ003-2019;2019;EcoPonia - AquaSensor Hidroponia;ODILON DE OLIVEIRA DUTRA;IESTI;01/05/19;31/12/19;Não;R$ 0,00;R$ 0,00
23088.020116/2016-13;2016;Participação no Curso Operação, Controle e Monitoramento Ambiental de UTEs;OSVALDO J VENTURI;IEM;21/11/16;25/11/16;Sim;R$ 38.500,00;R$ 20.752,14
23088.005549/2016-49;2016;"Participação no curso ""Operação de Centrias Termelétricas""";OSVALDO JOSÉ VENTURINI;IEM;06/04/16;15/04/16;Sim;R$ 0,00;R$ 0,00
23088.016042/2019-63;2019;"Participação em Curso de Curta Duração ""Operação de Centrais Termelétricas""";OSVALDO JOSÉ VENTURINI;IEM;19/08/19;18/08/20;Não;R$ 69.952,48;
23088.019046/2018-12;2018;"Participação no curso de ""Centrais Termelétricas - Fundamentos Termodinâmicos, equipamentos e operação""";OSVALDO JOSÉ VENTURINI;IEM;24/09/18;23/09/19;Sim;R$ 13.492,23;R$ 15.046,73
23088.023227/2017-62;2017;Participação no curso de curta-duração - operação de Centrais Termelétricas ;OSVALDO JOSÉ VENTURINI;IEM;27/11/17;01/12/17;Sim;R$ 35.197,10;R$ 40.426,72
23088.023613/2017-54;2017;Participação no curso de curta duração - Ventilação Industrial;OSVALDO JOSÉ VENTURINI;IEM;18/12/17;22/12/17;Sim;R$ 28.766,62;R$ 29.275,60
23088.023615/2017-43;2017;Participação no curso de curta duração - Geração Térmica I;OSVALDO JOSÉ VENTURINI;IEM;23/10/17;27/10/17;Sim;R$ 6.929,62;R$ 6.929,62
23088.023618/2017-87;2017;Participação no curso de curta duração - QPSE 2017 - Geração Térmica II;OSVALDO JOSÉ VENTURINI;IEM;06/03/17;10/03/17;Sim;R$ 10.158,35;R$ 10.158,36
23088.004653/2016-16;2016;ACESSIBILIDADE CULTURAL: ARTICULAÇÕES E REFLEXÕES NA FORMAÇÃO DE Professor (a)ES;PALOMA ALINNE ALVES RODRIGUES RUAS;IFQ;15/03/16;09/12/16;Sim;R$ 0,00;R$ 0,00
23088.004693/2019-19;2019;Práticas Inclusivas no Ensino de Ciências;PALOMA ALINNE ALVES RODRIGUES RUAS;IFQ;06/03/19;06/12/19;Não;R$ 10.000,00;
23088.006331/2016-10;2016;Práticas Inclusicas no Ensino de Ciências;PALOMA ALINNE ALVES RODRIGUES RUAS;IFQ;01/04/16;09/12/16;Sim;R$ 0,00;R$ 0,00
23088.006377/2018-92;2018;Praticas Inclusivas no Ensino de Ciências;PALOMA ALINNE ALVES RODRIGUES RUAS;IFQ;01/05/18;03/12/18;Sim;R$ 10.000,00;
23088.006857/2017-72;2017;I Simpósio de Educação Inclusiva da UNIFEI;PALOMA ALINNE ALVES RODRIGUES RUAS;IFQ;09/08/17;11/08/17;Sim;R$ 0,00;
23088.007832/2017-96;2017;Práticas Inclusicas no Ensino de Ciências;PALOMA ALINNE ALVES RODRIGUES RUAS;IFQ;01/04/17;31/12/17;Sim;R$ 10.000,00;
CR007-2018;2018;Libras Básico I;PALOMA ALINNE ALVES RODRIGUES RUAS;IFQ;30/08/18;29/11/18;Sim;R$ 0,00;R$ 0,00
23499.001457/2018-10;2018;Engenharia da Mobilidade: teoria e prática no contexto itabirano;PATRÍCIA BALDINI DE MEDEIROS GARCIA;Itabira;25/09/18;25/09/18;Sim;R$ 0,00;R$ 0,00
23088.005034/2018-19;2018;O Mundo da Aeronautica - Projeto de Especialidades Aeronauticas;PATRICIA DA SILVA LOPES ALEXANDRINO;IEM;19/03/18;31/12/18;Sim;R$ 10.000,00;R$ 640,20
23088.007131/2019-19;2019;Uirá Micro;PATRICIA DA SILVA LOPES ALEXANDRINO;IEM;01/02/19;30/01/20;Não;R$ 10.000,00;
23088.009243/2019-12;2019;Aeroday;PATRICIA DA SILVA LOPES ALEXANDRINO;IEM;09/05/19;09/05/19;Sim;R$ 0,00;R$ 0,00
23088.017375/2019-18;2019;Semana de Tecnologias Aeronáuticas (STA);PATRICIA DA SILVA LOPES ALEXANDRINO;IEM;02/09/19;06/09/19;Não;R$ 0,00;R$ 0,00
23088.020367/2019-41;2019;O Mundo da Aeronáutica;PATRICIA DA SILVA LOPES ALEXANDRINO;IEM;03/10/19;30/06/20;Não;R$ 0,00;R$ 0,00
23088.002876/2017-20;2017;Aircraft Structural analysis using the finite element method;PATRICIA SILVA LOPES ALEXANDRINO;IEM;13/02/17;17/02/17;Sim;R$ 0,00;
23088.015890/2017-93;2017;Semana de tecnologias aeronauticas (STA);PATRICIA SILVA LOPES ALEXANDRINO;IEM;28/08/17;02/09/17;Sim;R$ 0,00;
23088.018333/2018-13;2018;Semana de Tecnologias Aeronáuticas (STA);PATRICIA SILVA LOPES ALEXANDRINO;IEM;10/09/18;15/09/18;Sim;R$ 0,00;R$ 0,00
23088.018773/2016-09;2016;Aeroday;PATRICIA SILVA LOPES ALEXANDRINO;IEM;10/11/16;11/11/16;Sim;R$ 0,00;R$ 0,00
23088.001178/2018-98;2018;Projeto arquitetônico e complementarres para execução de obra predial na Paróquia São Benedito/Itajubá-MG;PAULO CESAR GONÇALVES;IRN;05/12/17;30/01/19;Sim;R$ 0,00;R$ 0,00
23088.004012/2017-42;2017;Curso Assistencial Amigos de Itajubá - CAAI;PAULO CESAR GONÇALVES;PROEX;01/01/17;01/11/17;Sim;R$ 0,00;
23088.012290/2019-35;2019;Estudos técnicos para elaboração do projeto Passarela de Pedestre;PAULO CESAR GONÇALVES;IRN;21/06/19;20/04/20;Não;R$ 19.626,66;
23088.006601/2016-84;2016;17a Conferência Internacional sobre Harmônicos e Qualidade da Energia (17th ICHQP);PAULO FERNANDO RIBEIRO ;ISEE;01/01/16;31/12/16;Não;R$ 0,00;R$ 0,00
23088.008806/2017-85;2017;Aliança Bíblica Universitária do Brasil;PAULO FERNANDO RIBEIRO ;ISEE;22/05/17;25/05/18;Sim;R$ 0,00;
23088.008891/2017-81;2017;Propecção Tecnológica no Setor de Energia Elétrica;PAULO FERNANDO RIBEIRO ;ISEE;01/03/17;30/11/17;Sim;R$ 12.000,00;R$ 12.000,00
23088.011539/2018-12;2018;Aliança Biblíca Universitária do Brasil;PAULO FERNANDO RIBEIRO ;ISEE;12/06/18;12/06/19;Sim;R$ 0,00;R$ 0,00
23088.013967/2017-91;2017;"Workshop ""Smart Grids e Métricas Integradas de Desempenho Elétrico";PAULO FERNANDO RIBEIRO ;ISEE;10/08/17;11/08/17;Sim;R$ 0,00;
23088.016497/2018-06;2018;Medição e Análise da Qualidade dos Parâmetros Elétricos (Qualidade de Energia);PAULO FERNANDO RIBEIRO ;ISEE;01/08/18;01/08/19;Não;R$ 13.760,86;
23088.019639/2017-06;2017;II Semana da Esperança;PAULO FERNANDO RIBEIRO ;ISEE;06/11/17;10/11/17;Não;R$ 0,00;R$ 0,00
23088.021805/2018-15;2018;III Semana da Esperança;PAULO FERNANDO RIBEIRO ;ISEE;22/10/18;25/10/18;Sim;R$ 0,00;R$ 0,00
23088.024777/2018-80;2018;Medição e Verificação do Diagnóstico da Operação de Proteção;PAULO FERNANDO RIBEIRO ;ISEE;09/11/18;08/11/19;Não;R$ 16.077,00;
23088.006993/2018-43;2018;Projeto Play - Empreendedorismo Social;PAULO HENRIQUE DA SILVA CAMPOS;IEPG;02/04/18;07/12/18;Sim;R$ 0,00;R$ 0,00
23499.000283/2016-44;2019;COMPET - Competição em Maratona de Programação;PAULO JOSE LAGE ALVARENGA ;ICT;01/02/16;12/12/16;Sim;R$ 0,00;R$ 0,00
23499.000493/2017-85;2019;Hackathon Indústrias do setor Metal Mecânico no FIEMG Itinerante;PAULO JOSE LAGE ALVARENGA ;ICT;26/04/17;28/04/17;Sim;R$ 0,00;R$ 0,00
23499.000551/2016-90;2019;Aplicativo Caminhos Drumondianos;PAULO JOSE LAGE ALVARENGA ;ICT;18/04/16;18/07/16;Sim;R$ 0,00;R$ 0,00
23499.000610/2017-19;2019;Maratona Mineira de Programação;PAULO JOSE LAGE ALVARENGA ;ICT;26/05/17;28/05/17;Sim;R$ 0,00;R$ 0,00
23499.001746/2015-76;2019;Unifei Tech Morning;PAULO JOSE LAGE ALVARENGA ;ICT;09/12/15;09/12/15;Sim;R$ 0,00;R$ 0,00
23499.001747/2015-11;2019;Aprender.com;PAULO JOSE LAGE ALVARENGA ;ICT;01/03/15;15/12/15;Sim;R$ 0,00;R$ 0,00
23088.006462/2017-70;2017;Curso de Curta duração – QPSE – Proteção de Sistemas Elétricos;PAULO MÁRCIO DA SILVEIRA;ISEE;13/02/17;17/02/17;Sim;R$ 8.795,66;R$ 8.795,66
23088.017730/2016-06;2016;Proteção de sistemas elétricos - Básico;PAULO MÁRCIO DA SILVEIRA;ISEE;26/09/16;28/09/16;Sim;R$ 25.000,00;R$ 15.550,62
23088.024127/2017-53;2017;Participação no curso de curta duração – AJUSTES DE PARÂMETROS DE RELÉS DE PROTEÇÃO;PAULO MÁRCIO DA SILVEIRA;ISEE;07/11/17;09/11/17;Sim;R$ 9.880,05;R$ 12.123,42
23088.024134/2017-55;2017;Participação no curso de curta duração – AJUSTES DE PARÂMETROS DE RELÉS DE PROTEÇÃO (in company);PAULO MÁRCIO DA SILVEIRA;ISEE;27/11/17;01/12/17;Sim;R$ 15.204,27;R$ 17.809,99
23088.024183/2017-98;2017;Participação no curso de curta duração – PROTEÇÃO DE SISTEMAS ELÉTRICOS;PAULO MÁRCIO DA SILVEIRA;ISEE;23/10/17;27/10/17;Sim;R$ 15.078,28;R$ 15.078,28
23088.024185/2017-87;2017;Participação no curso de curta duração – QUALIDADE DA ENERGIA ELÉTRICA;PAULO MÁRCIO DA SILVEIRA;ISEE;20/11/17;24/11/17;Sim;R$ 14.973,30;R$ 14.973,30
23088.001679/2018-74;2018;Coyotes MotoRacing UNIFEI;PAULO PEREIRA JÚNIOR;IEM;01/01/18;31/12/18;Sim;R$ 9.268,72;R$ 9.268,72
23088.002075/2019-26;2019;Coyotes MotoRacing UNIFEI;PAULO PEREIRA JÚNIOR;IEM;01/01/19;31/12/19;Não;R$ 10.000,00;
23499.000401/2018-48;2018;POPTEC- popularização de conceitos e tecnologias de geração de energia, com fontes renováveus e eficiência energética em escolas de ensino médio de Itabira - MG;RAFAEL BALBINO CARDOSO;Itabira;27/04/18;13/12/18;Sim;R$ 7.900,00;
23499.000550/2017-26;2018;POPTEC Popularização de conceitos e Tecnologias de geração de energia com fontes renováveis e eficiência energética, em escolas de ensino médio de Itabira - MG;RAFAEL BALBINO CARDOSO;Itabira;01/05/17;19/12/17;Sim;R$ 0,00;R$ 0,00
23499.000612/2019-61;2019;Curso de curta duração de Energia Solar Fotovoltaica;RAFAEL BALBINO CARDOSO;ICPA;15/04/19;20/05/19;Sim;R$ 3.500,00;R$ 3.150,00
23499.001938/2018-25;2018;Participação no curso de Curta Duração de Energia Solar Fotovoltaica;RAFAEL BALBINO CARDOSO;Itabira;15/11/18;20/12/18;Sim;R$ 4.500,00;R$ 3.340,64
23088.003656/2017-13;2017;Programação;RAFAEL DE MOURA MOREIRA;IESTI;04/03/17;04/03/18;Sim;R$ 0,00;
23088.007676/2018-44;2018;Dev-U;RAFAEL DE MOURA MOREIRA;IESTI;02/03/18;31/12/18;Sim;R$ 0,00;R$ 0,00
23499.000684/2019-17;2019;Equipe Sagres;RAFAEL EMILIO LOPES;ICT;15/01/19;31/12/19;Não;R$ 0,00;R$ 0,00
23499.000348/2019-66;2019;Por trás das câmeras: produção de material didático-artístico sobre saúde e segurança no trabalho como ferramenta de ensino para universitários e empresas;RAONI ROCHA SIMÕES;ICPA;06/03/19;31/12/19;Não;R$ 9.240,00;
23499.000513/2018-07;2018;Desenvolvimento de um BLOG e um CANAL sobre Ergonomia da Atividade;RAONI ROCHA SIMÕES;ICPA;01/03/18;01/12/18;Sim;R$ 0,00;R$ 0,00
23499.000515/2018-98;2018;1º Seminário Internacional de Saúde e Segurança da Unifei-Itabira;RAONI ROCHA SIMÕES;Itabira;01/04/18;26/04/18;Sim;R$ 0,00;R$ 0,00
23499.000780/2019-57;2019;Capacitação em Metodologias Ativas para aprimoramento do processo de ensino-aprendizagem no Ensino Superior;RENATA DOS SANTOS;ICPA;10/06/19;20/12/19;Não;R$ 0,00;R$ 0,00
23499.001348/2018-01;2018;Metodologias Ativas para aprimoramento do processo de ensino-aprendizagem no Ensino Superior;RENATA DOS SANTOS;Itabira;01/10/18;20/12/18;Sim;R$ 0,00;R$ 0,00
23499.001532/2016-81;2018;Pastoreio Universitário : vivência da espiritualidade cristã;RENATA DOS SANTOS;Itabira;14/11/16;14/11/17;Sim;R$ 0,00;R$ 0,00
23499.001698/2017-88;2017;Pastoreio Universitário II : Vivência da espirutualidade cristã;RENATA DOS SANTOS;Itabira;19/02/18;19/02/19;Sim;R$ 0,00;R$ 0,00
23499.000774/2019-08;2019;Oficina de Siderurgia e Oficina de Corrosão;RICARDO LUIZ PEREZ TEIXEIRA;IEI;10/06/19;25/06/19;Sim;R$ 0,00;R$ 0,00
23499.001637/2019-82;2019;Oficina de Processamento e de Materiais para Engenharia;RICARDO LUIZ PEREZ TEIXEIRA;IEI;10/10/19;22/11/19;Não;R$ 0,00;R$ 0,00
23088.008469/2016-45;2016;Emissão de Parecer técnico p/fundamento Ininterrupto - Decreto 27.048 de 12/08/49 e Portaria 945 de 08/07/15 do Ministerio do Trabalho;RICARDO RISSO CHAVES;IEM;12/05/16;10/06/16;Sim;R$ 7.650,00;R$ 7.650,00
23088.012705/2017-17;2017;EMISSÃO DE Parecer Técnico sobre questões de prova para fins jurídicos, por solicitação de Pessoa física;RICARDO RISSO CHAVES;IEM;28/06/17;30/08/17;Sim;R$ 2.000,00;R$ 2.000,00
23088.012708/2017-42;2017;Emissão de parecer técnico para funcionamento inisterrupto;RICARDO RISSO CHAVES;IEM;28/06/17;27/06/18;Sim;R$ 36.000,00;R$ 9.579,00
23088.019788/2018-48;2018;Emissão de Parecer Técnico para funcionamento inicterrupto - Decreto 27.048 de 12/08/49;RICARDO RISSO CHAVES;IEM;13/09/18;30/11/18;Sim;R$ 9.000,00;R$ 9.000,00
23499.000382/2018-50;2018;Conhecendo a energia nas ciências;RICARDO SHITSUKA;Itabira;01/08/18;28/02/19;Sim;R$ 0,00;R$ 0,00
23499.000737/2018-19;2018;Produção de Material Didático sobre Carlos Drumond de Andrade;RICARDO SHITSUKA;Itabira;01/06/18;20/12/18;Sim;R$ 0,00;R$ 0,00
23499.001087/2017-30;2018;Produção de Material Didático sobre Carlos Drumond para Educação Básica;RICARDO SHITSUKA;Itabira;14/09/17;11/12/17;Sim;R$ 0,00;R$ 0,00
23499.001363/2017-60;2018;Palestras e Oficinas de Produção Docente;RICARDO SHITSUKA;Itabira;31/08/17;31/08/18;Sim;R$ 0,00;R$ 0,00
23088.004726/2018-31;2018;Integramat 2018;RICK ANTONIO RISCHER;IMC;27/03/18;28/03/18;Sim;R$ 0,00;R$ 0,00
23088.016029/2019-12;2019;Treinamento do Terceiro Nível da OBMEP;RICK ANTONIO RISCHTER;IMC;14/09/19;07/12/19;Não;R$ 0,00;R$ 0,00
23088.001877/2018-38;2018;Cursos EAD de Curta Duração;RITA DE CASSIA MAGALHAES TRINDADE STANO;IEPG;29/01/18;30/07/18;Sim;R$ 0,00;R$ 0,00
23088.004791/2016-03;2016;PROJETO DENTRO E FORA: CIRANDA DE FORMAÇÃO ACADÊMICA E PEDAGÓGICA INTERDISCIPLINAR Professor (a) ;RITA DE CASSIA MAGALHAES TRINDADE STANO;IEPG;02/04/16;13/12/16;Sim;R$ 0,00;R$ 0,00
23088.007811/2017-71;2017;"Projeto dentro e Fora; Ciranda de formação acadêmica e pedagógica interdisciplinar docente";RITA DE CASSIA MAGALHAES TRINDADE STANO;IEPG;01/04/17;31/12/17;Sim;R$ 9.516,00;
23088.003489/2017-19;2017;Epic Coders – Maratona de Programação;ROBERTO AFFONSO DA COSTA JUNIOR;IMC;01/01/17;31/12/17;Sim;R$ 0,00;R$ 0,00
23088.005851/2018-69;2018;Epics Coders - Martona de Programação;ROBERTO AFFONSO DA COSTA JUNIOR;IMC;01/01/18;31/12/18;Sim;R$ 8.095,44;R$ 8.095,44
23088.006110/2019-86;2019;Epic Coders - Maratona de Programação;ROBERTO AFFONSO DA COSTA JUNIOR;IMC;01/01/19;31/12/19;Não;R$ 10.000,00;
23088.008481/2017-31;2017;Fase Regional da Maratona de Programação;ROBERTO AFFONSO DA COSTA JUNIOR;IESTI;09/09/17;09/09/17;Sim;R$ 0,00;
23088.00473/2018-27;2018;FISCALIZAÇÃO DE APURAÇÃO DOS INDICADORES DE QUALIDADE DE SERVIÇO NA CONCESSIONÁRIA DE DISTRIBUIÇÃO DE ENERGIA ELÉTRICA - COCEL - UNIFEI ;ROBERTO AKIRA YAMACHITA;ISEE;28/08/17;31/01/18;Sim;R$ 0,00;R$ 0,00
23088.008408/2019-21;2019;Fiscalização de apuração dos indicadores de qualidade do serviço na Celesc;ROBERTO AKIRA YAMACHITA;ISSE;05/05/19;13/01/20;Não;R$ 44.000,00;
23088.018935/2018-62;2018;Fiscalização do cumprimento do plano de melhorias e providencias da distribuidora de energia elétrica;ROBERTO AKIRA YAMACHITA;ISEE;25/06/18;24/06/19;Não;R$ 50.000,00;
23088.022862/2018-11;2018;Prestação de serviço para assessoramento, pesquise e desenvolv. Projetos específicos para desenvolver o portal brasileiro de indicadores de eficiência energética para o International Energy Initiative - IEI Brasil;ROBERTO AKIRA YAMACHITA;ISEE;10/09/18;09/07/19;Sim;R$ 46.000,00;R$ 46.000,00
23088.008889/2016-21;2016;Ensaio de Eficiência de Bombas Centrífugas;ROBERTO ALVES DE ALMEIDA;IRN;01/01/16;30/06/16;Sim;R$ 140.805,50;R$ 140.805,50
23088.014498/2016-46;2016;Ensaio de Eficiência de Bombas Centrífugas;ROBERTO ALVES DE ALMEIDA;IRN;01/07/16;30/06/17;Sim;R$ 140.000,00;R$ 2.016.734,50
23088.014498/2016-46;2016;Ensaio de Eficiência de Bombas Centrífugas;ROBERTO ALVES DE ALMEIDA;IRN;01/01/17;30/06/17;Sim;R$ 140.000,00;R$ 216.734,50
23088.015286/2018-48;2018;Aeração do Lago do Campus da UNIFEI;ROBERTO ALVES DE ALMEIDA;IRN;01/08/18;10/09/19;Sim;R$ 0,00;R$ 0,00
23088.016176/2017-12;2017;Ensaio de Eficência de Bombas Centrífugas;ROBERTO ALVES DE ALMEIDA;IRN;01/07/17;31/12/17;Sim;R$ 111.780,00;R$ 199.795,26
23088.018232/2018-34;2018;Bancada de Tecnologias de irrigação;ROBERTO ALVES DE ALMEIDA;IRN;01/09/18;31/12/18;Sim;R$ 0,00;R$ 0,00
23088.022326/2016-46;2016;Ensaio de Eficiência de Bombas Centrífugas;ROBERTO ALVES DE ALMEIDA;IRN;01/01/17;30/06/17;Sim;R$ 140.000,00;R$ 216.734,50
23088.008808/2017-74;2017;Participação no Curso de curta duração – QPSE – Operação e Planejamento de Sistemas de Potência;ROBSON CELSO PIRES;ISEE;03/04/17;07/04/17;Sim;R$ 5.202,33;R$ 5.995,66
23088.024902/2017-71;2018;Participação no curso de curta duração - Operação e Planejamento de Sisitemas de Potência;ROBSON CELSO PIRES;ISEE;11/12/17;15/12/17;Sim;R$ 6.781,85;R$ 6.781,85
23088.005471/2017-43;2017;Usabilidade e Equipamentos Médicos: inserindo os atributos de usabilidade no desenvolvimento de produtos para a saúde;RODRIGO MAXIMIANO ANTUNES DE ALMEIDA;IESTI;03/04/17;04/04/17;Sim;R$ 0,00;
23088.007270/2017-81;2017;Workshops sobre Usabilidade e Equipamentos Médicos em acordo com a ABNT NBR IEC 62366;RODRIGO MAXIMIANO ANTUNES DE ALMEIDA;IESTI;02/05/17;08/08/17;Não;R$ 2.000,00;
23088.023401/2018-58;2018;Semana para automoção, computação e eletronica - SpACE;RODRIGO MAXIMIANO ANTUNES DE ALMEIDA;IESTI;10/09/18;14/09/18;Sim;R$ 0,00;R$ 0,00
23088.007830/2017-05;2017;Gestão de Resíduos Industriais;ROGÉRIO  JOSÉ DA SILVA;IEM;16/09/17;07/10/17;Sim;R$ 7.448,00;
23088.007373/2018-21;2018;Aircraft structural analysis using the finite element method - short Course;ROGÉRIO FRAENDORF DE FARIA COIMBRA;IEM;20/03/18;30/03/18;Sim;R$ 0,00;R$ 0,00
23088.007929/2016-18;2016;Projeto SAE Aerodesing;ROGÉRIO FRAENDORF DE FARIA COIMBRA;IEM;01/05/16;30/04/17;Sim;R$ 0,00;R$ 0,00
23088.013563/2017-05;2017;Consultoria em Certificação Aeronaútica;ROGÉRIO FRAENDORF DE FARIA COIMBRA;IEM;15/07/17;15/10/17;Sim;R$ 7.200,00;R$ 7.200,00
23088.000907/2016-27;2016;Politica Energática, geração e uso de Energia;ROGÉRIO JOSÉ DA SILVA;IEM;22/02/16;04/07/16;Sim;R$ 0,00;R$ 0,00
23088.005647/2018-48;2018;Gestão de resíduos industriais;ROGÉRIO JOSÉ DA SILVA;IEM;20/03/18;31/12/18;Sim;R$ 9.304,00;
23088.013402/2019-75;2019;Gestão de Resíduos Industriais;ROGÉRIO JOSÉ DA SILVA;IEM;09/07/19;09/09/19;Sim;R$ 0,00;R$ 0,00
23088.001812/2016-21;2016;Fazer Kendo e pensar a educação;ROGÉRIO RODRIGUES;IFQ;01/04/16;16/06/16;Sim;R$ 0,00;R$ 0,00
23088.004992/2019-45;2019;Cinema & Debate;ROGÉRIO RODRIGUES;IFQ;25/03/19;30/11/19;Não;R$ 0,00;R$ 0,00
23088.009988/2018-92;2018;Cinema & Debate;ROGÉRIO RODRIGUES;IFQ;28/08/18;20/11/18;Sim;R$ 0,00;R$ 0,00
23088.018492/2017-29;2018;Participação no curso de curta duração - QPSE 20017 - Eletrônica de Potência Aplicada a Sistemas Elétricos;RONDINELI RODRIGUES PEREIRA;IESTI;11/09/17;15/09/17;Sim;R$ 10.200,00;R$ 10.769,13
23499.000493/2018-66;2018;A queimada e seus impactor no meio urbano: abordagens direcionadas ao ensino fundamental e médio;ROSE MARIE BELARDI;Itabira;01/05/18;31/12/18;Sim;R$ 0,00;R$ 0,00
23499.000527/2019-01;2019;A queimada e seus impactos no meio urbano: abordagens direcionadas ao ensino fundamental e médio;ROSE-MARIE BELARDI;ICPA;29/04/19;28/04/20;Não;R$ 0,00;R$ 0,00
23499.000904/2017-32;2018;Cheerleaders;ROSE-MARIE BELARDI;Itabira;01/07/17;01/07/18;Sim;R$ 0,00;R$ 0,00
23499.001722/2018-60;2018;Cheerleaders;ROSE-MARIE BELARDI;Itabira;12/09/18;12/09/19;Não;R$ 0,00;R$ 0,00
23088.013752/2018-51;2018;Participação em Curso de Curta Duração em Manutenção em Transformadores;ROSSANO GIMENES;IFQ;03/07/18;02/07/19;Sim;R$ 3.200,00;R$ 8.806,84
23088.014182/2019-05;2019;Participação em Curso de Curta Duração em Manutenção e Testes Avançados em Transformadores de Potência - Teoria e Prática;ROSSANO GIMENES;IFQ;16/07/19;16/07/20;Não;R$ 1.770,88;
23088.019191/2019-84;2019;Orientação sobre Procedimentos Confiáveis de Amostragem de Óleo Isolante em Transformadores de Potência;ROSSANO GIMENES;IFQ;27/09/19;31/01/20;Não;R$ 950,00;
23088.019634/2017-75;2017;Participação em Curso de Curta Duração em Manutenção em Transformadores;ROSSANO GIMENES;IFQ;26/09/17;29/09/17;Sim;R$ 1.367,52;R$ 2.051,28
23499.000241/2016-75;2018;LOTS Aerodesign;RUBEN ALEXIS MIRANDA CARRILHO;Itabira;01/01/16;31/12/16;Sim;R$ 0,00;R$ 0,00
23499.000431/2017-73;2018;LOTS Aerodesing;RUBEN ALEXIS MIRANDA CARRILHO;Itabira;10/04/17;01/09/17;Sim;R$ 0,00;R$ 0,00
23499.000496/2018-08;2018;L.O.T.S Aerodesign;RUBEN ALEXIS MIRANDA CARRILHO;Itabira;13/04/18;31/12/18;Sim;R$ 0,00;R$ 0,00
23499.001231/2017-38;2018;L.O.T.S Aerodesign;RUBEN ALEXIS MIRANDA CARRILHO;Itabira;11/09/17;07/04/18;Sim;R$ 9.304,50;R$ 9.304,50
23088.005138/2019-04;2019;Todos somos leitores;SANDRA NAKAMATSU;IFQ;01/02/19;30/12/19;Não;R$ 0,00;R$ 0,00
23088.012531/2019-46;2019;Blue Brunnies;SANDRA NAKAMATSU;IFQ;26/02/19;10/12/19;Não;R$ 0,00;R$ 0,00
23088.014613/2017-63;2018;Todos somos leitores;SANDRA NAKAMATSU;IFQ;08/03/17;06/12/17;Sim;R$ 0,00;R$ 0,00
23499.000748/2017-18;2018;#Include - Sala Virtual - ECO;SANDRO CARVALHO IZIDORO;Itabira;12/06/17;01/12/17;Sim;R$ 0,00;R$ 0,00
23088.008634/2018-21;2018;Medição da Condutividade Térmica;SANDRO MENTREVELLE MARCONDES DE LIMA E SILVA;IEM;01/04/18;31/12/18;Sim;R$ 4.597,70;R$ 4.597,70
23088.016013/2018-11;2018;Determinação da Condutividade Térmica em Função do Número de Fios e Temperatura de Cabos de Rutherford;SANDRO MENTREVELLE MARCONDES DE LIMA E SILVA;IEM;10/07/18;31/12/18;Sim;R$ 12.000,00;R$ 12.000,00
23088.022242/2016-11;2016;Medição de Condutividade Térmica;SANDRO MENTREVELLE MARCONDES DE LIMA E SILVA;IEM;01/02/17;31/10/17;Sim;R$ 2.214,01;R$ 2.214,01
23088.006969/2019-95;2019;Medição de Condutividade térmica em cabos de Rutherford com bitolas diferentes ;SANDRO METREVELLE MARCONDES DE LIMA E SILVA;IEM;05/04/19;31/12/19;Não;R$ 8.235,30;
23088.009717/2019-18;2019;Medição da Condutividade Térmica pelo Método da Placa Quente Protegida em 6 Traços de Concreto;SANDRO METREVELLE MARCONDES DE LIMA E SILVA;IEM;13/05/19;19/10/19;Não;R$ 3.690,00;
23088.027168/2018-82;2019;Montagem de Dispostivo de Solda por Descarga Capacitativa;SANDRO METREVELLE MARCONDES DE LIMA E SILVA;IEM;20/12/18;11/03/19;Sim;R$ 1.150,00;R$ 1.150,00
PJ004-2019;2019;Aprimoramento do Dispositivo de Descarga Capacitativa para Fixação de Termopares em Metais;SANDRO METREVELLE MARCONDES DE LIMA E SILVA;IEM;01/05/19;31/12/19;Não;R$ 0,00;R$ 0,00
23088.001718/2019-14;2019;Revisão Técnica de Livro de Engenharia ;SEBASTIÃO SIMÕES DA CUNHA JUNIOR;IEM;01/12/17;01/12/18;Sim;R$ 9.449,00;R$ 9.449,00
23088.009450/2019-69;2019;Contribuições dos alunos do curso Ciências Biológicas Licenciatura para as atividades da Semana do Meio Ambiente e Educação Ambiental da Secretaria do Mio Ambiente de Itajubá;SIMONE POLICENA ROSA;IRN;10/05/19;10/06/19;Sim;R$ 0,00;R$ 0,00
23088.011739/2019-48;2019;Biologia de portas abertas;SIMONE POLICENA ROSA;IRN;03/06/19;29/06/19;Não;R$ 0,00;R$ 0,00
23088.019515/2016-31;2016;Campanha de conscientização prevenção combate do mosquito Aedes aegypti ;SIMONE POLICENA ROSA;IRN;19/10/16;20/12/17;Sim;R$ 0,00;R$ 0,00
23499.001039/2019-11;2019;III Feira de Estágios em Engenharias de Itabira - FEEI;TABATA FERNANDES PEREIRA;IEI;27/06/19;23/05/20;Não;R$ 0,00;R$ 0,00
23499.000369/2019-81;2019;Feira de Estágios em Engenharias de Itabira - FEEI;TÁBATA FERNANDES PEREIRA;IEI;23/04/19;02/06/19;Sim;R$ 0,00;R$ 0,00
23499.001294/2018-75;2018;Feira de Estágio de Engenharia de Produção - FEEP;TÁBATA FERNANDES PEREIRA;Itabira;18/10/18;18/10/18;Sim;R$ 0,00;R$ 0,00
23499.001458/2018-64;2018;EPR weekend;TÁBATA FERNANDES PEREIRA;Itabira;11/09/18;30/11/18;Sim;R$ 0,00;R$ 0,00
CR002-2019;2019;Propriedade Intelectual for Noobies;TAISA CORRÊA;PROEX;27/03/19;28/03/19;Não;R$ 0,00;R$ 0,00
CR003-2019;2019;Workshop Redação de Patentes;TAISA CORRÊA;PROEX;01/04/19;02/04/19;Não;R$ 0,00;R$ 0,00
CR004-2019;2019;Formação para Busca de Anterioridade;TAISA CORRÊA;PROEX;01/04/19;10/04/19;Não;R$ 0,00;R$ 0,00
EV003-2018;2018;Busca de Anterioridade;TAISA CORRÊA;NIT;16/04/18;18/04/18;Sim;R$ 0,00;R$ 0,00
EV003-2019;2019;Propriedade Intelectual - Especial Química;TAISA CORRÊA;PROEX;20/05/19;20/05/19;Não;R$ 0,00;R$ 0,00
23088.004045/2016-10;2016;Tutoria em Robótica Lego;TALES CLEBER PIMENTA;IESTI;16/03/16;16/01/17;Sim;;R$ 18.200,00
23088.014256/2016-52;2016;Equipe Uai!rrior de Robótica ;TALES CLEBER PIMENTA;IESTI;22/08/16;22/08/17;Sim;R$ 78.000,00;R$ 28.953,00
23088.015958/2017-34;2017;Equipe Uai!rrior de Robótica;TALES CLEBER PIMENTA;IESTI;22/08/17;22/08/18;Sim;R$ 52.500,00;R$ 10.000,00
23088.016516/2018-96;2018;Equipe Uai!rrior de Robótica;TALES CLEBER PIMENTA;IESTI;22/08/18;22/08/19;Não;R$ 0,00;R$ 0,00
23088.017813/2019-30;2019;Equipe Uai!Rrior de Robótica;TALES CLEBER PIMENTA;IESTI;02/09/19;15/01/19;Não;R$ 0,00;R$ 0,00
23499.001488/2017-90;2019;Suicide Hawks Engineering;TARCÍSIO GONÇALVES DE BRITO;IEI;24/10/16;25/10/17;Sim;R$ 0,00;R$ 0,00
23499.001749/2017-71;2018;Semana do curso de Engenharia Mecânica - Campus da UNIFEI Gomides;TARCÍSIO GONÇALVES DE BRITO;Itabira;06/10/17;10/11/17;Sim;R$ 0,00;R$ 0,00
23088.002946/2018-21;2018;Oficinas Temáticas: Projeto de Intervenção Psicossocial e Pedagógica - Depressão e Ansiedade na vida acadêmica;THAMIRIS DANIEL DOS SANTOS;DAE;10/04/18;10/04/18;Sim;R$ 0,00;R$ 0,00
EV014-2018;2018;Setembro Amarelo;THAMIRIS DANIEL DOS SANTOS;DAE;03/09/18;28/09/18;Sim;R$ 0,00;R$ 0,00
23088.005891/2017-20;2017;SECOMP - Semana da Computação;THATYANA DE FARIA PIOLA SERAPHIM;IESTI;03/04/17;07/04/17;Sim;R$ 0,00;
23088.013352/2018-45;2018;Manutenção dos Computadores da Polícia Civil do Estado de Minas Gerais;THATYANA DE FARIA PIOLA SERAPHIM;IESTI;03/04/18;02/04/19;Não;R$ 0,00;R$ 0,00
23088.017965/2017-71;2017;Code Week;THATYANA DE FARIA PIOLA SERAPHIM;IESTI;16/10/17;22/10/17;Sim;R$ 0,00;
23088.018920/2019-85;2019;InterPET 2019;THATYANA DE FARIA PIOLA SERAPHIM;IESTI;07/09/19;07/09/19;Sim;R$ 0,00;R$ 0,00
23088.020265/2017-63;2017;MiniCueso de Introdução à Latex;THATYANA DE FARIA PIOLA SERAPHIM;IESTI;14/10/17;21/10/17;Sim;R$ 0,00;R$ 0,00
23088.021197/2017-50;2017;Java WEB;THATYANA DE FARIA PIOLA SERAPHIM;IESTI;21/10/17;14/11/17;Sim;R$ 0,00;R$ 0,00
23088.024648/2017-19;2017;Contrato de revisão Técninca com Cessão de Direitos Autorais;THATYANA DE FARIA PIOLA SERAPHIM;IESTI;12/12/17;11/12/18;Sim;R$ 0,00;R$ 0,00
23088.001056/2019-82;2019;III Semana de Engenharia Elétrica (SEMEEL);THIAGO CLÉ DE OLIVEIRA;ISEE;27/08/18;06/09/18;Sim;R$ 0,00;R$ 0,00
23088.006179/2017-48;2017;VI Encontro Sul-Mineiro de Ensino de Física (VI ESMEF);THIAGO COSTA CAETANO;IFQ;04/09/17;06/09/17;Sim;R$ 5.016,00;R$ 3.800,00
23088.020893/2018-20;2018;Projeto, montagem e instrumentação de um protótipo experimental para controle de processos;THIAGO VAZ DA COSTA;IRN;01/04/18;01/04/19;Não;R$ 0,00;R$ 0,00
23088.020897/2018-16;2018;Desenvolvimento de uma plataforma para monitoramento e aplicação experimental de técnicas de controle avançado;THIAGO VAZ DA COSTA;IRN;01/09/18;01/02/19;Sim;R$ 0,00;R$ 0,00
23088.006500/2017-94;2017;Cooperação Técnica e Científica para desenvolvimento e realização de atividades na área de enfermagem;TIAGO VITOI ESAÚ RIBEIRO;DPE;17/04/17;17/04/18;Sim;R$ 0,00;
23088.005493/2016-22;2016;Workshop de Lean;JOAO BATISTA TURRIONI;;05/04/16;05/04/16;Não;R$ 0,00;R$ 0,00
23499.001137/2015-17;2019;Projeto de Microaeronaves para o campus Unifei em Itabira;VAGNER FERREIRA DE OLIVEIRA;IEI;03/06/15;29/11/15;Sim;R$ 0,00;R$ 0,00
23088.004700/2017-11;2017;"Coorientação do trabalho ""Analise da resistência à flexão e fissuração em vigas com fibras de bambu";VALQUIRIA CLARET DOS SANTOS;IRN;01/04/16;01/03/17;Sim;R$ 0,00;
23088.005802/2019-15;2019;Wrecking Ball - Competições em Concreto;VALQUIRIA CLARET DOS SANTOS;IRN;25/02/19;09/12/19;Não;R$ 23.862,27;
23088.007842/2016-41;2016;Projeto de Combate a incêndio;VALQUIRIA CLARET DOS SANTOS;IRN;12/04/16;09/06/16;Sim;R$ 0,00;R$ 0,00
23088.011518/2018-99;2018;Wrecking Ball - Competições em Concreto;VALQUIRIA CLARET DOS SANTOS;IRN;26/02/18;07/12/18;Sim;R$ 10.000,00;R$ 15.331,91
23088.015268/2017-85;2018;Wrecking Ball - Competições em Concreto;VALQUIRIA CLARET DOS SANTOS;IRN;20/02/17;01/12/17;Sim;R$ 0,00;R$ 0,00
23088.006271/2019-70;2019;Coleta Seletiva - Campanha de conscientização, engajamento do cidadão itajubense e empoderamento dos catadores locais;VICTOR EDUARDO DE MELLO VALÉRIO;IEPG;29/01/19;31/12/19;Não;R$ 10.000,00;
PD001-2019;2019;Drops de Economia e Finanças do Grupo Denarius;VICTOR EDUARDO DE MELLO VALÉRIO;IEPG;06/12/18;03/12/19;Não;R$ 0,00;R$ 0,00
23499.000492/2017-31;2018;Terça Literária;VINICIUS SOUZA NASCIMENTO;Itabira;07/04/17;15/12/17;Sim;R$ 0,00;R$ 0,00
23088.005401/2019-57;2019;Expressões econômicas e culturais da feira-livre e a importância da formação dos feirantes para a economia solidária;VIVIANE GUIMARÃES PEREIRA;IEPG;12/03/19;31/12/19;Não;R$ 10.000,00;
23088.007822/2017-51;2017;Economia Solidária na Peroba - Itajubá MG: geração de renda e emancipação social das mulheres rurais;VIVIANE GUIMARÃES PEREIRA;IEPG;03/04/17;15/12/17;Sim;R$ 7.659,60;R$ 7.282,00
23088.013127/2018-17;2018;Economia Solidária na Peroba - Itajubá - MG: Fortalecendo as Práticas de comercialização da agricultura familia;VIVIANE GUIMARÃES PEREIRA;IEPG;09/07/18;11/02/19;Sim;R$ 0,00;R$ 0,00
23088.015434/2016-62;2016;II Seminário Sobre Agricultura Familiar e Desenvolvimento Rural;VIVIANE GUIMARÃES PEREIRA;IEPG;05/10/16;07/10/16;Sim;R$ 0,00;R$ 0,00
23088.019261/2016-51;2016;Seminário de Economia Solidária: desafios e perspectivas;VIVIANE GUIMARÃES PEREIRA;IEPG;10/11/16;10/11/17;Sim;R$ 0,00;R$ 0,00
23088.024064/2018-16;2018;II Seminário de Economia Popular Solidária e V Encontro de Grupos Incubados;VIVIANE GUIMARÃES PEREIRA;IEPG;26/11/18;27/11/18;Sim;R$ 2.382,72;R$ 2.382,72
23088.008687/2017-61;2017;Participação no curso de curta duração - QPSE - Geração Térmica II;VLADIMIR RAFAEL MELIAN COBAS;IEM;08/03/17;10/03/17;Sim;R$ 25.991,32;R$ 25.991,32
23088.008773/2017-73;2017;Participação mo curso de curta duração - QPSE - Geração Térmica I;VLADIMIR RAFAEL MELIAN COBAS;IEM;13/02/17;17/02/17;Sim;R$ 17.518,72;R$ 8.759,36
23499.001071/2017-27;2018;SEMECO - Semana da Engenharia de Computação;WALTER AOIAMA NAGAI;Itabira;15/05/17;01/09/17;Sim;R$ 0,00;R$ 0,00
23088.021102/2019-60;2019;Divulgação científica nas paredes do IFQ;WILTON DA SILVA DIAS;IFQ;10/10/19;01/01/21;Não;R$ 0,00;R$ 0,00
23088.001813/2018-37;2018;Equipe Uirá - Projeto Sae Aerodesing;YOHAN ALI DIAZ MENDEZ;IEM;21/11/18;30/01/19;Sim;R$ 10.500,00;R$ 10.000,00
23088.005908/2019-19;2019;Equipe Uirá - Projeto SAE Aerodesign;YOHAN ALI DIAZ MENDEZ;IEM;01/02/19;30/01/20;Não;R$ 10.000,00;
23088.001103/2019-98;2019;Interpretação Simultânea Português - Espanhol para a Tradworks;YOHAN ALÍ DÍAZ MÉNDEZ;IEM;28/01/19;31/01/19;Sim;R$ 1.800,00;R$ 1.800,00
23088.020935/2016-61;2016;Curso de Qualificação em Sistemas Elétricos - Estabilidade e Dinâmica de Sistemas Elétricos II;ZULMAR SOARES MACHADO JÚNIOR ;ISEE;19/09/16;23/09/16;Sim;R$ 2.450,00;R$ 2.450,00
23088.023528/2017-96;2017;Participação no curso de curta duração – INTERAÇÃO DO GERADOR AO SISTEMA ELÉTRICO;ZULMAR SOARES MACHADO JÚNIOR ;ISEE;21/08/17;25/08/17;Sim;R$ 5.520,00;R$ 5.048,15
;;;;;;;;;
